clip_id,split,accent,tier,domain,duration,transcript,has_drug,drug_terms,has_dose,dose_strings,has_negation,has_entity,gender,age_group,country,speaker_id,path
06e79ca6e3f2bc5a6aefbd7be5f1f8e4,test,hausa,A,clinical,5.0,Remains on iron and trivisol.,True,iron,False,,False,True,Female,19-25,NG,312f2595f31afe889ddc07cf08c5603f,/AfriSpeech-100/test/0127104f-076e-45a7-900c-5f30561657b5/4eeab3e487bbe5da2cadbc4ff4a36595.wav
233b65fe511818e326eff9bffdc2bf6f,test,hausa,A,clinical,5.648979591836735,Isolette weaned Q 3 hours so far this shift.,False,,True,3.0 hours,False,True,Female,19-25,NG,394aa3293e18be269c91b52e9d284440,/AfriSpeech-100/test/faeb03ed-ad14-466b-ac41-30a99b43b8dc/92d68090dde5de35638fc8cbd8f5a293.wav
25e6f14ac3404b1e020eb1279816f8f0,test,hausa,A,clinical,3.226984126984127,P - no evidence of failure,False,,False,,True,True,Female,<18yrs,NG,7f3f4a4d4507fc806a65c816515b49f1,/AfriSpeech-100/test/d3478401-b9bd-4f6a-a921-de4d9cb693c4/348059f3c7a475304738ea1296a7a0e5.wav
27984ad90703cedf54d2c84bfc6e1a3c,test,hausa,A,clinical,11.0,Self-limiting Runs of V-Tach  K+ 3.8 in labs checked at this time repleted with 40 meq of K-Dur.,False,,True,40.0 meq,False,True,Male,19-25,NG,2c67ec7eb6c8af6dfdf7cd455a98ecdd,/AfriSpeech-100/test/b916579e-62a7-45ac-8ca6-3d91e17b7fdc/41ffc1b230e9b1af6a96ab34c09d8cec.wav
27a69c2d378ad815e50f2c5f1c8681c4,test,hausa,A,general,11.496984126984124,"Though swiftly declared wanted after any collapse, the cases against the developers are usually not followed through conclusively.
",False,,False,,True,True,Male,19-25,NG,51d1fc528322408f513b18ab77ffaec9,/AfriSpeech-100/test/1e025069-6b6e-46c1-a22f-d55336c98eef/88d00cfbe86e8658b740c5921bf4dcbe.wav
320840b5470cf91679cb154ecddc4d86,test,hausa,A,clinical,15.0,ELEVATED INR: The patient was given 8 units of fresh frozen plasma with correction of INR.,False,,True,8.0 units,False,True,Female,19-25,NG,394aa3293e18be269c91b52e9d284440,/AfriSpeech-100/test/d098f85a-1203-45ea-b7dc-91bd2ea1b093/77208b0514dc388c5533d2a5a4c2b55e.wav
3460e423c9c3b90911acf68bc70d3723,test,hausa,A,general,10.65498866213152,"It is fair to add that many religious organisations only seem to follow the offerings, and not the welfare, of their congregation these days.
",False,,False,,True,True,Female,19-25,NG,12fe61a50ebfb1d4b0f7d13e146875ad,/AfriSpeech-100/test/56be4d8c-a055-4a6c-bfa8-b58f5a6ca54d/0b97d753f007a0b06b1ddb0ddfa03e83.wav
425756185ac6e34dd2742f59bc7381f8,test,hausa,A,clinical,10.061995464852608,"To prevent corrosion of the battery terminals and connections, lightly coat the metal surfaces with petroleum grease, e.",True,petroleum,False,,False,True,Female,26-40,NG,2a677183e6b91a6ca311261f786dff08,/AfriSpeech-100/test/a73874e9-9b9f-4e1d-b8f1-4421896a53db/5d3ade341cff30b67dd96fcd1d55b522.wav
59d081768f7130a72f303349f532e0b1,test,hausa,A,clinical,17.65498866213152,"Warfarin Coumadin:Three options: Avoid 3 days prior to operation and resume postoperative day 2 admit preoperatively and change to heparin, which can be held only a couple of hours ahead operate through coumadin.",True,warfarin,True,3.0 days,False,True,Male,26-40,NG,67bdae2d1538c647188ae9577d605c8c,/AfriSpeech-100/test/9e6053b1-b42f-4b24-93d3-b1eb88aa389b/e8740fb403888742ec90295f0065c119.wav
8132758125fa0e3156821052a383f9ef,test,hausa,A,clinical,9.738979591836737,"Encounter for supervision of other normal pregnancy, first trimester. TABLET, ORAL-28 CYCLAFEM 7/7/7, ETHINYL ESTRADIOL; NORETHINDRONE, 0.035MG,0.035MG,0.035MG;0.5MG,0.75MG,1MG. Displaced fracture of lateral condyle of unspecified femur, subsequent",True,estradiol|norethindrone,True,0.035 mg|0.035 mg|0.035 mg|0.5 mg|0.75 mg,False,True,Male,19-25,NG,948a1084107579f007e65f5618e10305,/AfriSpeech-100/test/7d0b4739-5bdb-46c2-b1f7-7f4537132b4f/1631b075ae233e27d7ecee74335cdf3f.wav
8b05bff172782a130ebf50e8aeba14a8,test,hausa,A,clinical,13.126984126984128,"A suicide note found at the scene referenced multiple medical problems as well as suggested ingestion of beta blocker, muscle relaxant, and Neurontin .",True,neurontin,False,,False,True,Female,26-40,NG,f2c61c716636428e14be3643792b2662,/AfriSpeech-100/test/3c06c2db-c211-47e5-8228-a3aee5097421/2eaab0ff04238b2619a7d530e1521970.wav
8d34da67104c808c64ab42eb49a251aa,test,hausa,A,clinical,20.35498866213152,3 FENs/o: Cont on 150cc/k/d-- PE 30 with Pm-- abd full/soft.,False,,True,150.0 ml,False,True,Female,26-40,NG,fd72f22b2ae4a523d555c4bc6519fc80,/AfriSpeech-100/test/1f314531-a954-4ca4-97bf-03ddc1970b2a/751485e25fa767eb1b5adde530f62c81.wav
8f938b62694f880c6488230b1a167846,test,hausa,A,clinical,14.372993197278912,"Ileal pouch anal reconstruction is not recommended in these patients because of the risk for development of Crohns disease within the pouch and the high risk of complications, such as fistula, abscess, stricture, pouch dysfunction, and pouch failure.",False,,False,,True,True,Male,41-55,NG,61d4a10ff59af48da195da0582a6d3a9,/AfriSpeech-100/test/f3e20112-285c-4495-8210-b75c3c1182da/edcc3aa2530d8c010d44e2addc803b18.wav
950669fd990036359a84fc27a609d98b,test,hausa,A,clinical,18.23698412698413,"Nondisplaced fracture of unspecified ulna styloid process, subsequent. TABLET, EXTENDED RELEASE, ORAL REQUIP XL, ROPINIROLE HYDROCHLORIDE, EQ 12MG BASE. Exposure to excessive natural heat, sequela",True,ropinirole,True,12.0 mg,False,True,Male,26-40,NG,54494a8026967974d1ac5260c755c00f,/AfriSpeech-100/test/efa50d18-4ed3-4011-bbbc-8cdc5097bba5/0711c08cf07c4838e99ac2b1a9496a5d.wav
957f35f6f15f3598a944d8e025c18c1e,test,hausa,A,clinical,6.780997732426304,Ebe Iebonaem 113 days old- CGA43wks.,False,,True,113.0 days,False,True,Male,19-25,NG,c6dbb6cac1b7f87db1297f6fdd5fb5f3,/AfriSpeech-100/test/c0443761-1005-4cb7-bff6-2958324dcd70/0a6e0ee2ba1018f6fcfee7ed3e2c6940.wav
95fa8e2c87066c1af0f44e735ee21a99,test,hausa,A,general,11.317981859410429,"May Almighty Allah make it easy for us to observe good deeds at this period of the first 10 days of Dhul-Hijjah and grant us the benefits. Ameen.
",False,,True,10.0 days,False,True,Female,26-40,NG,a326497b1fd0fe22beb81db3426d1ded,/AfriSpeech-100/test/ecbdbb1d-1945-486a-8497-8b3ba7c455e1/6c3be4491fc9e4e006a495d6892235a1.wav
9a375dac7ab12b6d59cffdb932f4d50b,test,hausa,A,clinical,9.162993197278912,Started on vancomycin and zosyn for concern of infection but given the lack of systemic symptoms this is unlikely.,True,zosyn,False,,False,True,Female,26-40,NG,f2c61c716636428e14be3643792b2662,/AfriSpeech-100/test/e3fd0e44-3918-475a-978f-cd816517a1f8/8cd2ca3d1850f2d96b587f95e1195962.wav
a353deca19dba9aaadeba0044ccefe20,test,hausa,A,clinical,10.531995464852606,"Thus, the total solute concentration of the uid in the proximal convoluted tubule does not change as the uidmoves toward the descending loop of Henle.",False,,False,,True,True,Male,,NG,c2f30decb10e578b00133eadaf17fe2e,/AfriSpeech-100/test/f9868fd6-c7b9-4768-aa2c-163fd61acafd/d267e4d485ed3233a1c88cbedb03efaa.wav
a8c855fb76476df248ee0277b5d8b74a,test,hausa,A,clinical,20.98897959183673,"Unspecified superficial injury of unspecified elbow, initial encounter. TABLET, ORAL CIPROFLOXACIN HYDROCHLORIDE, CIPROFLOXACIN HYDROCHLORIDE, EQ 750MG BASE. Pedestrian with other conveyance injured in collision with pedal cycle",True,ciprofloxacin|ciprofloxacin,True,750.0 mg,False,True,Male,19-25,NG,860c7f3df5e96168995eb63fa83d88f4,/AfriSpeech-100/test/d181d043-3ca0-4f5a-973c-58a25fcb2140/c37aa364cb6d6a802ca16d1c72c6338f.wav
b4c2f327368753233244635f8bd0e980,test,hausa,A,general,20.922993197278917,"He is not on any medication, he is a student, does not smoke cigarette not takes alcohol. next line. Assessment: Malaria. Next line. Signed: Dr Mongoe Okojobe
",False,,False,,True,True,Female,26-40,NG,a080273ce4523dedd796fff544efb04e,/AfriSpeech-100/test/e2db2211-4691-4c74-9f82-e20290074812/82e15ab47ba8a19cbe13b2659d0d6683.wav
b89670db369c7e025fb0d74ca94533af,test,hausa,A,clinical,8.254988662131518,"SYRUP, ORAL CHILDREN'S CETIRIZINE HYDROCHLORIDE ALLERGY, CETIRIZINE HYDROCHLORIDE, 5MG/5ML",True,cetirizine|cetirizine,True,5.0 mg|5.0 ml,False,True,Female,19-25,NG,c3d6cbcb386aa2a8711d591ed1e69152,/AfriSpeech-100/test/471b4f2f-5e13-4b85-9839-1692fa3026c6/c70de0633b765c6352b859b3f62d59d4.wav
c0a9d8722ec57a9d7c0014132185a05a,test,hausa,A,clinical,6.0,Her metoprolol and lisinopril were stopped due to hypotension.,True,metoprolol|lisinopril,False,,False,True,Male,19-25,NG,c6dbb6cac1b7f87db1297f6fdd5fb5f3,/AfriSpeech-100/test/cff8f95a-6b9e-4330-9ff8-26a11f8cab84/ec56dd9cca4b9081049eb8ba79a21723.wav
c18453be6b19c1812bdbeb7e32666683,test,hausa,A,clinical,23.62299319727891,CT 02/08/2029: impression: no femoral fracture or dislocation diffuse subcutaneous edema and possible edema of the left adductors and quadriceps muscle are seen without discrete hematoma.,False,,False,,True,True,Female,19-25,NG,7ff516bb34423aadc57f36bcc89a4b9b,/AfriSpeech-100/test/3fce7579-9ed5-4286-bf60-2c151383ab40/53af8707b37bcfddaeed48d3950b6db2.wav
c68f2256b87f8a4adc634437ca9b0f0e,test,hausa,A,clinical,7.142993197278911,fXa level on 8 was 1.9 and dose was decreased to 80mg Hospital Tanda..,False,,True,80.0 mg,False,True,Female,19-25,NG,7ff516bb34423aadc57f36bcc89a4b9b,/AfriSpeech-100/test/5a880664-3900-4129-9097-40387659d62a/c1705da883138de7c67091875775362d.wav
c6e4a13479f20b955c13a901233174be,test,hausa,A,general,13.992993197278912,"He is not a known hypertensive, diabetic or asthmatic, and has not had surgery in the past. Next line. Signed: Dr Ayalucu Onogo
",False,,False,,True,True,Female,19-25,NG,12fe61a50ebfb1d4b0f7d13e146875ad,/AfriSpeech-100/test/34adb620-1be5-4455-86b8-c07184337099/01568c42a1849433d87212ed8f7cae3e.wav
f1c88ce543440298faaed9f743d579de,test,hausa,A,clinical,3.3679818594104307,Continue vanc/zosyn.,True,zosyn,False,,False,True,Female,26-40,NG,f8d3943d9056bbec4c0be28704446bdd,/AfriSpeech-100/test/b8d70656-d931-46a5-9320-da50aaa3e1c2/628a65ac9e27b1bdc20006978aa7966d.wav
f5d36926fb98abbddd16fabda29e3a0f,test,hausa,A,general,5.627981859410431,"When we started, critics said it would not be possible.
",False,,False,,True,True,Female,19-25,NG,177952f9c5e61ab032f733133383e9f1,/AfriSpeech-100/test/edc2201c-6ccc-423f-9cca-4a44d5e74ea3/7a52b2a25c4dfb88ae7030e9882c0cf7.wav
f921ed1237445f75f1a9bf01f51d67b5,test,hausa,A,clinical,4.6189795918367365,ENDO: BG 150s no order for insulin at this time.,False,,False,,True,True,Female,26-40,NG,f2c61c716636428e14be3643792b2662,/AfriSpeech-100/test/97ca5660-1890-430e-96eb-a13c698b974f/79878a41a52acd15daa4d2a226f48053.wav
00a8fbb3c1ab981f953251ab74953aa7,test,igbo,A,clinical,3.160997732426304,Propanolol 20 mg tid,False,,True,20.0 mg,False,True,Female,26-40,US,98a1b67c87be98778e47c3bf9f18f445,/AfriSpeech-100/test/2bf175c2-e560-40c5-b5d0-a067dea7e313/9f8d1e7b8d123948e4c9976ab94b2663.wav
00cb23d4474de886b096a4121ad06467,test,igbo,A,clinical,15.79498866213152,"Traumatic rupture of other ligament of other finger at metacarpophalan. TABLET, ORAL AMITRIPTYLINE HYDROCHLORIDE, AMITRIPTYLINE HYDROCHLORIDE, 50MG. Spastic entropion of left lower eyelid",False,,True,50.0 mg,False,True,Female,26-40,US,98a1b67c87be98778e47c3bf9f18f445,/AfriSpeech-100/test/555e5d86-0098-44bc-8876-5b88191691d6/716bbc27dbaf8d4d5f994179ffad3698.wav
0e3380e30506ef3de8547f5a1851253f,test,igbo,A,general,15.653990929705214,"But whether Me and You and Everyone We Know is punk or not doesnt matter when its so many other things: twee, gentle, quirky, sweet to a point and, above all else, true to Julys artistic spirit.
",False,,False,,True,True,Female,<18yrs,NG,3684eb262075e254ec30c2e66680ae2d,/AfriSpeech-100/test/0cdbdfae-c179-47c0-90ed-9b78e6cf38cb/76c7a063cca39c47996c087e747df062.wav
179596c3ae11859ebda92d8ca8c757d5,test,igbo,A,clinical,7.58,Tube feeds advanced to goal 85cc/hr.,False,,True,85.0 ml,False,True,Female,26-40,NG,b43fcc69613415a6a17dce290b566069,/AfriSpeech-100/test/7d82c289-882b-42a7-bd2b-b925d5bbf63f/036e7e23103cc42cbfe236a9ebee2870.wav
1dda8dca0b084c03fc5ea2a901de6043,test,igbo,A,clinical,27.0,"Other dermatophytoses. INJECTABLE, INJECTION DEXTROSE 2.5% AND SODIUM CHLORIDE 0.11% IN PLASTIC CONTAINER, DEXTROSE; SODIUM CHLORIDE, 2.5GM/100ML;110MG/100ML. Cerebral infarction due to thrombosis of bilateral cerebellar arteries",False,,True,100.0 ml|110.0 mg|100.0 ml,False,True,Female,26-40,NG,7f05bd83b40be5bcb725d0651488499c,/AfriSpeech-100/test/a1bc0f80-c38e-4e0b-bd05-5753d52273ac/5cce16e9fd8299df4ba53fd4b0610e90.wav
36c14ff38c73d6ebc90db41430b058d1,test,igbo,A,clinical,7.592993197278911,GI: ABDOMEN SOFT NON-TENDER APPETITE FAIR BUT IMPROVING NO STOOL,False,,False,,True,True,Female,26-40,US,98a1b67c87be98778e47c3bf9f18f445,/AfriSpeech-100/test/3b6067ab-06b9-4b00-9bc2-88e273523a75/a642a9eb190ff7c69d371bde7949de71.wav
39bf3e3ee7075614072deb7a5280ab60,test,igbo,A,clinical,7.531995464852607,No acute distress  Eyes / Conjunctiva: PERRL,False,,False,,True,True,Male,19-25,NG,b8f384c521b3f81513edf4e7bff4980c,/AfriSpeech-100/test/b7041786-8db0-4b0a-a37e-4dde7603ba02/745f396338e9009f2c41d2fb56d845f2.wav
3dfd04ecb574ea226cdc07a88e9b43d7,test,igbo,A,clinical,5.486984126984127,"SUSPENSION, ORAL CLOBAZAM, CLOBAZAM, 2.5MG/ML",True,clobazam|clobazam,True,2.5 mg,False,True,Male,19-25,NG,336c5e937a3c3d5edd9231c3c42a322f,/AfriSpeech-100/test/fd58d2a0-56b3-47ff-8dd0-4caa61243e42/12291e45b49f3503c19eecf559b2bd54.wav
49361322979184b1e0b395c76128bed1,test,igbo,A,clinical,13.388979591836732,"Doxycycline is the drug of choice, even for young children, despite the theoretical risk of dental staining in children younger than 9 years of age.",True,doxycycline,False,,False,True,Female,19-25,NG,543c037ff44816e8b5ccd0d6cc92fe13,/AfriSpeech-100/test/f1318b37-e808-4089-8b4c-c89b822fc0f7/4e5c54e30c60e780860b21b35b865a24.wav
5726844dc6ed872cbd29dced93713dd1,test,igbo,A,clinical,3.796984126984128,uo 45-60cc/hr.,False,,True,60.0 ml,False,True,Male,19-25,NG,b8f384c521b3f81513edf4e7bff4980c,/AfriSpeech-100/test/0e1a5948-4dd6-4696-81fe-03a329924c93/1a3390628838dc1de8aa39cb5061789b.wav
681828fe9911e1c031e3a1023f5cba16,test,igbo,A,clinical,15.0,"Traumatic arthropathy, left ankle and foot. INJECTABLE, INJECTION CISPLATIN, CISPLATIN, 10MG/VIAL. Driver of bus injured in collision with fixed or stationary object in",True,cisplatin|cisplatin,True,10.0 mg,False,True,Male,19-25,NG,336c5e937a3c3d5edd9231c3c42a322f,/AfriSpeech-100/test/0d5abb66-3c52-4a8b-95f7-6fafe9e9bb5b/efdd596dbc098f5b48edf2e0afd93ecb.wav
6b06a665f4acd27ba438a1e8410936ab,test,igbo,A,general,13.686984126984129,"He stated, Some were discriminated against while others were completely disenfranchised and their teeming supporters, who were amongst the delegates, could not cast their votes while the exercise lasted.
",False,,False,,True,True,Female,41-55,NG,c637c2338eb132d457ac8073df565b70,/AfriSpeech-100/test/d99e395a-bd3f-4af2-98d9-92de83ffc833/cf6c3a737627e0567a725c70da473e48.wav
6b6bd6a9b36dbd20ca8ba0b48a0e83c0,test,igbo,A,clinical,15.0,"Otorrhea, left ear. TABLET, ORAL MILTOWN, MEPROBAMATE, 600MG. Algoneurodystrophy, unspecified site",True,meprobamate,True,600.0 mg,False,True,Female,26-40,NG,ba22ae909a48775fef82a2150fe80c15,/AfriSpeech-100/test/ae1ce804-f2aa-4037-a38a-0ab71ba4af47/7bc0b05ef7e851b84ce880646785a059.wav
6beb2687f186291440c994f823236222,test,igbo,A,clinical,7.561995464852607,CTA was performed and was negative for PE but revealed bilateral upper lobe consolidations.,False,,False,,True,True,Female,26-40,US,98a1b67c87be98778e47c3bf9f18f445,/AfriSpeech-100/test/3cf430c2-acfb-4460-b2df-7aba8fa85704/c2820b82421f9635abe35e2a74603624.wav
7abb65293b6eb423ce5ca2b5a9f238f2,test,igbo,A,general,20.133990929705213,"Those sort of gangbusters numbers have not only made Singh a household name with the younger generations, theyve carried her to professional success beyond the mere reach of YouTube.
",False,,False,,True,True,Female,26-40,NG,e4b9e1fd3ed63829f4c1280fc1d2bce6,/AfriSpeech-100/test/2df4165f-3871-45d4-8f8d-36b6b2c3bdee/bde3ad0b84949c318bac1f873b4d0f95.wav
813cbfeecdbdffe46ec94b654e54df4a,test,igbo,A,clinical,16.81299319727891,"Table illustrates how difficult it is to detect adverse drug reactions with 95 confidence, even when there is no background incidence and the diagnostic accuracy is 100.",False,,False,,True,True,Female,19-25,NG,5fba6247cd42d1468c62a8dc2f4f48b4,/AfriSpeech-100/test/8d1fc78d-23c8-4d04-9dc4-ad5b973e2628/fd0848fa933c7e7b61e1114831b64e4f.wav
83a7819ff8d4e56d1cb5c58d5ea14a28,test,igbo,A,clinical,10.050997732426303,Her urine was negative for infection and with diuresis she no longer complained of nausea or pain..,False,,False,,True,True,Male,19-25,NG,b8f384c521b3f81513edf4e7bff4980c,/AfriSpeech-100/test/e72d0dd9-30cc-4772-9244-38857fee7db1/7fd27fb0a37a48ba6509a2843cdc6d6f.wav
875b9f741ca6fe9ce531dae23c363556,test,igbo,A,clinical,3.394,Pain: pt ordered for Roxicet-has not required any.,False,,False,,True,True,Female,26-40,NG,24fdc792dda976eef4d5a75f37da07cd,/AfriSpeech-100/test/f4696095-8ea3-45bc-9cbf-432afb11f0c7/4f143a4f3c8b788dcb336efdf0b81932.wav
a52cc1bdf941a9b4d76061ddbda05072,test,igbo,A,clinical,9.0,Quetiapine Fumarate 25 mg Tablet Sig: One 1 Tablet PO QHSonce a day at bedtime as needed.,True,quetiapine,True,25.0 mg,False,True,Female,26-40,NG,1e41725da5b058367e6262298750d1ec,/AfriSpeech-100/test/e53506b1-dcae-46d6-a5a0-903ba8a4527a/f76b7bccafef6301f72d72967d9fc5d1.wav
aeffc6466b2f3e6a60d1a381c6688d62,test,igbo,A,general,6.988979591836735,"Empty weight : approximately 9 , 800 lb  4 , 445 kg",False,,True,445.0 kg,False,True,Male,41-55,NG,19fd75c708c8f4dbe91996831a6cab19,/AfriSpeech-100/test/50771fde-742c-446e-bd06-d65047641e77/122af5a4a109d52884c358c1e1fddf97.wav
b53fd41101f96b2aea36486ef2cf32d1,test,igbo,A,general,16.473,"It just makes everything glowy and plump, which is important for me because Im on set all the time, and Im in front of lights, and Im on planes, and my skin dries out and it gets really dehydrated no matter how much water I drink.
",False,,False,,True,True,Female,19-25,NG,7bcb8527b9c32a704009ca30e7a73683,/AfriSpeech-100/test/03c0da5a-b751-4974-bbbb-0aeb474e6bbd/50f63966e98cda6a433ede32f7415346.wav
bba103cc3c5381ab96a3534523d83143,test,igbo,A,clinical,6.463990929705216,Dexedrine 5 mg per day and Motrin 600 mg tid .,False,,True,5.0 mg|600.0 mg,False,True,Female,19-25,NG,840a74be4231abe754a304b8ba1e1195,/AfriSpeech-100/test/97abd478-6c50-404e-be7c-097a0495f47d/9e3b17bc2f88c377383a4d029be65974.wav
bd7164ebfc3bc1eb03c9bc65c4eee3ea,test,igbo,A,clinical,8.0,fluid balance from midnight positive 1300 cc and currently neg 50 cc.,False,,True,1300.0 ml|50.0 ml,False,True,Male,19-25,NG,336c5e937a3c3d5edd9231c3c42a322f,/AfriSpeech-100/test/d6e9de0c-6669-4e1a-82ef-d6459a02465d/e6d1570a3b2b3067b408f6cbbf163631.wav
beddeac62f5277f00a937c79f65eaa98,test,igbo,A,clinical,3.3079818594104307,not candidate for bedside PICC.,False,,False,,True,True,Male,19-25,NG,336c5e937a3c3d5edd9231c3c42a322f,/AfriSpeech-100/test/e330fbed-2f12-4353-908f-ed89bda7e11b/15e6f33feb7e00215672dee94bea3ce5.wav
c2093acb790a4bbcaf0367cecfa15793,test,igbo,A,clinical,6.99498866213152,Denies chest pain dizziness or lightheadedness; no palpitations.,False,,False,,True,True,Male,19-25,NG,599d5547659a101bfaa735ff4515a007,/AfriSpeech-100/test/b8558eba-d470-438b-b219-682ecbc78af8/920e171f316d1aa6e7dfb056373bf0ea.wav
c47e225f1fdd18aa59a04019c6f785d8,test,igbo,A,clinical,6.095986394557822,PRN morphine tylenol and toradol administered with good effect.,True,morphine,False,,False,True,Female,19-25,NG,039c5e94de69d3b50afbae27aad17130,/AfriSpeech-100/test/a85b6a24-a932-4b32-8935-bb2c8bd80799/6f5226510fd435167614de7f18880250.wav
ce44e5e5a82a4afd35c8538c0c3cbeee,test,igbo,A,clinical,12.760997732426304,Third generation Antidepressants Venlafaxine: it is currently available in a slow release preparation that enables once-daily dosing.,True,venlafaxine,False,,False,True,Male,19-25,NG,d308b41066230e23aba50bcbce7f6cd0,/AfriSpeech-100/test/5e97f43b-f391-426d-b817-f5290716a305/21e2f2d4f7b51b12ff4ef32c53752b87.wav
eda5cd7e0be3da8b39ad74b2d5c37381,test,igbo,A,general,16.11,"Thanks to the hard work and dedication of NHS staff, hospitals have not been overwhelmed and intensive care capacity continues to meet the needs of patients.
",False,,False,,True,True,Male,19-25,NG,21f8f3e2dea3be6ce259f48a0096c3e6,/AfriSpeech-100/test/8d559458-13d4-48b2-ae11-3ceff7598681/adeed7c7fc95f523d5583aa1e434d22a.wav
00f29afe5b9419051ece6254c7671140,test,ijaw,A,clinical,4.0,Reglan given to advance tube.,True,reglan,False,,False,True,Male,19-25,NG,dee8cc489c4760b8d92a5ac3cd330c17,/AfriSpeech-100/test/8dda9d59-b86e-475e-a2da-7c593706afc1/e66feeab89cb7dca38b968a36aa1a144.wav
155360ba5e8ba376e5850862d4a16924,test,ijaw,A,clinical,10.0,Sunday 07 November 1976 1: 49 PM Challahbah-INTESTINAL TUBE PLACEMENT W/FLUORO,False,,False,,False,False,Male,19-25,NG,dee8cc489c4760b8d92a5ac3cd330c17,/AfriSpeech-100/test/81b2fd65-d5d1-4b6e-b66f-6d72d1b3f951/b15f3014af9cf09ed451f0df7b69261f.wav
1a51f3b98694022da2937b78dcceac59,test,ijaw,A,clinical,7.436984126984128,"Typically, axillary lymph nodes are involved sequentially from the low level I to the central level II to the apical level III lymph node groups.",False,,False,,False,False,Female,19-25,NG,3922d3d682e902fee7524e3b8e77c339,/AfriSpeech-100/test/f681edb6-2d63-4ec3-bf47-b02e8d313173/efc7281c889fb3f7f240e053e8c25dd4.wav
20523bffa88b473a5842269b698df45f,test,ijaw,A,general,4.881,Mr Petri has not publicly commented on the allegations.,False,,False,,True,True,Male,41-55,NG,3fc09086b1e2275270a096748c35eb0f,/AfriSpeech-100/test/7588b59d-a138-4da0-aabd-32ab99af28ff/462fce9781bb0013cd8b26fc1eafed9b.wav
23af1c6428d96f4537acf845c51b9085,test,ijaw,A,clinical,5.330997732426304,isolette turned off.,False,,False,,False,False,Male,26-40,NG,9332cd00c705a223e633a067637d24a2,/AfriSpeech-100/test/0b9d8e71-50c4-4391-9956-2cfb117b5ca9/30f7b813db6d776ac28c8f969d571375.wav
2506c71ecd6600407bd2621dd3398bde,test,ijaw,A,clinical,3.0,Congestion mild no suctioning done today.,False,,False,,True,True,Male,19-25,NG,dee8cc489c4760b8d92a5ac3cd330c17,/AfriSpeech-100/test/a82e8510-df38-45d5-a653-9e375baca282/23a010a566adbabda79a46d5d65082b1.wav
417626ea1dc287624ae2085b5e8b80c5,test,ijaw,A,general,5.825986394557821,"As, no doubt, would the vast majority of Israelis.",False,,False,,True,True,Male,41-55,NG,aae7d5e76206c38b11c7775f860860ac,/AfriSpeech-100/test/a0a54dff-bd57-471f-8105-4b22910ebe41/dfe999a2f4177f2e450bd2f0c1c024fd.wav
442ab52663499c4f3917c4842f9c2216,test,ijaw,A,clinical,6.126984126984127,"Is there a role for palliative gastrectomyinpatientswith stageIV gastric cancer? World J Surg.
",False,,False,,False,False,Female,19-25,NG,3922d3d682e902fee7524e3b8e77c339,/AfriSpeech-100/test/eab430c6-9d27-4bea-bdbf-be73b48c6171/0ece579f992100f7c46f101093a5aae1.wav
44fce3c7ec19dff506083c8a906750a3,test,ijaw,A,clinical,22.260997732426304,"Corrosions involving 30-39% of body surface with 30-39% third degree c. CAPSULE, ORAL AMNESTEEM, ISOTRETINOIN, 10MG. Poisoning by cannabis (derivatives), undetermined, subsequent encounte",True,isotretinoin,True,10.0 mg,False,True,Male,19-25,NG,dee8cc489c4760b8d92a5ac3cd330c17,/AfriSpeech-100/test/bc15c991-465e-4d82-9403-c978463d9692/c4cf0d646ac1f1e3caffa768b497c096.wav
55b4d1d5f1a75607db12f6b7710f5fea,test,ijaw,A,clinical,4.940997732426304,GU: FOLEY WITH CLEAR YELLOW URINE MARGINAL AMOUNTS.,False,,False,,False,False,Male,26-40,NG,d1aea8260fc32ed868aed5a0b33203e9,/AfriSpeech-100/test/8d11fece-0788-44a2-ae3d-5bdf368be4a6/0283436a489a41570c53b91e53300632.wav
5ec5dbfeea5ef5e77ff6cf07c73a49df,test,ijaw,A,general,7.1379818594104325,"According to the information at our disposal, the incident you mentioned was not caused by the PMS people.
",False,,False,,True,True,Male,26-40,NG,d1aea8260fc32ed868aed5a0b33203e9,/AfriSpeech-100/test/bbfe0e18-0c92-4414-be4f-4cbe65dd1511/2f61cdd7b7ae466e7b3bea97e3dc0d4a.wav
63bd1f04d01007bf1a829bf3a0248cf9,test,ijaw,A,clinical,6.314988662131518,7 Resp- Remains on Prong CPAP of 5cms in 21%.,False,,False,,False,False,Male,19-25,NG,1c469c4e88b28b0bb50685be62fec515,/AfriSpeech-100/test/96b9c0b2-90c6-41ee-9cad-b0d5a8f5452c/4c6520281208984781e9b3152518f000.wav
6934807f8bcbf16699578867c7a078e3,test,ijaw,A,clinical,3.132993197278912,He was then transferred to the ICU for further stabilization.,False,,False,,False,False,Male,19-25,NG,1c469c4e88b28b0bb50685be62fec515,/AfriSpeech-100/test/0807ca3e-9ca8-4936-91d4-f80f8fd73a85/35e5a5f22b877d46465d7ceca8f289e1.wav
6b04e26e9a6a0c78b1b053f3bc86534e,test,ijaw,A,clinical,4.593990929705216,A/P: Stable s/p angio no aneurysm found.,False,,False,,True,True,Male,26-40,NG,d1aea8260fc32ed868aed5a0b33203e9,/AfriSpeech-100/test/eb3934d4-4d6b-4f28-b2b7-00603fb63407/3a80a1f87754931a4ea391e8b6f1a230.wav
848d8e540d19383c326cbc913d0f1c0b,test,ijaw,A,clinical,6.738979591836735,She has a thirty pack year history and currently smokes one pack a day and does not drink alcohol.,False,,False,,True,True,Male,19-25,NG,dee8cc489c4760b8d92a5ac3cd330c17,/AfriSpeech-100/test/e932b1a4-1bc2-4a5f-900a-3a1a6ba90a95/37740d0feaad8b742c460af6057ac666.wav
94a84a0f3f82fccfb5d198d9398ac92d,test,ijaw,A,clinical,4.612993197278912,8. Prednisone 10 mg q. day .,True,prednisone,True,10.0 mg,False,True,Male,26-40,NG,d1aea8260fc32ed868aed5a0b33203e9,/AfriSpeech-100/test/45a3a691-044e-475d-88f3-f6c93b4846da/1c7698d0efba09e5c6a2d82b6ff3fc08.wav
97936c2d37f2f43efc1a3f0b0b3c0ca9,test,ijaw,A,clinical,9.66498866213152,TF 150cc/kg of BM 30 +BP 22cc Q4H gavaged over 50 .,False,,True,150.0 ml|22.0 ml,False,True,Male,26-40,NG,d1aea8260fc32ed868aed5a0b33203e9,/AfriSpeech-100/test/c5da6f0c-29d8-48ca-a7a6-a94d8f710136/ba170078b4076396876335307fed956d.wav
a2fb0dd7428a4afcfef9223224d462ad,test,ijaw,A,clinical,11.867981859410431,There is likely variation in the precordial lead placement as compared to the previous tracing of 27/11/1979 and no diagnostic interim change.,False,,False,,True,True,Male,19-25,NG,dee8cc489c4760b8d92a5ac3cd330c17,/AfriSpeech-100/test/02ca8108-9467-41c2-881a-c93b4faad1dc/90fbaa7ed64de39a873911f2b1365bae.wav
a46605b3fdc92295cbd88bb861487e58,test,ijaw,A,general,7.959,"Dr Ewatomi Safiyah made aware of rising Calcium with no new orders received at 23 May, 1985",False,,False,,True,True,Male,41-55,NG,902569a673c51b77169cbdf53cd0646f,/AfriSpeech-100/test/47e726c1-a429-46ed-be56-7120c64dd84d/2a545e97fc0cb879bcf7e0404b0bd024.wav
a725f065187b21c5cda1720bc7307bac,test,ijaw,A,clinical,7.512993197278911,GI: restarted back on tube feeds of respilar at 40cc/hr.,False,,True,40.0 ml,False,True,Male,19-25,NG,712bc9772f89911eab7f667420997748,/AfriSpeech-100/test/3b2918a0-9bc1-4693-ac8f-44f70fc99ea5/0af3f8fa1a61768b1681ec6ddd53d87e.wav
b29c9ccbdadf5706af0da73171953752,test,ijaw,A,clinical,3.0,Will cont to monitor dng.,False,,False,,False,False,Male,26-40,NG,d1aea8260fc32ed868aed5a0b33203e9,/AfriSpeech-100/test/96d42ba2-b1ef-4eb0-90dd-f402d07d08a4/97464cc1a63ca6918b2065b8b7113db9.wav
bfe3e8e78193cbd5085be65385a200f4,test,ijaw,A,clinical,9.598979591836734,CXRs have shown intermittent recurrent opacification alternately of the left and right lungs.,False,,False,,False,False,Male,19-25,NG,712bc9772f89911eab7f667420997748,/AfriSpeech-100/test/7ed54f32-2b92-489d-aeba-77a5a3bae972/0e6fd88414f9676d5e48da8c4d74792a.wav
c4e5db30026158b54bfc69f86dcc3258,test,ijaw,A,general,13.038979591836734,"On March 13, SeaWorld Parks announced it was shutting down Busch Gardens, Adventure Island and SeaWorld parks, and has not named a reopening date.",False,,False,,True,True,Male,41-55,NG,65e6607d4e9a30e9586b26a1e6e9922c,/AfriSpeech-100/test/8084c2a8-2b7a-4f7b-8167-947a4f53e43d/61425092f9ef4c177badb54ac39388b3.wav
c80332f56b08b4af535215343ffdb008,test,ijaw,A,clinical,4.0,BUT HAVE BEEN WNL.,False,,False,,False,False,Male,19-25,NG,712bc9772f89911eab7f667420997748,/AfriSpeech-100/test/4fa358b1-cb3d-414e-9595-47fbbb853bdf/389a0477347063cd6d876330d84b64fc.wav
c9e6be5a8915f5ac8ee4ff3732b8e27d,test,ijaw,A,clinical,13.1,"The descending aorta passes downward posterior to the heart, at first to the left of the vertebral column and then anterior to it, through the thoracic and abdominal cavities.",False,,False,,False,False,Male,26-40,NG,d41fe194f39bbda490137f3578ac93e8,/AfriSpeech-100/test/5fae8dad-2d9c-4f7c-8663-46cdd93428b1/78af99d6fa8f33be10f9da5feb10de4b.wav
cd46e47931741d1adcb0e5ba77a8d010,test,ijaw,A,clinical,3.17498866213152,ETIOLOGYThe cause of PROM is not clearly understood.,False,,False,,True,True,Female,19-25,NG,be568395cd2144eaf4305cbda02ee3bb,/AfriSpeech-100/test/edbc063e-c54d-4760-b60b-43d4a6a3619a/33f2a91339e72dde70aa49034bddc8bf.wav
fba01cb73f0d8d871f0853aa7c80967a,test,ijaw,A,clinical,3.340997732426304,Nutritional aspects in liver disease and liver transplantation.,False,,False,,False,False,Male,19-25,NG,3922d3d682e902fee7524e3b8e77c339,/AfriSpeech-100/test/ecc80fdb-77e8-4fc7-b807-6deda7c6c11f/0f6146b51588c078ba7c081a1f14325e.wav
0bc62a7632b777c66f67cc78b1b032db,test,swahili,A,clinical,7.602993197278912,Magnesium mg 100ml 2225.,False,,True,100.0 ml,False,True,Female,26-40,KE,f00d6ca5ae4bdad6bff0da63644b5956,/AfriSpeech-100/test/b28e7c7a-6150-4479-af33-7c8cc84850ef/7b73df8fd3556949cadc852957d9421c.wav
131f719fec149dda7cc514e849b65fde,test,swahili,A,general,8.627981859410431,"It would be unconscionable to compound the UKs problems by not leaving more time to agree a trade deal, she added.
",False,,False,,True,True,Female,26-40,KE,f6d533e8dea137a94f7750f7a8080361,/AfriSpeech-100/test/b5370baf-230f-4d49-8cec-d6d8a50f21f1/238aa6bd3da8ad7e1531433d67343dc6.wav
1767f075d626c92ebed30b6288ab2ab7,test,swahili,A,clinical,12.618979591836734,"Because suctioning removes secretions not accessible to bypassed cilia, recommendation is toinsert the catheter only as far as the end of the endotracheal tube.
",False,,False,,True,True,Male,26-40,ZA,edf40ba700a67e149a1bbd9fe8c4ee5c,/AfriSpeech-100/test/24ac0233-7f0e-49a0-b0b4-a65a15722332/f9eef25193fd553897fa019b1205f650.wav
1e1f4d7a25294e5853a6c798329b69b9,test,swahili,A,general,9.162993197278912,"She never lets me pick out her stuff, so she would see what she wants and just pick that out, Young-Holmes said.
",False,,False,,True,True,Female,26-40,KE,4e6385ad4c3d86e94b67d95118475404,/AfriSpeech-100/test/44226baf-b0cd-4bb3-bfb3-76c876b449e1/0297cc93d5882bd67b9b4a53460de9eb.wav
21dcea0a9c98e415d126fa38c3e09e72,test,swahili,A,clinical,16.56798185941043,CTA CHEST W and W/O C and RECONS NON-CORONARY; CTA ABD and PELVIS   Reason: eval for dissection Contrast: OMNIPAQUE,True,omnipaque,False,,False,True,Female,19-25,KE,aaaca9dc353411eb473d2a0edc33ac01,/AfriSpeech-100/test/488a2323-37cf-4ebb-9415-b7dc17bafa9e/ada095c1e54a65b38a710d79d87e8d5d.wav
2b1b9ae7cd7fe6f78a8d421c292ec1f9,test,swahili,A,clinical,13.748979591836736,"An elevator should never be used as a class 1 lever, that is like a crowbar, as bone will be crushed and the mechanical advantage is such that the jaw may be fractured Figure 8.",False,,False,,True,True,Female,26-40,KE,f00d6ca5ae4bdad6bff0da63644b5956,/AfriSpeech-100/test/b43a7e86-b9aa-4518-ad64-a5bfd76e5089/cda7963bcb7d985dcb473d3a5c745f8b.wav
2cb670d452cc50d146a3510276df791a,test,swahili,A,clinical,13.953990929705215,"The appropriate drug therapy to institute initially is which of the following? A, Metronidazole, B, Sulfasalazine, C, Mesalamine, D, Cyclosporine, E Prednisone5.",True,metronidazole|sulfasalazine|mesalamine|cyclosporine|prednisone,False,,False,True,Female,26-40,KE,4db41deac97447fc0ac8f55d57576175,/AfriSpeech-100/test/4143dd1f-1b3c-4d6d-8b70-df4661e5ebc1/0fcca1f7744b33c80335cedb49369dee.wav
2e75f34dd0eb98b8bcc2294340dec033,test,swahili,A,clinical,16.196984126984127,"Although any given patient or animal either will or will not respond to a given dose, a comparison of individuals within a population shows that members of that population are not identical in their ability to respond to a particular dose.",False,,False,,True,True,Female,19-25,KE,277a1d9be665b4ea1c044b7d846a275d,/AfriSpeech-100/test/09b2950f-e573-4179-b942-f74337207c9d/34fa3c4bbee5a04031cc2f9bf4f73cbd.wav
2f11308426efe80f4c4a23795b245383,test,swahili,A,clinical,5.12498866213152,Pt completed course of dilantin after injury no siezure activity noted.,False,,False,,True,True,Female,19-25,KE,5879cae29103f47763706b63ea87276f,/AfriSpeech-100/test/820107fb-6483-4c35-8030-0ae2ce5fb5e5/68cb5eb119c9002fc8e4a7bc9ffd37ee.wav
399eeb18cb0fb018270ccd9ea1861256,test,swahili,A,clinical,16.820997732426306,"No one passenger moves from the door to the rear, but the crowding and transfer of energy from person to person forces even those at the rear to move a little, like the sodium ions at the next node.",False,,False,,True,True,Female,19-25,KE,de0c91739ad43faaa94ddf780278de2a,/AfriSpeech-100/test/034217ea-bded-4684-9265-455b59a246da/e49327291e95818c5e893ce57afd8275.wav
3aec03bca0a2a5e03e719c2075b5ac18,test,swahili,A,clinical,6.642993197278911,Internal hernia is the term applied for herniation that does not present on the external surface.,False,,False,,True,True,Female,19-25,KE,b9b4533811758c0481418724573c76de,/AfriSpeech-100/test/9babb59d-c6bd-4746-b795-2cb3f65ff9e2/873fd4e8985d459be8819be9d6aa1c93.wav
439ba5f71d1d55733b83ceb7d3eba324,test,swahili,A,clinical,8.072993197278912,"Adverse effects side effects are not a major problem, and they can be minimized by graduated dosage increases.",False,,False,,True,True,Female,26-40,KE,55f7aa2adf3f00194f8fe98eb32970fe,/AfriSpeech-100/test/401b8ec7-b51b-432d-8a6e-79cdb3551d3e/401334dbcf085c598f19744df543adb5.wav
4e3b6e2d9fcb97c87a269b1e0747e762,test,swahili,A,general,7.67,"The duration of lactation is about 200 days, and the young leave the burrow between 180 and 240 days.",False,,True,200.0 days|240.0 days,False,True,Male,19-25,KE,4a6ec596f336fea1e3e9b55be5c65a1a,/AfriSpeech-100/test/dd76c065-6567-4a9b-ab5b-93e4344ff7ec/1a23f65b8373efbab46bd1152ff3edcf.wav
5dce81d882d87594aaa93edfd369a364,test,swahili,A,clinical,3.5869841269841274,Never leave child alone in the bathtub.,False,,False,,True,True,Female,19-25,KE,6b2a5c9a01566b40657891836072369c,/AfriSpeech-100/test/1dd07ae1-a16a-48de-82ad-8a1741d8abed/f4c262bc1d5f917b668de9ce11f35c20.wav
63bd3c234d1d89a65ce8563f55787ac8,test,swahili,A,clinical,4.138979591836734,HR 100-160's no murmur noted.,False,,False,,True,True,Female,19-25,KE,aaaca9dc353411eb473d2a0edc33ac01,/AfriSpeech-100/test/ced3e683-2f44-4953-b2a1-2a9b8ddba4e0/3cee0d6210474084f7acfb65aa57590a.wav
6afed7fe39a177c3d510b925d8267a94,test,swahili,A,general,12.713990929705217,"Etander Ayale Other Antimalarial drugs include pyrimethamine, proguanil, chlorproguanil, and trimethoprim
",True,pyrimethamine|trimethoprim,False,,False,True,Male,19-25,KE,3f7c48c903ef6a5f454d5fd7c744c532,/AfriSpeech-100/test/de04e824-0565-4834-9505-9573a76aae1c/c31f9862c5f9ed6054234a69e956da99.wav
723a3ec3156f72ef6828899f45206964,test,swahili,A,clinical,5.850997732426304,Coronary bypass surgery with or without surgical ventricular reconstruction.,False,,False,,True,True,Female,26-40,KE,e327391ed896bd21660eafde1d08a243,/AfriSpeech-100/test/56a4cf48-4a19-4e3c-9237-d486dcfe15ef/bc8a7b5416faf46177acc1e80d184c40.wav
88fff98f24f6cf178ac806f158823ebb,test,swahili,A,clinical,7.930997732426302,The patient dies 5 days later from respiratory complications.,False,,True,5.0 days,False,True,Female,19-25,KE,58eb07bfda12ce0b5ba608b3add37781,/AfriSpeech-100/test/ba607d82-5385-4e06-b668-0a16f9bcb44f/4aae4d284f00dbb21a1784d080456ba4.wav
96c0239bebf9812f391113c433a60ac3,test,swahili,A,clinical,5.814988662131518,UO 3cc/kg/hr this shift no stool.,False,,True,3.0 ml,True,True,Female,19-25,KE,aaaca9dc353411eb473d2a0edc33ac01,/AfriSpeech-100/test/74fdc571-d9ce-4b95-bc8c-a0db828bb024/2954f1df58f419d8caebdc751731d43e.wav
ae325b61688d7cdf1c957b28284fab2b,test,swahili,A,clinical,12.295986394557824,"Most, if not all of the sequelae of chronic immunosuppression that occur in lung transplant recipients are similar to those occurring in other groups of solid organ transplants.",False,,False,,True,True,Female,26-40,KE,e327391ed896bd21660eafde1d08a243,/AfriSpeech-100/test/6b12dd12-3c78-44a7-b8e8-7401347e15ae/187c74c2e4db2e31883c9afc91b7749b.wav
c361cf1ef4cfa79c13cac6ea5f92ff83,test,swahili,A,clinical,15.348979591836734,Abnormal renal function has been noted when foscarnet is used with ritonavir or ritonavir and saquinavir.,True,ritonavir|ritonavir,False,,False,True,Female,41-55,KE,e77b7a02e13a4619d98b0177a76cc67a,/AfriSpeech-100/test/53033118-28ad-49fc-97ce-1a1bd23cd8ea/e6ce7e970eeaadbcc589ede035c43d17.wav
c8bc671bb9c88eb4ee2f3f7acf2b2d83,test,swahili,A,clinical,9.706984126984128,Patients with a history of cardiac arrhythmias or recent cardiac infarction should receive levodopa only when absolutely necessary.,True,levodopa,False,,False,True,Female,19-25,KE,6b2a5c9a01566b40657891836072369c,/AfriSpeech-100/test/85b6b58f-6119-44c0-b00b-0a24b486d5d8/3a558c667f33f4317d9651fd7cbb5e59.wav
cc47565e8d7adaaaf7309137e1c21d0c,test,swahili,A,clinical,9.356984126984129,77. Isolated intestinal transplantation is used for patients with intestinal failure who have no significant liver disease or failure of other organs.,False,,False,,True,True,Female,19-25,KE,5879cae29103f47763706b63ea87276f,/AfriSpeech-100/test/cb7d27f8-a916-4af2-a0f1-5dcea4a1b0f3/10c248002bbaacad4fb30be60f75bc06.wav
d51141cb8b8c69ccbae5e69b3a85832f,test,swahili,A,clinical,11.951995464852608,", CGH, RFLP lose sensitivity if the proportion of DNA contributed by tumor cells is not 80 of the total sample DNA.",False,,False,,True,True,Female,,KE,8f9b3999070f74dc83d1657a36880fa3,/AfriSpeech-100/test/8982be6e-fe4d-43f4-bb9e-9b602b06f1b2/c775c621f1b4c1bdfd6185ed90e1459f.wav
e235ca5879e5ab635a97d0467e147d33,test,swahili,A,clinical,4.502993197278912,Do not leave the tourniquet on for more than 60 seconds.,False,,False,,True,True,Female,26-40,KE,e1c00fb2bb781c956d9f1cf477711cea,/AfriSpeech-100/test/7c0d6797-8e01-4a46-89b3-b9d97b9a7127/dbf1a37a35720139961b356304c75cbf.wav
fe691b1c80b20d7f4eefc0066d839b4e,test,swahili,A,general,21.153990929705216,"History of Present Illness: Mr. Sokeloo Erufa 68 year old male with no known significant past medical history who presented to the Hospital Bekwai ED on 15 March 2011 for acute stroke at 13: 40.
",False,,False,,True,True,Female,19-25,KE,a255491df18f9e1d39e0b2ec07912692,/AfriSpeech-100/test/d5c467b5-087d-4860-ad33-229d94a7de9e/8a1ad85d776706310c72bcbb6676c7d9.wav
25dead43f9b4f15ff2360caf740a560c,test,yoruba,A,clinical,10.0,"SOLUTION, INTRAMUSCULAR HYDROXYPROGESTERONE CAPROATE, HYDROXYPROGESTERONE CAPROATE, 1250MG/5ML (250MG/ML)",False,,True,1250.0 mg|5.0 ml,False,True,Female,19-25,NG,16fb9a90b97ac641910a7d0ea618ef0f,/AfriSpeech-100/test/f60026d5-28cc-4c42-b7ff-cfb0a73a24cd/3166243409f3060e356627789c8e5853.wav
2eed62adea9bb14af1995a7556a5d67b,test,yoruba,A,clinical,4.0,Patient denies night sweats in the past month .,False,,False,,True,True,Female,19-25,NG,16fb9a90b97ac641910a7d0ea618ef0f,/AfriSpeech-100/test/630cdbf4-0f0a-41c6-83ac-10ede63728b9/8850e8ab436977e5ab76b330dfb22b1c.wav
3b09d44d3e3adce79a0fb0cfe57e793e,test,yoruba,A,general,15.579,"While performing Yope song, the newly crowned 2019 African Player of the Year Sadio Mane could not help but joined Diamond on the dance floor a situation which highly sparked the entire occasion.
",True,diamond,False,,True,True,Male,19-25,NG,37f9c26abd9a0bbd27f725990eb11dbc,/AfriSpeech-100/test/153f3135-4750-4894-8fe6-f4bd5075517c/06f7442e3544605be8f30ce99b7500dc.wav
47336a19e6de775ce619938a93f921e7,test,yoruba,A,clinical,11.292993197278912,"Oral lesions, which rarely appear without the rash mainly affect the tonsils, lateral borders of the tongue and lips.",False,,False,,True,True,Female,19-25,NG,b211756231b0306c727d2d56c229fad2,/AfriSpeech-100/test/716992f5-6f63-4cae-bca2-ca1f7bcb05a7/e0a911d1e9860071c284715fe223224c.wav
48806c3ddbaa78bf3c285dcf74f01dec,test,yoruba,A,general,8.745,"If the body is still not well take one per day for a few more weeks if needed, but not for a longer period.",False,,False,,True,True,Other,41-55,NG,557083b21d251bcf9fe2c0f90dd3d887,/AfriSpeech-100/test/04cefcfc-d6ce-4e9f-bd4c-0c3305acaadb/6306d72012586dd238f5d0b151b8ba36.wav
4fece74d74539de7b4257aa93e5a0f18,test,yoruba,A,clinical,9.123990929705217,Common-sense rules for prescribing do not apply only to the elderly but are especially important in this vulnerable group.,False,,False,,True,True,Female,<18yrs,NG,02982b34ff5fa9aaa8d13606d8bdb166,/AfriSpeech-100/test/13e4f406-dfd2-421f-9e90-4479b1f17664/a44699f9364fee969d0f7ce386d09c08.wav
50fa7685106848e05f28bd76763ee89d,test,yoruba,A,clinical,3.505986394557824,covering with sliding scale. No drip at this time.,False,,False,,True,True,Male,19-25,NG,2d2273cd4c6325b5abff7560fe988b56,/AfriSpeech-100/test/66b0079e-70d1-4f84-96b4-26a0fe952334/2ad3db55b9c0f2b3e043b26b2cde7c94.wav
532a2c6223d6cf5a2eef3a35acc106ee,test,yoruba,A,clinical,4.867981859410431,Radiographic changes do not appear until after at least 10 days.,False,,True,10.0 days,True,True,Female,19-25,NG,ecaae531204223151790209b4fd2215b,/AfriSpeech-100/test/ca68d70c-8619-4ef6-b781-07819e3932cb/b8c8e49b72dd61c27780a84293c867ff.wav
5f64f9fc4a594adc778f0a2700d116e6,test,yoruba,A,clinical,17.11498866213152,"Complete lesion of L1 level of lumbar spinal cord, initial encounter. CAPSULE, ORAL AGRYLIN, ANAGRELIDE HYDROCHLORIDE, EQ 0.5MG BASE. Pedestrian on roller-skates injured in collision with railway train or",True,anagrelide,True,0.5 mg,False,True,Female,19-25,NG,036d43fc36ebee61324f5819a72ba782,/AfriSpeech-100/test/c7434dec-fcdc-42c3-b852-d06de4a32a80/1397dae3f678d1ed1c123098ee7a5364.wav
63a2e9a375b665c32e1a176423c8fbdd,test,yoruba,A,clinical,7.350997732426304,"Unlike other receptor tyrosine kinases, HER 2 neu does not have a direct soluble ligand.",True,tyrosine,False,,True,True,Female,19-25,NG,ae57ec14e05749cb207d36d1ac03d004,/AfriSpeech-100/test/1849d705-fb0c-420a-a5d5-4c0693ca0faf/f282801fd6d7ebff52c422e4b809f5a5.wav
660a4f125c61654b1ccc5df0cdd955bd,test,yoruba,A,clinical,10.613990929705215,"CARDIAC: colour pinks pale well, perfused no audible murmur on exam pulses palpable x4 cap refill 3secs mucous membranes pink and moist.",False,,False,,True,True,Female,19-25,NG,ae57ec14e05749cb207d36d1ac03d004,/AfriSpeech-100/test/f3d74f92-7f74-4695-b5a5-42cc86fc73b8/76daf91d229f0286133fd9279ce9fe4e.wav
68d7b378f686a4ea235df042be92df7c,test,yoruba,A,clinical,10.105986394557824,U/O 30-60 ml/hr all night.,False,,True,60.0 ml,False,True,Male,19-25,NG,5d0c962046700ec14498495c85c14f09,/AfriSpeech-100/test/3432371e-166a-409d-8a1e-29f128e6424f/fc1b3aeb8529920895e5686ea9ae14f3.wav
82faa4bc24f3ce811e8e07503edfbebb,test,yoruba,A,clinical,21.54698412698413,Discharge Diagnosis: PrimaryMRSA sepsis with cervical abcsess and cervica osteomyelitis as well drained paraspinal abscess in lumbar spineGram negative sepsis not fermenter not pseudomonas,False,,False,,True,True,Female,19-25,NG,5072b7fac65b7604c1581691414be70b,/AfriSpeech-100/test/641dbbe8-ee69-4d15-8356-5a93e8ccf28d/8e8700b5a1ceca0b37abaebb74229ebc.wav
93c43bd94eaaab1cb53328ea72a27dcf,test,yoruba,A,clinical,13.222993197278912,"Unspecified superficial injury of right hip, initial encounter. TABLET, ORAL KETOCONAZOLE, KETOCONAZOLE, 200MG. Other specified injury of blood vessel of unspecified finger, initial",True,ketoconazole|ketoconazole,True,200.0 mg,False,True,Female,19-25,NG,036d43fc36ebee61324f5819a72ba782,/AfriSpeech-100/test/cdeca704-2a69-462f-aada-6b322b787868/f5409d5d2fdf3ab4aab3c857bc9ab457.wav
93cd3ed3b7a6575d02bb23a2594b31d9,test,yoruba,A,general,13.272993197278913,"The UK governments Culture Recovery Fun announced 10 days ago specified that Secret Cinema was to receive an allocation of 977,000.
",False,,True,10.0 days,False,True,Male,19-25,NG,5d4f114b928c1dbaf75b04157617c885,/AfriSpeech-100/test/4af317a0-f871-4a46-9d25-a763f55a12b0/a0decc87b828ed372eb0a8720c697213.wav
9d62c73869bfa4589aee1a01b7a44c1a,test,yoruba,A,general,14.159,"Mr Macaroni tweeted, Just reading that St Francis Church in Ondo State has been attacked Multiple people have been killed Im not even sure of the numbers.
",False,,False,,True,True,Male,19-25,NG,105a878e82b335d231e3a4805acbbb0a,/AfriSpeech-100/test/8d900b25-ec34-4945-b101-4940838ff474/43953ce734b458daf93fb857a436240c.wav
b9fbfa440d2ba2a19ff2e1f37ee2edf4,test,yoruba,A,clinical,27.0,"Poisoning by other primarily systemic and hematological agents, accide. TABLET, ORAL-28 ZOVIA 1/35E-28, ETHINYL ESTRADIOL; ETHYNODIOL DIACETATE, 0.035MG;1MG. Other injury of intrinsic muscle, fascia and tendon of other finger at",True,estradiol,True,0.035 mg,False,True,Female,19-25,NG,ae8f317cba93e9f9a147ebc79a1e79c7,/AfriSpeech-100/test/952bfe94-80c5-4868-8a64-085f7f509a82/0cdfe48220e4af8368fb985549b51b16.wav
c2cc345671d456fb13daafe8657d0b7c,test,yoruba,A,clinical,5.0,261-280 mg / dL 17 Units,False,,True,280.0 mg|17.0 units,False,True,Female,19-25,NG,5b880504793f9d682752cb4380350b45,/AfriSpeech-100/test/7d0963c4-6eb8-4885-9081-31c630a61f40/5fb00dcbeb03abbaadcba523fe570fa3.wav
c638fd27f4d7996caa3ec3583be2bb60,test,yoruba,A,clinical,12.211995464852608,"The public demonstration was a failure because nitrous oxide has analgesic properties, but does not suffice as the sole anesthetic agent in every patient.",False,,False,,True,True,Female,26-40,NG,fd049ac397b7a148c4ebbd539fa00b46,/AfriSpeech-100/test/defc5e0a-310f-449c-b5d0-cd45054fe587/f48c719b8d51e6fdbc1abeb1a2c9958f.wav
da96d824075f3a27194aa3105fabdb3f,test,yoruba,A,clinical,4.0,No fracture and normal alignment of the cervical spine.,False,,False,,True,True,Female,19-25,NG,4e4f51614914201ac3087e3e22dcb94f,/AfriSpeech-100/test/04a9e007-db80-40e0-a736-cc1ff644630e/76a93f86f2e397f4a1fdaeb4552e3fcf.wav
dca135e2059101c69a99b599fefb2e63,test,yoruba,A,clinical,10.706984126984128,Other labs: Ca: 8.1 mg/dL Mg: 2.2 mg/dL PO4: 1.8 mg/dL Imaging: 22,False,,True,2.2 mg,False,True,Male,26-40,NG,a61523b99d93020d2898dada7d1a0593,/AfriSpeech-100/test/f842058c-c0ab-4009-9ccb-3b45de40cc14/a09f3a9548066e4e3a188edb38c3f2d3.wav
e5ce8868512511ee2359edb7581199ac,test,yoruba,A,general,11.206984126984128,"The event might not be taking place physically, but you can still Join The Fun online at Virtual Windsor.",False,,False,,True,True,Female,41-55,NG,1eab4ebc542a884b90fac5812b8e1118,/AfriSpeech-100/test/3af27aa8-2429-4f0b-bf7c-26d1331d3f10/8e2f9146da001b0114784fb55116b658.wav
ee9c796e757ac3a2493c10bd9d7029c5,test,yoruba,A,clinical,7.847981859410432,NOSPITS MAX ASPIRATE3.6CC.,False,,True,3.6 ml,False,True,Male,19-25,NG,5d0c962046700ec14498495c85c14f09,/AfriSpeech-100/test/372f5f50-e6ed-45ed-aa0a-0592357cdda2/aa6309daa9d2daf5924374bfd7b872c4.wav
f36039967f4f81776a24fa5f769152db,test,yoruba,A,clinical,11.31,Most causes of conductive hearing loss can be medically or surgically corrected they can be improved or resolved with treatment and without use of a hearing aid.,False,,False,,True,True,Female,19-25,NG,32867d57c693d83f130fddba2dfcb393,/AfriSpeech-100/test/6298b680-9915-45a0-83b4-d7511ae4bce4/5fb609af6a4de8ba0b390f2006267975.wav
f50ecd838b405b25f806c9b0805e9463,test,yoruba,A,clinical,3.744988662131519,Patient did not respond to commands cues or questions.,False,,False,,True,True,Female,19-25,NG,ae57ec14e05749cb207d36d1ac03d004,/AfriSpeech-100/test/a2a91451-76f8-454b-9688-152c0ccf16d9/0f541cc972004b9ba0968b75c2da0ffd.wav
f90956b98a371a04fb2d01be89fe11cf,test,yoruba,A,clinical,6.411995464852607,CON'T TO SUCTION THICK TAN SECRETIONS.,False,,False,,True,True,Female,26-40,NG,6cfc2841301d2ed19b2837eb6251baca,/AfriSpeech-100/test/61f79e9c-6552-4b2f-9553-4af32499fa8b/68fbf3a925d855d79169d9d2a8c846e3.wav
8f0b5eaf4c3efac9966188653abf9958,test,afrikaans,B,general,4.0489795918367335,This has no commemorative inscription.,False,,False,,True,True,Female,41-55,ZA,3fdd9c12cdbdbdc8d068e5c7dfde77c5,/AfriSpeech-100/test/95f7861e-5211-44ee-b091-01ec6f1bbae9/b52cfbc44df40df7b1d4ee336e30f177.wav
9aaf2cdb126cc34675679f50c7ff2bfb,test,afrikaans,B,general,14.677981859410432,"The FDAs data request would make it exceedingly difficult, though not entirely impossible, for a vaccine to be cleared by Election Day, experts say.",False,,False,,True,True,Female,41-55,ZA,3fdd9c12cdbdbdc8d068e5c7dfde77c5,/AfriSpeech-100/test/18807b07-5c0d-4711-bd57-9275396e997e/2d3c2153cbbd39f197550a1e3883d6f7.wav
25735aa40f226325a3c0d19bfb711d78,test,ebira,B,clinical,12.830997732426304,She had been nodding appropriately to questions and localizing pain since awakening and since 0600 has been following simple commands inconsitently.,False,,False,,False,False,Male,19-25,NG,55fab43c6975e5c0400ece0f66541169,/AfriSpeech-100/test/f50b0cc2-a6a3-4ba3-abbc-a1870b828b01/85773e70b3b4cf567aa9352c252107e9.wav
28a0e7c3607b7125515e431edc797640,test,ebira,B,general,13.531995464852605,"The event, which lasted five hours, was also used as a platform to surprise Femi with a rare saxophone as a birthday gift before he sets out on his seven-week American tour.
",False,,True,5.0 hours,False,True,Male,19-25,NG,2d52057aa6deaf9d100ed08c8c94145e,/AfriSpeech-100/test/0908f8bd-6d8e-4ad1-bf5f-31392bba79c4/dda829a33e4d3dde685468a804a9216d.wav
47563df782e059f397a062dc9c49dedc,test,ebira,B,clinical,10.338979591836734,NEURO: PT SEDATED FOR COMFORT ON FENTANYL 500MCQ/HR VERSED 15MG/HR AND MS GTT AT 5MG/HR.,True,fentanyl,True,15.0 mg|5.0 mg,False,True,Male,19-25,NG,55fab43c6975e5c0400ece0f66541169,/AfriSpeech-100/test/f570feba-2518-442a-bf5e-ac608357fb39/b5dd0164e3932de45fcec2139e484dab.wav
867e4b92a79ab543ec87ea8de579525a,test,ebira,B,clinical,25.43897959183673,Subcutaneous heparinization was discontinued on 5 and intravenous heparinization was begun with a 3000 unit bolus with an 1800 unit/hour drip which was monitored by PTTs and adjusted forPTT greater than 60 and less than 80.,False,,True,3000.0 units|1800.0 units,False,True,Male,19-25,NG,55fab43c6975e5c0400ece0f66541169,/AfriSpeech-100/test/139aa925-0aef-4615-8991-a93133d2799b/9e906fd110c44454b9b1c14e6efd2f39.wav
8edfb1fdb8384702d1edb2995b99f128,test,ebira,B,clinical,3.775986394557824,Follow up should be in ten to fourteen days with Dr. Geray.,False,,True,14.0 days,False,True,Female,19-25,NG,b7f05084588d9ff5d0fc1b460906a959,/AfriSpeech-100/test/2aa47947-627a-47b0-ba51-28b76d63ae39/6b38714bc633a6c390f08b1d8fea350e.wav
9dea8cff438f7e22cf9a4d61087d16ab,test,ebira,B,clinical,10.545986394557824,"Over a short period of time, these symptoms worsen, with development of respiratory distress, chest pain, and diaphoresis.",False,,False,,False,False,Female,19-25,NG,2d52057aa6deaf9d100ed08c8c94145e,/AfriSpeech-100/test/f05cf821-3f20-47a3-a280-3b7de5eaae22/de2807bb3e04f386455a900fd1e5b8d3.wav
bf5dddc0e1db7a94bae1da89c7e8b641,test,ebira,B,general,5.734988662131518,Toscanini was not well and forgot how the music went.,False,,False,,True,True,Male,41-55,NG,efdfde5c9a9b5febd7aea836a7b3a10a,/AfriSpeech-100/test/b6b1f0c2-9253-4424-9ef0-618ef84e3e41/fd5a922153f9a921a57763465a541de5.wav
c0a962e9ab1e4b0165f645072d036ce7,test,ebira,B,clinical,5.558979591836735,Boda AWARE AND 5MG TOTAL LOPRESSOR GIVEN WITH SOME RELIEF.,False,,True,5.0 mg,False,True,Male,19-25,NG,2d29457445793d2448431264f999a1a0,/AfriSpeech-100/test/286b890c-3f26-47f9-afc1-1907800830f0/161fc92aa8e2739fceb982b6d660ea73.wav
d5df2d0d9bc0b327323e86a090a5afaf,test,ebira,B,clinical,17.368979591836734,"Tricyclic antidepressants clomipramine and othersshouldbe avoidedin youthwith functional abdominal pain FAP becausethey have no proven ecacy in either pain management or mood disorders and are very dangerous in overdose.
",False,,False,,True,True,Male,19-25,NG,5bbbcbe326276b9866e046952779bb10,/AfriSpeech-100/test/306c18cd-e7fd-428d-aadd-31b30e2ec9da/7a9b8f86f89f093c696741ac69055e13.wav
08048da2f122e9696d96fe84b6c63d13,test,esan,B,general,7.022993197278912,"The Terminator discovers their location, and they attempt to escape in a pickup truck.
",False,,False,,False,False,Male,19-25,NG,07e92187d03045d6563c2abc8a3573e9,/AfriSpeech-100/test/447035f1-ceb4-4f1b-9627-74cb7b5c908c/fa6732bfb32f72f939c13809d61bbea6.wav
0f3414fc7708ee92f8405d95f47cd43b,test,esan,B,clinical,9.195,Disorders such as atrial fibrillation that disrupt atrial contraction typically lead to clinical deterioration.,False,,False,,False,False,Male,26-40,NG,ad416a8a5b3ef974570c1519b05427f8,/AfriSpeech-100/test/fde90bc1-bbe2-4886-b527-92d9ec5a8460/828a05985268c28216e11467c02b469e.wav
26ca556c583cb56cb91e2549ee5b1899,test,esan,B,clinical,7.546984126984127,"Moreover, anticoagulation can potentially increase the risk of peripheral embolization in patients with cardiac tumors.",False,,False,,False,False,Male,26-40,NG,ad416a8a5b3ef974570c1519b05427f8,/AfriSpeech-100/test/8b879e8f-5610-4f39-bd71-0d3057b5d733/722c0544778bca9b28e070aadc17e47d.wav
bc0fcabcbdffb9b9c95fb48c01a78fa4,test,esan,B,general,10.978,"The Minnesota senator said tribal governments voluntarily moved to close their casinos, costing them jobs and revenues.
",False,,False,,False,False,Male,19-25,NG,07e92187d03045d6563c2abc8a3573e9,/AfriSpeech-100/test/a238027b-9b0b-4725-92ca-240dbaf7f513/c6496d637570509d4250c2044186db1e.wav
c1e3308cab67e506b32e54dd90442496,test,esan,B,clinical,11.58498866213152,T wave inversions in leads III aVF and V6 could be consistent with myocardial ischemia or left ventricular hypertrophy.,False,,False,,False,False,Female,26-40,NG,07829ff7f3340c75aafd8cbb706e6ee8,/AfriSpeech-100/test/b5605b00-951e-424f-8129-c1307e51afdb/888f3e28f9ba8934e05b93da61282f29.wav
cff6c42bb0e070671ce4482817dacae6,test,esan,B,clinical,7.4289795918367325,Eicosanoids have a broad range of physiologic roles including neurotransmission and vasomotor regulation.,False,,False,,False,False,Male,26-40,NG,ad416a8a5b3ef974570c1519b05427f8,/AfriSpeech-100/test/307bc0da-b02d-4823-ae1c-e37fbeb53cad/8c89be46bb2ab94b68dfe721af63c25c.wav
6b5cffdaf93ef9014d308fa283eb3d10,test,ibibio,B,general,11.521,"Omotosho Obioma does not want to get re-hospitalized in the future given past experience on Mon 23 Aug, 2027
",False,,False,,True,True,Female,19-25,NG,5856f88ae52888c338fe3ac15d673849,/AfriSpeech-100/test/48ccb508-c3df-40ed-8a4a-233e45a05f07/04054b9f0fb51409e960f90c1f1b248b.wav
7c5f40347f781ccf22c7db328f23df70,test,ibibio,B,general,8.343,"Meanwhile, the PASAN vowed that the ongoing strike action would not be called off until all the demands are met.
",False,,False,,True,True,Female,19-25,NG,0e939657b10c5763916dc5dbbcc56870,/AfriSpeech-100/test/fa68a590-3035-4429-a3ed-35c7bd73733a/26ceccad92a9f47b035a8c71f661679a.wav
a5798eafcf34ba74b77d75babf9453f4,test,ibibio,B,clinical,9.503,Most solid tumors are incurable without surgery and at a minimum require surgical excision of the primary lesion.,False,,False,,True,True,Female,19-25,NG,cf1330fba6f149dc1009f0b4a0fb1d53,/AfriSpeech-100/test/7940d4cf-1c71-4804-bf59-55f55e5e6ed9/0f008614699442ed31b1955995b7c886.wav
b5c1bb84af7f05994706e272a24dea4f,test,ibibio,B,clinical,12.0,Patient had catheterization in prior to MVR with no evidence of significant CAD.,False,,False,,True,True,Female,19-25,NG,631a2e0f4072162fd3d9b33c7ea639d4,/AfriSpeech-100/test/a9ce4808-0b07-4df9-beb5-88c9dab096ab/5e9c7636403ecec94dc445c3efff7ede.wav
c0129f011c7f51034d4049452fcc1841,test,ibibio,B,clinical,15.578979591836736,Baby arrived to the NICU for sepsis evaluation and treatment due to a maternal temp of 100.8 no antibiotics given at the time.,False,,False,,True,True,Female,19-25,NG,631a2e0f4072162fd3d9b33c7ea639d4,/AfriSpeech-100/test/64c4486a-0b64-4270-a706-656cdb5856cf/520e435bef0ad19b77374d638561b8b3.wav
cee69f2a5332655a8e0bf4626e3c67c5,test,ibibio,B,clinical,10.0,She was started on nadolol Hospital Ekwutosinammaduibegi PPI and sucralfate.,True,nadolol|sucralfate,False,,False,True,Female,19-25,NG,e26fe768cce2b823531cff8df895c22a,/AfriSpeech-100/test/78845fd2-317f-42a5-8035-b9168c40d053/a0a8d16512328261d21bca4907ad10e0.wav
cf42ee5d7ae6579d20f480a8cf8dc00f,test,ibibio,B,clinical,13.421995464852609,"Fall from scooter (nonmotorized), sequela. CAPSULE, EXTENDED RELEASE, ORAL DILTIAZEM HYDROCHLORIDE, DILTIAZEM HYDROCHLORIDE, 120MG. Contracture, left elbow",False,,True,120.0 mg,False,True,Male,19-25,NG,e26fe768cce2b823531cff8df895c22a,/AfriSpeech-100/test/23e0dcd6-fddd-4355-b20e-a85f46fe56d8/f321b956f479e512c5042e12251043c9.wav
e32346ae5bad64b430d42948b2dd4225,test,ibibio,B,clinical,6.673990929705216,A prolonged latent phase does not necessarily predict an abnormal active phase of labor.,False,,False,,True,True,Male,26-40,NG,27a22c1c043cbcacd232f3cbc5bab188,/AfriSpeech-100/test/27e062a2-756c-4611-be07-668e4affadd0/6607b02b6c65aa7d45746fd00db23d5c.wav
ea0178f69e36f46afc081864d2b648e0,test,ibibio,B,clinical,11.0,"TABLET, ORAL LURASIDONE HYDROCHLORIDE, LURASIDONE HYDROCHLORIDE, 20MG",False,,True,20.0 mg,False,True,Female,19-25,NG,631a2e0f4072162fd3d9b33c7ea639d4,/AfriSpeech-100/test/95f3bb36-cf92-4aba-b7a5-4ae69c4bf123/695f435664837696d246ce32e3afad3c.wav
58fb549d14b07c3aae8b252439917dce,test,idoma,B,clinical,5.445986394557823,Sats 97-100% on 2 L NC.,False,,True,2.0 l,False,True,Male,26-40,NG,9ec64bd02d1e5088fef97ce6167f1f42,/AfriSpeech-100/test/7b09ffec-13c6-4904-b545-121702ac50cf/edb6ae7a632d6fc570423b62ddde033e.wav
9d77d58566ed0e963ae1123e3ab50cee,test,idoma,B,clinical,9.138979591836735,Flagyl 500 mg Tablet Hospital Oyatu: One 1 Tablet PO three times a day for 4 days.,False,,True,500.0 mg|4.0 days,False,True,Male,19-25,NG,f2614ab7e764dd014263699369fe8065,/AfriSpeech-100/test/c8add383-fe67-4f96-bd84-d67895e3c0a1/4cdc9197e159006e4b85fdb200242813.wav
a8b08dfb2d86e274967be71c137de2c2,test,idoma,B,general,12.248979591836736,"All chemists from Hahjoing market in Roodepoort sell halofantrine, lumefantrine, piperaquine, and tafenoquine to treat Malaria
",True,lumefantrine,False,,False,True,Female,19-25,NG,29c89e3e0dc571f2040d00c297a5f9d4,/AfriSpeech-100/test/f2983704-7f3d-4e7e-9e3b-4d9978a6753b/9953e03467768226715899c2c4699b60.wav
a9a96ccbe9944292c08bc630aaee1d78,test,idoma,B,clinical,12.12498866213152,Per anesthesia pt received Ativan 2mg IV prior to propofol due to agitation 100 mcg fentanyl for pain.,True,ativan|propofol|fentanyl,True,2.0 mg|100.0 mcg,False,True,Male,19-25,NG,74a421121b7b65c78cb020cf64949b80,/AfriSpeech-100/test/2b20ef8a-8389-4046-a223-d4edcaa2a8b5/5dae338c894c1d5dfe0615d4e180918a.wav
af4fbadeeb6f189c5d29e6526fa0b02c,test,idoma,B,clinical,3.92,Held captopril and clonidine as Farwar md parameters.,True,captopril|clonidine,False,,False,True,Female,19-25,NG,88e4c129fa4a0fba69071e660cf32d6d,/AfriSpeech-100/test/2f13df7a-7e4a-45f2-a4e9-9ecb37043511/80589c6630c67eb0b04174c4bd641a79.wav
e3a7d9091147bd74122b59cb6ba816cd,test,idoma,B,general,9.079,"Unlike many aspirants, Senator Tinubu has not made a formal declaration of that intent till now.
",False,,False,,True,True,Female,19-25,NG,29c89e3e0dc571f2040d00c297a5f9d4,/AfriSpeech-100/test/6e22e703-4d65-4c2a-bc67-33f8e0d9e1a2/a096c75c1d3dd76d649d2f9e8ae468f3.wav
eaa66b82d267fa11b54cf412eb32aab3,test,idoma,B,clinical,6.0889795918367335,POx1 40cc and BFx1 so far this shift.,False,,True,40.0 ml,False,True,Male,26-40,NG,9ec64bd02d1e5088fef97ce6167f1f42,/AfriSpeech-100/test/1eb79811-9f43-4034-99b3-fd4c2f2cce6b/ac88dbc569b2d912bd66ea1e9388c997.wav
ee52a0bb537315a9e13798dc8dfbd627,test,idoma,B,clinical,8.0,Erythromycin administered as ordered to eyes for hx drainage.,True,erythromycin,False,,False,True,Male,26-40,NG,178e19d7801389dab56c60f050d4f2cd,/AfriSpeech-100/test/4b4797f7-5aff-498f-84b5-3a7ef95f2972/38c7eeb5cf4ae45f5cc722483aaccab1.wav
f9895f1dfdd8f6a5125d62fb0c48a239,test,idoma,B,clinical,27.398979591836728,"Nondisplaced fracture of body of right talus, subsequent encounter for. CAPSULE, ORAL AMPICILLIN TRIHYDRATE, AMPICILLIN/AMPICILLIN TRIHYDRATE, EQ 500MG BASE. Other subluxation of left radial head, subsequent encounter",True,ampicillin|ampicillin|ampicillin,True,500.0 mg,False,True,Female,19-25,NG,8498342063173ff36adaea1ba9dfd51d,/AfriSpeech-100/test/240633d8-fa14-4847-803c-77d65f4d1a17/3389f63e7cb25717da2bc5a6584638e4.wav
084115ff20f2b83589318b1d443d51d2,test,igala,B,clinical,6.0,K+ this am was 4.9--repeat K+ is pending.,False,,False,,False,False,Female,19-25,NG,a29abcc4586bc9cb896d6a529aecd0dc,/AfriSpeech-100/test/e89b643f-fdad-4e5b-9a8f-9c57910f630d/12dcd6d943625de04f4e1d8901ae19c8.wav
12dd3ba4bdf61b4f70c93251d1aa6628,test,igala,B,clinical,4.093990929705217,The pancreas spleen adrenals and kidneys are normal.,False,,False,,False,False,Male,19-25,NG,a29abcc4586bc9cb896d6a529aecd0dc,/AfriSpeech-100/test/77e31f46-4d6a-436b-a844-439aecd678c3/335b437fa831508c7b89b545c3d26fda.wav
1ca8b542d191644cbd70ad4b136fa4ba,test,igala,B,clinical,3.743990929705216,RECEIVED MULTIPLE FLUID BOLUSES WITH MIN TO NO EFFECT.,False,,False,,True,True,Male,19-25,NG,48752cbf65c5066396c5c57536fecc42,/AfriSpeech-100/test/4f6beb7f-091c-491f-9dc8-c46db6f9ff21/fd0a2f6f55f349f3a16f76504441ca9f.wav
741c693e00ab4b2bd2fc3bc6ab3e8012,test,igala,B,clinical,8.340997732426304,endo: insulin gtt and nph Hospital Anolibe.,False,,False,,False,False,Male,19-25,NG,bcfa3482cd069cf7cfcd869729acd80f,/AfriSpeech-100/test/5aff773f-717e-4d84-a10c-7e078658e69c/aa2859534769ede7f45905510b879df0.wav
81801908431abd57e0f026230d6c8459,test,igala,B,general,15.300997732426303,"The Womens WorldTour calendar is also scheduled to return with Strade Bianche on August 1, followed by the Vrgrda West Sweden time trial and road races.
",False,,False,,False,False,Male,41-55,NG,922db387574551e8540c53a90ff0b7da,/AfriSpeech-100/test/15bc1e66-53ea-489c-84b1-d62867062cea/39c87fffcbbbe3122c4bbbb750c88f74.wav
98aa283c0ebaafc5a1021d01ba1bdb5b,test,igala,B,general,5.274988662131519,"The terms for the male of a given animal species
",False,,False,,False,False,Male,41-55,NG,922db387574551e8540c53a90ff0b7da,/AfriSpeech-100/test/ba7adf7f-ac74-4013-8387-9913497c797e/eb9e7905e9b80f25d87e486d0edfc5fb.wav
abbacd486f68114d3be9c86359b1e565,test,igala,B,clinical,6.033990929705213,Reason: eval line placement Admitting Diagnosis: CHOLANGITIS,False,,False,,False,False,Female,19-25,NG,a29abcc4586bc9cb896d6a529aecd0dc,/AfriSpeech-100/test/7d512963-9adc-4690-a584-f73c958a0a9e/e31527caab8c79e58ca99d7a2ae22a23.wav
bf2e25f55b7c3f78fa0971450e093825,test,igala,B,clinical,5.743990929705213,IV and iodine-containing dye causes rash and itching.,True,iodine,False,,False,True,Male,19-25,NG,59e83897b0e161f7438c09999e1c7e06,/AfriSpeech-100/test/ddb10c57-e26f-4787-994d-2e4beae28183/428ae9fc298c8ee39797a8084be6ff18.wav
01cf1c65195a5bf6cfdea2270f27d30f,test,isizulu,B,clinical,10.213990929705217,"Misoprostol, a prostaglandin which stimulates the uterus, is contraindicated because it causes abortion.",True,misoprostol,False,,False,True,Female,19-25,ZA,9d7191b4f0843bb69b42c013d83cebbc,/AfriSpeech-100/test/4531f5ef-86f6-4e68-b056-085da707581a/3b0aba01193f56cc5415df9e237fef74.wav
1ab41137caf537cf2d196c3914d95b48,test,isizulu,B,clinical,13.070997732426305,She was being treated with pimozide for her psychosis and combined glargine insulin with short-acting insulins at meal times.,True,pimozide,False,,False,True,Female,26-40,ZA,4cea52cb59b59857e4850d284d752c29,/AfriSpeech-100/test/1a92ae88-f2ac-4026-b6f1-f6f579db1f7d/b4494397ec1d7d4fad0296e35578ab2a.wav
21db7f42514ac22490b63d6887cba22f,test,isizulu,B,clinical,5.9289795918367325,Some smell signals also get to the cerebrum by routes that bypass the thalamus.,True,cerebrum,False,,False,True,Female,26-40,ZA,0c914699ba1f4fdce8480338bff0cce5,/AfriSpeech-100/test/0e2a59f9-4322-49f5-8656-0bbc8c77b29d/b965aba61f3807fb66e5ec758dacca05.wav
2851fe0a1b43c3baae5bdfdf81096810,test,isizulu,B,general,7.33,"This is not true of soft sciences.
",False,,False,,True,True,Female,26-40,ZA,4cea52cb59b59857e4850d284d752c29,/AfriSpeech-100/test/ce3d54c1-b3b3-440c-90e2-0ddb8b333949/b3ebfc8b05c59db27da98dcf6a69491b.wav
2f799aea50510fb1c1ed7d9fbca7b165,test,isizulu,B,clinical,14.11498866213152,"An elevated body temperature as in fever, stimulates BPG synthesis, as do thyroxine, growth hormone,   testosterone, and epinephrine.",True,testosterone|epinephrine,False,,False,True,Female,26-40,ZA,0188d763aceca1797aba9baf2659b224,/AfriSpeech-100/test/5e41e312-9f73-417b-8fb4-4410793a770b/853148ef3c936060dc84c5d145295eb6.wav
3ac068335822c731d143a71b517e63fc,test,isizulu,B,general,11.256984126984127,"A post shared by BellaNaijaStyle bellanaijastyleBut OwoseniMakanjuola does not believe anyone should jettison modesty in the name of fashion.
",False,,False,,True,True,Female,26-40,ZA,374912276342d205922f6d05a674e976,/AfriSpeech-100/test/acb76e83-c11c-4dfb-8664-7bed215ccca4/7c68ea3380d88a319e67ff1586620db5.wav
5f123125342c9260ae61b6afc746c116,test,isizulu,B,clinical,9.402993197278912,All other methods of labor induction are compared to oxytocin to establish their efficacy.,True,oxytocin,False,,False,True,Female,26-40,ZA,4cea52cb59b59857e4850d284d752c29,/AfriSpeech-100/test/f214cce5-016a-4a03-8671-38539b84a596/7271095bb70efad2f547784e724512e1.wav
d04a848381afea5745f98dbcbf9ee80f,test,isizulu,B,clinical,16.11,How heredity and health are affected not only by genetic changes mutations but also epigenetic ones sal77726ch04111-138.,False,,False,,True,True,Female,19-25,ZA,9d7191b4f0843bb69b42c013d83cebbc,/AfriSpeech-100/test/f4d6a462-a3e7-4c60-b928-ccd6e881c2f9/1fbf6458cedbf3b301ef96eab8c71ca0.wav
e21c6a3572a320ef6fd314479996dbfe,test,isizulu,B,clinical,9.032,"sulphur-dioxide, nitrogen-dioxide, carbon-monoxide.",True,sulfur,False,,False,True,Female,26-40,ZA,4cea52cb59b59857e4850d284d752c29,/AfriSpeech-100/test/4097b949-0744-4005-926d-36cdfa2f0e17/818c27c7f84411f0171041ea591cd5d3.wav
0316642537208a2c38571a0598277900,test,izon,B,general,27.782993197278923,"Actor and singer, David Jones David, wrote, Oh my God. Why now? I just got to know about her two days ago. This is so sad. RIP mama.
",False,,True,2.0 days,False,True,Male,56yrs>,NG,2c98430062cab81dec966c9430a1b649,/AfriSpeech-100/test/ca629cc5-0538-4c6f-af1e-d640dba035b5/08006cd6d74862d8a883867d2f4700be.wav
154a06c87d686d87171f295a4ce593bc,test,izon,B,general,16.666984126984126,"Eswatini had to play in neighbouring South Africa because they do not have an international-standard stadium  an issue that also affected Cape Verde and Rwanda.
",False,,False,,True,True,Male,56yrs>,NG,2c98430062cab81dec966c9430a1b649,/AfriSpeech-100/test/9adbaf88-d2ad-4c38-8b9b-696f215a4daf/ea44ec5ba7d816b5e5123cc546adbe39.wav
22347a0c96066c23a0b4037028963e8c,test,kinyarwanda,B,clinical,10.690997732426307,"Atovaquone is poorly absorbed from the gastrointestinal tract, but absorption is increased with a fatty meal.",True,atovaquone,False,,False,True,Male,26-40,RW,05bc3d009724c3513a0664b3f6c73517,/AfriSpeech-100/test/b1890574-be29-4998-8f83-67edaa5dee2a/bd46f96bdb86dada40e770c07db87497.wav
39f4f92aa0052fef3571ca150c2a3722,test,kinyarwanda,B,clinical,12.308979591836732,Urgent surgical decompression of the orbit is required if medical treatment is not successful and visual acuity deteriorates due to optic nerve compression.,False,,False,,True,True,Male,26-40,RW,c7bee166ae8e3d86561cd76e3bf04bb8,/AfriSpeech-100/test/0a9930c8-6cf3-46e7-be75-a0ccb9005fbe/f489db1fd849f640196b2e561e414aaf.wav
3fd85b94085df416782fb04d0f9da75a,test,kinyarwanda,B,clinical,12.820997732426305,"Other CompoundsSeveral other   -adrenoceptor antagonists,similar to labetalol,exhibit some degree of   -receptor antagonism.",True,labetalol,False,,False,True,Female,26-40,RW,c7bee166ae8e3d86561cd76e3bf04bb8,/AfriSpeech-100/test/da91b5f3-e396-4ed3-bc68-b62955210909/463f792169ac86b89393a6aa843be90f.wav
5bf75ed75f6edd7aa81465d27761f147,test,kinyarwanda,B,clinical,20.275,Morphology Better cellularmorphology of aspirations mears Better marrow architectural pattern but cell morphology but marrow architecture is in distinctis not as distinct since tissue sections are examined and not  smears6.,False,,False,,True,True,Female,26-40,RW,c7bee166ae8e3d86561cd76e3bf04bb8,/AfriSpeech-100/test/882536df-2566-4e68-b131-07fddf361628/ff2fe5661cba64b04d9561cf5d61aafc.wav
6b651083464881a4c3cad2643975b853,test,kinyarwanda,B,clinical,14.020997732426304,"Usually, perspiration evaporates about as fast as it is produced, so it is not noticed this is called   insensible perspiration.",False,,False,,True,True,Male,26-40,RW,05bc3d009724c3513a0664b3f6c73517,/AfriSpeech-100/test/6d86880c-b0c3-47d3-91b3-f86fd5a02ece/0779a9355298948f4b43f74e23396b19.wav
6df3ac41f44b547ed01c14cca6e07142,test,kinyarwanda,B,clinical,11.108979591836734,"Sedation can occur following scopolamine administration, and preanesthetic or postoperative agitation has been observed in some patients.",True,scopolamine,False,,False,True,Male,,RW,d128d3dc225d894fd40d3b16f9aaede2,/AfriSpeech-100/test/e40bbb9b-2317-47b3-94ed-b4f598c9b838/e2f88c2cc4289738642af5c8454d7029.wav
7ecb769ffb1875b51a824aec75d2f79c,test,kinyarwanda,B,general,8.618979591836736,"Im not the first person to think he should run for higher office, by the way.
",False,,False,,True,True,Male,19-25,RW,24402afcd91edf2f62d177595bc82404,/AfriSpeech-100/test/dfc8f4f3-9dd0-4652-9966-77f2dec7efd4/06feaf3c2020c40b15bb36b3c2079f74.wav
e44def0e0c4fb7e4581331126b026d8a,test,kinyarwanda,B,clinical,6.488979591836735,Multiple juvenile papillomas may undergo spontaneous regression at puberty.,False,,False,,False,False,Male,,RW,d128d3dc225d894fd40d3b16f9aaede2,/AfriSpeech-100/test/dcf2f19d-a906-4a8a-a94c-030598a21f70/9dfb35bb8e128dc3dadc28ddfbb111f0.wav
4dd5b78a61fa2551f8ec92ce5c9c0de6,test,kiswahili,B,clinical,10.323990929705216,"However, a lab may want to prepare their own inhouse probe if a probe is not commercially available.",False,,False,,True,True,Male,26-40,KE,15f6bd73beb50ef901449633fa3dbb74,/AfriSpeech-100/test/3c216b8d-9392-44d7-8e0a-244323fbb75b/2521b372e174b9cef025c8e1d42e07bb.wav
7af04897c7229728b4ee63de71d1b373,test,kiswahili,B,clinical,6.488979591836735,The A1 subtype of the purine receptors mediates these actions of adenosine.,True,adenosine,False,,False,True,Female,26-40,KE,943bfc0c56be5cbfa320856c06f58673,/AfriSpeech-100/test/12c855bc-4c82-4224-8603-71518a03b91e/67de625db4d0b8750620de8eb73ac500.wav
c08715672b66e97854b8d32304a36be0,test,kiswahili,B,clinical,15.862993197278907,"In spite of these other protections, the stomach’s epithelial cells live only 3 to 6 days and are then sloughed off into the chyme and digested with the food.",False,,True,6.0 days,False,True,Male,26-40,KE,15f6bd73beb50ef901449633fa3dbb74,/AfriSpeech-100/test/7a8e450c-6010-4fa1-a907-8ec4f9e1f7e8/92f51b0f18b848ae953018b36c90e397.wav
c81f7d7f5506ebee6b071632c19f6a74,test,kiswahili,B,clinical,4.044988662131519,includes the following types:- 1.,False,,False,,False,False,Female,26-40,KE,943bfc0c56be5cbfa320856c06f58673,/AfriSpeech-100/test/8594665f-cb7f-436e-92c7-f77dbff55ce7/792a18e28b3b3e35d5a01e396959e246.wav
d64ef7571efd986614e51b3f967dc538,test,kiswahili,B,clinical,6.910997732426304,"Based on precursor biochemical proteins, into specific type of serum amyloid proteins.",False,,False,,False,False,Female,26-40,KE,943bfc0c56be5cbfa320856c06f58673,/AfriSpeech-100/test/41c86335-5d79-4806-9133-a5d3086b1f03/aa87b8c787c66057135fc377356e6d41.wav
f3a266a1442b1ddb146734a1dd3de00f,test,kiswahili,B,clinical,7.538979591836735,Nicotine also stimulates the release of endogenous opioids and glucocorticoids.,False,,False,,False,False,Male,26-40,KE,15f6bd73beb50ef901449633fa3dbb74,/AfriSpeech-100/test/f3b03809-379e-4dbe-9bb9-65c9bfc5aa26/96b41b005d8819f3bfb9b1f48a054f5f.wav
035836ee284849df9969d1dd62f025f6,test,luganda,B,clinical,6.33498866213152,"Box 12-2 summarizes guidelines for care of the patient with a urinary diversion.
",False,,False,,False,False,Male,26-40,BW,8d39c439c3b9afb406d05ef235881c5f,/AfriSpeech-100/test/e2d0d466-5068-450a-9eb7-e169c4f86071/a6faaae4308fa506c98fe0576dba946c.wav
04a041c8c7f0c63c42e21c23b4739a33,test,luganda,B,clinical,3.351995464852608,They are fungicidal at high concentrations.,False,,False,,False,False,Female,26-40,UG,7847d1c61acea980f83395cfbd9aa6d0,/AfriSpeech-100/test/7fcc7136-7ccb-43af-b433-817b80d23992/9e16979b2f950244cbc03c9f76be7476.wav
0b698a4e9ec659918686f249a1428360,test,luganda,B,clinical,6.818979591836735,"Theapplication of cold therapy reduces bleeding and hematoma formation.
",False,,False,,False,False,Female,26-40,UG,9d8db954e680843a47c3b7e224f12371,/AfriSpeech-100/test/53281931-6a9c-48c0-bc2c-f046ab0a110b/1a1f5ddf3eb6153c30b72803b2062410.wav
18145e1d8eb5f33f3d0ddd3f91352f5f,test,luganda,B,clinical,8.545986394557824,"Option E has no apparent bearing on the rate of rise of the alveolar partial pressure in the brain, alveolus, or any other tissue.",False,,False,,True,True,Female,26-40,BW,8d39c439c3b9afb406d05ef235881c5f,/AfriSpeech-100/test/8a69b98f-9b4d-4829-8216-06d50b031b59/11daed5499c4e8195bea9fafacaf3e06.wav
5a34597c9b5e97c136c6b15e1f47350b,test,luganda,B,clinical,3.173990929705216,No such diuretic exists.,False,,False,,True,True,Female,26-40,UG,7847d1c61acea980f83395cfbd9aa6d0,/AfriSpeech-100/test/415f382a-973c-49a0-bce0-509d508b2e9f/fcff877202f1373168fd346312890b4f.wav
66b5e37d3c6fb622de9b645a11e45b87,test,luganda,B,clinical,9.0,A CT of head was also obtained in the emergency department which was notable for no evidence of intracranial hemorrhage.,False,,False,,True,True,Female,26-40,KE,953182bd1c87777c390ee52f7edf6afb,/AfriSpeech-100/test/edf11cbf-25de-4dc8-8ac2-437a94eb3422/2e7023863fce4085b6b29f15e993e03f.wav
89329d8ccf699d749378e316d5da474d,test,luganda,B,general,5.772993197278912,"You can make it big without a record label but you just have to know how it works.
",False,,False,,True,True,Female,26-40,UG,ef40a1939a65f997b944b648c3c5b4f1,/AfriSpeech-100/test/dcc297b6-07b5-42f5-a1e3-01a98f7b255e/4ecba47b9d91ee73d2e1326a28a6472e.wav
1a91bdf81acf149c03a3c48254cc5273,test,luhya,B,clinical,15.762993197278911,"Unlike quinidine, disopyramide does not increase the plasma concentration of digoxin in patients receiving a maintenance dose of the cardiac glycoside.",True,digoxin,False,,True,True,Female,41-55,KE,0c4d4e7b69f583d76d8243cc0c0d7df0,/AfriSpeech-100/test/af8fd5d5-5933-4c7f-a8df-87c30983563c/e1d2adca7f7bf03eb86148323df5a4ff.wav
2b9e0870d44858a2bdf2d9c5c56f1bcc,test,luhya,B,clinical,11.74,"If the fluids cannot be processed within 12 hours ofcollection, an equal volume of 50 ethanol or 10 formalinshould be added.
",False,,True,12.0 hours,False,True,Female,41-55,KE,0c4d4e7b69f583d76d8243cc0c0d7df0,/AfriSpeech-100/test/aaaf600a-f8f6-4d43-9ec6-7e19c04bc914/7a45d452d09bbaf13500c1e71130785d.wav
63c979f2f450a7598ab6d706308c5e72,test,luhya,B,general,14.34,"For many, if not most, graphic publications conjure up images of comic books with fanciful tales and accompanying illustrations.",False,,False,,True,True,Female,41-55,KE,0c4d4e7b69f583d76d8243cc0c0d7df0,/AfriSpeech-100/test/c7815d0b-a37e-49ab-90b3-2234d0aff325/87f5a99ccf14f01b478077ae38cd765b.wav
c34acbbf1a1226d808f10333aaca4bf4,test,luhya,B,clinical,16.961995464852606,"PREGNANCY AND BREAST-FEEDINGRadioactive iodine is absolutely contraindicated in pregnancyand surgery should be avoided if possible.
",True,iodine,False,,False,True,Female,41-55,KE,0c4d4e7b69f583d76d8243cc0c0d7df0,/AfriSpeech-100/test/d61bfc14-a6e4-4edd-95c6-36d5e82210df/0823c36e1bd39044031726ba1de8458f.wav
c55c2f342f2c47bf07bc91edf2aa07db,test,luhya,B,clinical,9.97,It should not be used initially40 Drugs Used in Gastrointestinal Disorders4835.,False,,False,,True,True,Female,41-55,KE,0c4d4e7b69f583d76d8243cc0c0d7df0,/AfriSpeech-100/test/fc1a5ae0-f0f3-4549-a41c-d55446d95e54/c197695f9d98550a4be38d806b16c05b.wav
ce1c6816a2d6aece987ed5c0f8fb8c67,test,luhya,B,clinical,12.33498866213152,"Vasodilation, however, is brought about not by any muscular effort to widen a vessel but rather by muscular passivity relaxation of the smooth muscle, allowing blood pressure to expand the vessel.",False,,False,,True,True,Female,41-55,KE,0c4d4e7b69f583d76d8243cc0c0d7df0,/AfriSpeech-100/test/a17c222c-bad9-44af-b7db-2988bc0c5f88/dace0157ff6caa5b0c0c8e53cf843a2b.wav
d025ca163e46bd07f76b54c80e2d7562,test,luhya,B,clinical,24.85698412698413,"This causes a fall in blood pressure whose magnitude depends on the concentration of histamine injected,the degree of baroreceptor reex compensation,and the extent of histamine-induced release of adrenalc atecholamines.",True,histamine|histamine,False,,False,True,Female,41-55,KE,0c4d4e7b69f583d76d8243cc0c0d7df0,/AfriSpeech-100/test/1ff11953-833e-4bfd-a599-81f488b36374/34169a87eba9b8baadf00412b1efab80.wav
6d8bcf78963a218d83e6514022c3bfbd,test,nembe,B,clinical,6.014988662131518,Pt w/ tachycardia and hypotension.,False,,False,,False,False,Female,19-25,NG,6d7d4f0646805aaab52ebe96dabb7ec7,/AfriSpeech-100/test/42f22a15-13c5-4335-a336-e18592c78b56/94d5827498a758c7b1c400b5e714596d.wav
83712a6a1289c7dd746f2b3d7689f8ce,test,nembe,B,general,8.375986394557824,"Good night my father I will miss you dearly ERIN WORest in Peace IKU BABA
",False,,False,,False,False,Male,,NG,d26754e87a5f81ac0b30a787f238d2b5,/AfriSpeech-100/test/1f3fcde6-a8b3-472f-8958-2b2d1c2bca76/a8f1a4051bf448ff9293bc1d7dc95f7d.wav
cbae4b87a1f5bc0e8de8a2e61063c7cc,test,nembe,B,clinical,6.1379818594104325,Facility: Hospital Jaiyeola Medical Center - Hospital Jaiyeola,False,,False,,False,False,Male,19-25,NG,6d7d4f0646805aaab52ebe96dabb7ec7,/AfriSpeech-100/test/5dd449c9-9b37-437f-87c4-d44d82978a06/11c8bc8c836f137c1c66472c395930e4.wav
fca326ffdcd8311027371f04df2374b8,test,nembe,B,clinical,4.71,Pt's labia extremely swollen and red warm soaks applied.,False,,False,,False,False,Male,19-25,NG,6d7d4f0646805aaab52ebe96dabb7ec7,/AfriSpeech-100/test/cd02d6ce-d2e6-4383-971d-72583b2948f0/df28d4d5082bd3529785b92a7ac0e431.wav
314a2b2e71c7ca951b543fd65d4dbe57,test,pidgin,B,clinical,8.584988662131519,Under such circumstances the patients head and neck are extended and the trachea palpated.,False,,False,,False,False,Male,19-25,NG,e490782917bf84d6f23b9a020b623c3b,/AfriSpeech-100/test/3587f5dc-70bf-46eb-bcaf-31d7d7d1f420/276aa5a856c865f816dfa13c06b99d86.wav
4cb9d90085141545a0df8933010b0ff1,test,pidgin,B,general,10.16798185941043,"Also, extradition will not take place if the accused person is still under examination or under punishment until the conclusion of the trial.
",False,,False,,True,True,Male,,NG,07314a953e477ce489382c19e7603432,/AfriSpeech-100/test/df82543d-06d7-467e-a0b1-b96744b664bd/32eac204d6b84402340ffa156181cb5f.wav
52ad387abe4206177fecb12004fc81c5,test,pidgin,B,clinical,6.537981859410431,Took 62 and 35cc well with yellow nipple.,False,,True,35.0 ml,False,True,Female,<18yrs,NG,22843601ecb36d96670a0d3047e035b7,/AfriSpeech-100/test/d337c44e-f65d-4d8e-b51d-3d0143e9a71a/c8868184e263837a1f563587a0fc1ff5.wav
6dfb3c7d7c44a0fa82fd35cf7b94e239,test,pidgin,B,clinical,12.152,This node is not significantly changed in size and in intensity since the prior study today's max SUV is 5.2 compared to the prior of 4.9.,False,,False,,True,True,Female,41-55,NG,7a432745e308c35e3c6a59ca5e27abbf,/AfriSpeech-100/test/6138e348-32cf-4f86-9ac6-f2eb190728fa/aa826961926c2858bba6e44161b73db9.wav
71a02c51cf938a571f90748316897775,test,pidgin,B,clinical,4.703990929705215,Cesarean delivery does not prevent perinatal transmission of HPV.,False,,False,,True,True,Male,19-25,NG,e490782917bf84d6f23b9a020b623c3b,/AfriSpeech-100/test/dd7569f7-9db7-4592-a99b-8cdd2e8d591c/55e1aa1ac3c14af11b37b3c629911db9.wav
927f85be5b655d2292720b02da67a9f2,test,pidgin,B,clinical,9.99,113 Some clinicians have used radiation therapy and biologic agents imatinib with some success in patients with advanced disease.,True,imatinib,False,,False,True,Male,19-25,NG,e490782917bf84d6f23b9a020b623c3b,/AfriSpeech-100/test/a314e50a-adf5-44ba-9813-ce555470d2fc/55b4eb955a50086ac42e796541bb6527.wav
f92f66f90ef1f17e7ee8f36bb8789a74,test,pidgin,B,clinical,6.160997732426304,"In a healthy spine, the spinal cord and nerve roots are suspended in CSF, free of mechanical compression.",False,,False,,False,False,Male,19-25,NG,e490782917bf84d6f23b9a020b623c3b,/AfriSpeech-100/test/2817163d-e0ea-4f2b-b69c-709d06b1468c/37167cf175d9cb61ee53c43cfc837b29.wav
8cb3809701786ccfebe73b788fdbf219,test,setswana,B,general,14.48498866213152,"Rotimi Yetunde Other Antimalarial drugs include pyrimethamine, proguanil, chlorproguanil, and trimethoprim
",True,pyrimethamine|trimethoprim,False,,False,True,Female,19-25,BW,1e4033e1ce6f7cce51ca05b1908fc14a,/AfriSpeech-100/test/78ed9656-7603-4ea2-b0d6-ee244378cb12/41679f03f0465c63cb913c22e42200d1.wav
b4b5d6f2dce941b2f1d22953049bb28a,test,setswana,B,clinical,13.51,"This becomes clinically important as it is assumed that only unbound free drug is available for binding to receptors, being metabolized by enzymes, and eliminated from the body.",False,,False,,False,False,Female,26-40,ZA,4dd98e1b1a484002d19cfd46134e8db0,/AfriSpeech-100/test/5cb32366-6ed7-4aed-a888-45c88909c2af/814470d5f91d5dfc2f32284a280daf0c.wav
c24ca3c05f7a3ea93c9730277869ed87,test,setswana,B,clinical,15.407981859410429,Conjugated drugs will not be reabsorbed readily from the gastrointestinal tract unless the conjugate is hydrolyzed by gut enzymes such as    -glucuronidase.,True,conjugated,False,,True,True,Female,19-25,BW,1e4033e1ce6f7cce51ca05b1908fc14a,/AfriSpeech-100/test/b4db0e21-5de8-4bb2-a7ee-bbe4a37c80f2/babf48147e75e085e9967d2616f53180.wav
dce11a83cfa477b7e54bace09a6c72ab,test,setswana,B,clinical,9.73,"Protection of the host immune mechanism mightincrease the efcacy of other drugs that inhibit viralreplication.
",False,,False,,False,False,Female,26-40,BW,cdf91cf6e59ee411b985a40a955d4d1f,/AfriSpeech-100/test/27a83595-3d3f-4a6b-b909-7b8f364d736b/7cb8dfb3105e8815c510cdbcb22cff29.wav
e1c132d095f85bfed63e72a4b98754c7,test,setswana,B,clinical,3.930997732426304,Clean end cap with alcohol wipe.,False,,False,,False,False,Female,26-40,ZA,4dd98e1b1a484002d19cfd46134e8db0,/AfriSpeech-100/test/2498b95d-9a78-4bba-987e-8786105752f5/7447324b476e9ba8af8f6fe04e102020.wav
f42411fa2e88c397f558c7be352de659,test,setswana,B,clinical,6.626,"If we don't find the gas leak quickly, it becomes difficult to find it at all.",False,,False,,True,True,Female,26-40,ZA,4dd98e1b1a484002d19cfd46134e8db0,/AfriSpeech-100/test/d3112a14-e40e-4015-b323-97c29951c1f6/e046eb1eebba0669005d910455dea60c.wav
f9d382a85887f71391ed1baeffa37815,test,setswana,B,clinical,4.526984126984127,"Ask the patient about allergies totape and skin antiseptics.
",False,,False,,False,False,Female,19-25,ZA,6d53c4d9134a175a75a020155220ca7f,/AfriSpeech-100/test/80581f4f-9e72-48fb-b4c0-22e6972dbff3/95ddccb7b9160663e9c7d36d3b275120.wav
1a881d0101672f6596645a1b5ac0f29b,test,tswana,B,clinical,8.848979591836734,"Drape provides a seal, allowing the application of the negative pressure.",False,,False,,False,False,Female,26-40,BW,db80a2d6024b1867254c334316b06776,/AfriSpeech-100/test/22aab58e-401b-447a-a514-6a44f0f133f9/a449addaa7b1c221ca1c9e5fb34d908a.wav
718546c938f593549d7ffd1649434328,test,tswana,B,clinical,24.14299319727891,"Carotid body paragangliomas, as they are currently called are rare tumours and occur between 3rd and 6th decades of life with slight female preponderance.",False,,False,,False,False,Female,26-40,BW,db80a2d6024b1867254c334316b06776,/AfriSpeech-100/test/427884df-cbfd-44b6-91e1-2c78adfe3e53/d79972630c4d921324867a5e8bc3b68f.wav
8367b56fc0d340cd7238c649b78d37de,test,tswana,B,clinical,5.083990929705215,"Figure Various types of epithelial cells seen in normal Papsmear.
",False,,False,,False,False,Male,,BW,7305ca1f7294edad4626a3c352058e4f,/AfriSpeech-100/test/3e442d1c-179d-46f0-b501-c968c44f7e6f/cce72b57444c56909b5dbd59d8795d01.wav
b60b6db14f8aa8fc2ea581d656cc9b84,test,tswana,B,clinical,12.248979591836736,"Similarly, the use of salicylates in pregnant women may increase bleeding upon delivery and prolong delivery.",False,,False,,False,False,Female,26-40,BW,db80a2d6024b1867254c334316b06776,/AfriSpeech-100/test/f9056803-cdfe-4ece-82ac-a8304b481f15/70ea73457db9e0c97dfaba3354f5dda3.wav
b6c10264bc38c5cce35f58fba4d4ac93,test,tswana,B,general,7.414988662131518,"Even though the trend of upward and gained 1000 points in 15 days Nifty made multiple indecisive candles in between.
",False,,True,15.0 days,False,True,Male,19-25,BW,7b25e8dec0b63a049cfdb50ab75e52db,/AfriSpeech-100/test/9e4f0f9d-7b9a-45de-9c0f-5f89a62daf7e/9b4b9b393a1fb084410fd42d15337af8.wav
e26375e505bd69d631d8e779d4a6c32a,test,tswana,B,clinical,5.706984126984128,Genetic basis of human breast cancer metastasis.,False,,False,,False,False,Female,26-40,ZA,ed4d0a0d0446ad1ff0da31efac2b7578,/AfriSpeech-100/test/885e4e92-e71d-4727-b620-07ad34616d51/5ed335ba705ee4385588886184d9fec4.wav
e93bbe4d1f5fec38bdc67bdf4085dacf,test,tswana,B,clinical,4.277,Checking the drip chamber and timing drops.,False,,False,,False,False,Female,26-40,ZA,ed4d0a0d0446ad1ff0da31efac2b7578,/AfriSpeech-100/test/6d8339be-34e0-4952-adb6-caed164794d5/f7064eed92659a573665dc9d905658a6.wav
4452636b3e56b08faeac1310ed0afb45,test,twi,B,clinical,10.880997732426303,CLINICAL USESThe chief therapeutic uses of estrogens and properties are as oral contraceptives and hormone replacement therapy.,True,estrogens,False,,False,True,Female,26-40,GH,5ab7b49ad1cab6392a764a69578dc822,/AfriSpeech-100/test/88cd67b5-0152-4602-8f74-bab8c19235bc/0fe91d7c38522fe79e7502b57c5f585e.wav
574564fbb39afb8f4bfe475ca1209e9b,test,twi,B,clinical,4.754988662131519,Morphine also affects descending noradrenergic pathways.,True,morphine,False,,False,True,Male,26-40,GH,53f22d1f63803eeaf8c0bf6c71de0927,/AfriSpeech-100/test/b28cbf27-202e-4d77-b1a4-969a8ce34640/b98696bfd5e353675e9a5422e02a6afb.wav
75b69526057d0cd656a09edae54921a7,test,twi,B,clinical,8.818979591836733,Ionized drug enters and blocks sodium channels blocking nerve action potentials.,False,,False,,False,False,Male,26-40,GH,53f22d1f63803eeaf8c0bf6c71de0927,/AfriSpeech-100/test/07494000-f5d5-4729-af0c-4170893c79f4/5918d61e1fc25ec743dbffb701c4ef9b.wav
81cd00461db37fd41edd15076468d9c2,test,twi,B,clinical,6.1779818594104325,Sometimes of course  the progression does not need factors mentioned above.,False,,False,,True,True,Male,26-40,GH,53f22d1f63803eeaf8c0bf6c71de0927,/AfriSpeech-100/test/7a33ec0d-ae01-4a83-bd42-1808728ae849/3efb5c5070faf4498d2ceb3e88a9d39f.wav
c9af813320164ec2d868bb1bc7107012,test,twi,B,clinical,15.130997732426303,"As a result, the DNA in a double helix is arranged incomplementary strands: the sequence of nucleotides in one strand of DNA is a mirror image of the nucleotide sequence in the other DNA strand.",False,,False,,False,False,Female,26-40,GH,5ab7b49ad1cab6392a764a69578dc822,/AfriSpeech-100/test/95525f74-dcc3-4129-9ab1-96ffc5fbf18a/28d7d6fdaca3d482d16d22f366f326b4.wav
efde0eff1bca67a8c55def3095b09e12,test,twi,B,general,9.472,"I dont care if youre dip fishing in Ninilchik, if youre not eating this right nowyoure not human.
",False,,False,,True,True,Female,,GH,4c05c83fe212afa7798fc70d0f4805e4,/AfriSpeech-100/test/948d8312-d204-41bc-b472-6d17dbb928c9/ab3dbbd17963796203d2f00bae19944e.wav
fee673e2873fadc73dd490534e420519,test,twi,B,clinical,14.442993197278913,-Thalassaemiaintermedia: It is -thalassaemia ofintermediate degree of severity that does not require regularblood transfusions.,False,,False,,True,True,Male,26-40,GH,53f22d1f63803eeaf8c0bf6c71de0927,/AfriSpeech-100/test/f96e137b-4e35-4336-84fc-c0cccd0be5d9/6e6d4742b35ec88f0bc8015d655bc7fc.wav
0ce35af951a7a044a001403b6cd2bb60,test,urhobo,B,clinical,8.0,"On physical examination, she is an obese white female in no acute distress with a hoarse voice .",False,,False,,True,True,Female,19-25,NG,f3e836f02541d2c15de673d666e98e28,/AfriSpeech-100/test/97378bfb-d9df-4fa1-9ca6-0575fb663ce9/95a44e3a16b4a995e49092d5a4e7beeb.wav
225a3473f8acdee624166c0a4024d862,test,urhobo,B,general,20.21,"Dr Wosilatu Agaegbumegbu speaking. Next line. Bitter taste, no vomitting. Next line. Patient took paracetamol with no relief and came here for expert management",False,,False,,True,True,Male,41-55,NG,9b2fb90e9d94d6746fa700b8134ef5c3,/AfriSpeech-100/test/c73b0ec0-1d4d-4944-a02a-a49e66044f87/2463ddcd1b0ba5028e4faa7c87df7ef2.wav
395ab42d7aadfe6bc43ec3db82cc4e69,test,urhobo,B,clinical,16.608979591836732,"On rare occasions, extraoral sinuses may occur, which if unsightly may require excision. see Figure 12.",False,,False,,False,False,Female,26-40,NG,a7b4245de4bba3142d2bb30c2d1cff9e,/AfriSpeech-100/test/1d4cdeab-6a96-4d57-bda3-7d204d0ab789/2dca4176fe658e2dcec1142a8d2555b9.wav
690e5686be737d2bbc1ef25ff48022e5,test,urhobo,B,clinical,18.18,"In these cases, couples should be counseled to seek medical care within 72 hours so that emergency contraceptive methods may be used.",False,,True,72.0 hours,False,True,Female,26-40,NG,a7b4245de4bba3142d2bb30c2d1cff9e,/AfriSpeech-100/test/e85c0212-54c0-405c-98a3-5e68e31b2f85/99c5dd9627de516827b5db58f4c829fb.wav
725b8d8321a1685407b896624a741d82,test,urhobo,B,clinical,8.87498866213152,Bilateral DP/PT pulses dopplerable.,False,,False,,False,False,Female,19-25,NG,402f431d0a81a3e0e3f7e05d3674b9f7,/AfriSpeech-100/test/8f032c2c-f0bd-49a1-8414-5746fb536c76/1dfbb62872f661d76f4bc1fdaee65350.wav
8f7597e46eb38afa0d5ea20bbc785540,test,urhobo,B,clinical,3.920997732426304,Her fever resolved but the rash did not.,False,,False,,True,True,Female,19-25,NG,f3e836f02541d2c15de673d666e98e28,/AfriSpeech-100/test/a99fc422-5ba9-437c-8348-f5dd1b56331a/4c67b0b71a6f55c14a44c7df767134c0.wav
a7046fce47c40b1fd7e5e841203d129f,test,urhobo,B,clinical,6.163990929705213,sleeping and ABG at 0300,False,,False,,False,False,Female,19-25,NG,f3e836f02541d2c15de673d666e98e28,/AfriSpeech-100/test/2f426032-d871-476b-9da9-a6dd99f8b3c2/8165a899e5fbfb17f7d439e0c47aff1b.wav
0ff27a131661532578989ce2bd77d3ac,test,xhosa,B,clinical,24.56498866213152,"EVALUATIONThe expected outcome is achieved when the cardiac monitoring waveform displays the patientscardiac rhythm, with a waveform that is detecting each beat, and is appropriate for clarity, position, and size.
",False,,False,,False,False,Male,19-25,ZA,30d1f9caa345340f37628dd29471138b,/AfriSpeech-100/test/7e0ff4c6-3cc5-46a6-a785-21a8e8b3d2b4/d8b611e8e4f210a837aca62799ca704a.wav
1c71e30de1f98989413636726f093c05,test,xhosa,B,general,16.863990929705214,"I know the phrase sexual preference was common in the old days, but LGBTQ people almost never use it today, for good reason: It suggests sexuality is a preference that can be changed.
",False,,False,,True,True,Female,19-25,ZA,94f3694307f583d4a944a9d370cd8fc9,/AfriSpeech-100/test/d7d8acf5-a4c1-4001-a361-288de9ac9bd2/c62fbf3ae39f3f2f5a0308592d8f3fb3.wav
1e7230cd634da25dd5ab1f72ad1bde18,test,xhosa,B,clinical,19.89897959183673,"EVALUATIONThe expected outcome is met when applying negative pressure wound therapy is accomplishedwithout contaminating the wound area, without causing trauma to the wound, and without causingthe patient to experience pain or discomfort.
",False,,False,,True,True,Male,19-25,ZA,30d1f9caa345340f37628dd29471138b,/AfriSpeech-100/test/c283153f-273b-4810-ae35-c33c9ac63771/059ea2a9fc0c17693e29cc7a79750f62.wav
2642efa06e8a4c32bc730201ae6b8110,test,xhosa,B,clinical,10.437981859410431,The major differences between unconjugated and conjugated bilirubin are summarized in Table 21.,True,conjugated,False,,False,True,Male,19-25,ZA,30d1f9caa345340f37628dd29471138b,/AfriSpeech-100/test/0e3a73d6-02f7-47cb-b8fe-89a2f38af31c/3866c08080fdd4a0d56ff6bab63cfa22.wav
5319903aa7a09544e5f7a2346abe9542,test,xhosa,B,clinical,4.2589795918367335,"Steady-state levels are reached after 4 weeks.
",False,,False,,False,False,Male,26-40,ZA,2ac40a1782741f5c26891dacf9262dac,/AfriSpeech-100/test/8c5bf92f-f12c-47af-a801-0434f4bbc4b3/6700635a7ce4b48bf849e516c837d0fa.wav
5c849a9f8db80ed6b81b57ba3d55e07e,test,xhosa,B,clinical,7.581995464852607,Fragmentation of nuclear chromatin by activation of nuclease.,False,,False,,False,False,Male,19-25,ZA,30d1f9caa345340f37628dd29471138b,/AfriSpeech-100/test/8cc8f5a5-83d6-46fb-b6cc-15f495542e44/3e510f6b575bd7ab91630c38db41501f.wav
c9b1aa14e33d19190eb01cb073e67ca5,test,xhosa,B,clinical,18.89698412698413,"Progesterone and estrogen suppress pituitary secretion of FSH and LH, thereby preventing more follicles from developing during pregnancy.",True,progesterone,False,,False,True,Female,19-25,ZA,30d1f9caa345340f37628dd29471138b,/AfriSpeech-100/test/b8e3b999-9f45-40b4-a7ee-a8ed145a17fc/97ed49d3c7a02b2afe3f82e4af86dd61.wav
101ba9085997bf5916102caf0e5751d5,test,zulu,B,general,5.8,"Ahmedabad reported 12 deaths of which four had no serious ailments.
",False,,False,,True,True,Male,19-25,ZA,97493eaefcfe783546a99bf223504754,/AfriSpeech-100/test/731a848c-7302-4cab-bff0-01ede7457236/27bcbbed20144bce11d3fd429a2f238f.wav
10d8ca94d220675578dbbe3e9fb05ce7,test,zulu,B,clinical,12.122993197278912,"If the diagnosis is uncertain, colchicine should be used, since a response to this drug is generally taken as establishing the diagnosis of acute gouty arthritis.",True,colchicine,False,,False,True,Female,19-25,ZA,5fc00858b53bd62ed9b2cae5702a02e8,/AfriSpeech-100/test/2e3b254b-5856-47d2-abfe-92d2b9682e47/817c1538fbc0871278857ff41d37bc15.wav
5b5cea61187384389906b36683ffa428,test,zulu,B,clinical,12.106984126984129,"Adverse effects and drug interactions with codeineare similar to those reported for morphine, althoughthey are less intense.
",True,morphine,False,,False,True,Female,19-25,ZA,5fc00858b53bd62ed9b2cae5702a02e8,/AfriSpeech-100/test/e0d697b7-e5ce-45da-a5c9-42842a28382f/76c3897f1b5a56c9a548ded09782f2f0.wav
66c7d017a7af1535c058dcb212c785fd,test,zulu,B,clinical,11.388979591836732,Molecular monitoring of bleomycin-induced pulmonary fibrosis by cDNA micro array-based gene expression profiling.,True,bleomycin,False,,False,True,Female,26-40,ZA,a2a222977e6b6eb1e8eb7e518607c75f,/AfriSpeech-100/test/d7802751-5851-4493-a7e2-2b612bb7c5a2/11febafbf57b3fe5361890713c22b67c.wav
8dca912479bc6176b1434eaf497653e5,test,zulu,B,clinical,12.791995464852608,"iii)By 12 hours,  coagulative necrosis of the myocardial fibres sets in and neutrophils begin to appear at the margin of the infarct.",False,,True,12.0 hours,False,True,Female,26-40,ZA,a2a222977e6b6eb1e8eb7e518607c75f,/AfriSpeech-100/test/2b571120-30cc-4c52-921d-b16ad0a2d142/49adec52cfafba0612fb96a69eec9cfe.wav
9b77c0e08123645da710316db5a2a744,test,zulu,B,clinical,8.968979591836733,"Deposition of immune complexes    The mere formation of antigen-antibody complex in the circulation does not imply presence ofdisease.
",False,,False,,True,True,Female,26-40,ZA,a2a222977e6b6eb1e8eb7e518607c75f,/AfriSpeech-100/test/d9453d8c-03ec-49b7-8302-c359a7246f59/214f8be65b7f261c5eaffef0a8dbdb42.wav
c6073369acecc5ec76f8510e65ef8614,test,zulu,B,clinical,3.8859863945578232,Abdomen nondistended and soft patient denies pain or nausea.,False,,False,,True,True,Male,26-40,ZA,55618f3f467d215072b2aba769998bfc,/AfriSpeech-100/test/4a9f8e8e-a515-4aa6-b0d6-a9c3c1b60f9a/5558ad58c069a07c02abeec99e0f73a2.wav
b6dc046fa03571546013240f45550672,test,afemai,C,general,14.606984126984129,"Menstrual bleeding for 14 days, contained with 4 pads per day with implant insertion. next line. Obialo Jimeta Dizziness, fainting spells or loss of consciousness
",False,,True,14.0 days,False,True,Female,19-25,NG,f54eaaf8c521f134caba6b0a1ffc53cf,/AfriSpeech-100/test/f7d78c7b-58bf-4cb2-8cbb-af6bd2db0d83/dde8a234d14f8adc3dcef0f77bfa0aa9.wav
146112e1981f61c27d28910341447898,test,afo,C,clinical,7.252993197278912,Cont monitor MS Lactulose enems2.,True,lactulose,False,,False,True,Female,19-25,NG,37b0fcb1ccb17a29ee75bce1dfd0314a,/AfriSpeech-100/test/17a4f3c7-b8b8-4a5b-bdbe-8ad32f0e7c07/672bec1d1e47a4e57538010c7e710fb6.wav
cffb22f74419c3c64c0eb8234d12bdcd,test,afo,C,clinical,9.0,Cor triatrium which was suspected in a transthoracic study from 05 August 1974 is not present.,False,,False,,True,True,Female,19-25,NG,37b0fcb1ccb17a29ee75bce1dfd0314a,/AfriSpeech-100/test/89bcc87b-7991-4278-8b74-a6c37725eac5/869b0e754f67f80e4ac1de6d36baf2ad.wav
f35c3b8b14cbfe94fb29531cf31e2a3b,test,afo,C,general,7.2129931972789105,"We started dating this spring while we were still at college together, and now were doing long distance.
",False,,False,,False,False,Male,19-25,NG,37b0fcb1ccb17a29ee75bce1dfd0314a,/AfriSpeech-100/test/58704213-ba58-43af-ad61-a0a58f7a7333/d56cc1b73bd9d50a309e4b886bd59748.wav
868ed2786d8b2dedffe5b5358c2c529d,test,agatu,C,clinical,8.0,14. Glargine Sig : Twenty Two ( 22 ) units at bedtime .,False,,True,22.0 units,False,True,Male,19-25,NG,cc7e21d5ab2214d4273da05d859d2714,/AfriSpeech-100/test/3b1ad7c9-9fda-478e-a2d0-c35c8ef58ec8/0d926abc5cbf615e84464b13aab3dc98.wav
ecc5561dd3b2cec2a760cee4904eb10a,test,agatu,C,clinical,8.347981859410433,Cr up to 1.7 this am Cr 1.5 pre op-no toradol.,False,,False,,True,True,Male,19-25,NG,cc7e21d5ab2214d4273da05d859d2714,/AfriSpeech-100/test/7404a7d4-b246-43ee-856a-c63f7eafdf6e/996e7566e82faaacb59fb41a16259eb6.wav
edcbfd194d2c3327560d151ce1fe8a79,test,akan,C,clinical,11.998979591836736,"There was no palpable cervical lympha denopathy, but he had a sinus tachy cardia and bilateral basal and mid-zone late inspiratory crackles.",False,,False,,True,True,Female,26-40,GH,133d6b353c916481cffde96b913711ae,/AfriSpeech-100/test/0ff8ee27-d8f9-4c66-b0c7-4cacfa795882/e0ed100921a1aec542172a04232865a7.wav
f5861fe5b8ef2ed843c5a50bbeb7789d,test,akan,C,general,12.378979591836734,"The government and the military should stop the deluded, ill-conceived practice of amnesty to terrorists only fringe players recant, not the die-hard Salafists.
",False,,False,,True,True,Female,26-40,GH,296c783a383596d3ef645e22d878cb66,/AfriSpeech-100/test/b4157942-3c40-4515-a7bd-7750bced96a0/16ca503ab41e4a599c10d726f43f2b2a.wav
fbb74c6452c0cd8839a84a8e8a6edeab,test,akan,C,clinical,13.588979591836734,Dantrolene a ryanodine receptor antagonist is generally less useful for symptoms of spasticity than baclofen because muscle power is reduced as spasticity is relieved.,True,dantrolene|baclofen,False,,False,True,Female,26-40,GH,133d6b353c916481cffde96b913711ae,/AfriSpeech-100/test/cfb8986d-e88f-4720-bed7-825a243de548/d46bcdf8c1204e7e6b011867f430ad06.wav
4fa2a11c05bee4cf37121c3977dfe56d,test,alago,C,general,14.102993197278913,"Although the Navy saw no use for Halketts boats in general naval service, this larger boat was liked very much by explorers.",False,,False,,True,True,Male,41-55,NG,638c0814c16527515bb3db1d6e25afa1,/AfriSpeech-100/test/a4c40876-67cc-40d0-a4c9-2b3c2dd42269/4164527fea7b2325d3bd93bc0cbde81c.wav
15f37c2dc167e18e93e0e701c5dea67b,test,anaang,C,clinical,7.0,"TABLET, DELAYED RELEASE, ORAL POSACONAZOLE, POSACONAZOLE, 100MG",True,posaconazole|posaconazole,True,100.0 mg,False,True,Female,19-25,NG,345ad75fa9bf5fb537de50af9dfd5c41,/AfriSpeech-100/test/69aa357d-c5e3-4e4b-9cf3-1bf89ec4fe59/648f3d641dc4eb0590095b7d8553f2a6.wav
88ced2ecd0c03497c15314839b452bdc,test,anaang,C,clinical,8.362993197278909,"Soft, mildly distended, and tympanic with midepigastric tenderness to palpation and no rebound .",False,,False,,True,True,Female,19-25,NG,345ad75fa9bf5fb537de50af9dfd5c41,/AfriSpeech-100/test/a3158bd2-2513-44c7-be00-5e79ccfb5c15/9ce35ca6c4883eb2d506945319dfdbde.wav
b5537cc2227d417320c5c9b624c7d7e3,test,anaang,C,general,12.588979591836734,"Yes we will never shift the blame and we will never try to point fingers at other people but I just feel that if we could have probably won the match if we had sorted out our admin on time.
",False,,False,,True,True,Female,19-25,NG,80b7c8adcebbe7cb14e589c439ac4d9b,/AfriSpeech-100/test/ba3dd8af-79fa-459e-9502-71950a1b3a8f/9cfbebeaf1fe440b5f8d1b931f30b61c.wav
16c2e642a0c9b3dc37e4b944aeeb2de0,test,angas,C,clinical,9.707981859410433,Initial intrapartum antibiotic dose given less than 2 hours prior to delivery.,False,,True,2.0 hours,False,True,Male,41-55,NG,d53a902cd0ee91be0fe6b512a3d20da9,/AfriSpeech-100/test/52a21a2c-6c7a-4f4a-b4a8-e29ceb8472ae/0f2678eec1711e0468f9bf89a6aef2e8.wav
6f4df41f65cb3bc1a951f0277c7b80f2,test,angas,C,clinical,10.13,There was evidence of compression fracture at T11 on both chest CT and spinal MRI without significant cord compression.,False,,False,,True,True,Male,41-55,NG,d53a902cd0ee91be0fe6b512a3d20da9,/AfriSpeech-100/test/151ce7fb-da94-4c3b-a6ea-224bf6ef3b3a/9af8eda9b261cf63bba7e168fdc43006.wav
a8e2b5e688be73125346995ac9c7e3b9,test,angas,C,general,17.781,"He is not on any medication, he is a student, does not smoke cigarette not takes alcohol. next line. Assessment: Malaria. Next line. Signed: Dr Adedigba Chijindum",False,,False,,True,True,Male,41-55,NG,d53a902cd0ee91be0fe6b512a3d20da9,/AfriSpeech-100/test/323ac560-f6f9-415c-918d-7149b81e8723/951684c8161689096a57824add5f708f.wav
c1f7f12ce0f372096b7ff58acc8a0da1,test,bagi,C,clinical,17.07498866213152,t/sicu nursing note 7p-7a pt conts on fentanyl gtt at 200meq/hr with occ bolus given for periods of discomfort.,True,fentanyl,True,200.0 meq,False,True,Male,26-40,NG,ddc01183c30620bfd639a97ffff84e40,/AfriSpeech-100/test/2b25ba9c-9966-4eca-850c-b3b3631977b2/7f981097f647e2045cccaaf9ad373181.wav
ea252ca5cac42505a2bd8a34e4c85b1f,test,bagi,C,clinical,5.0,Oob to chair X4 hours w/o incident.,False,,True,4.0 hours,False,True,Male,26-40,NG,ddc01183c30620bfd639a97ffff84e40,/AfriSpeech-100/test/f4a21688-f317-4d83-9adb-f3428cf1f886/3fd038109945ac79403a10341ef53132.wav
0e810af15dbe05ac2ab931927497b9e3,test,bajju,C,clinical,9.328979591836736,"Vessel Radius blood viscosity and vessel lengths do not change in the short term, of course.",False,,False,,True,True,Female,19-25,NG,9cdd189f704c07cf31701e9b20d1c2d3,/AfriSpeech-100/test/378f1146-0582-4a2c-a28d-67b1a1680d5b/c35087374bc3e4bd946a31080c69b4b6.wav
834197895f5298110f61cfbba51ae350,test,bajju,C,clinical,16.160997732426306,The plasma half-life for salicylate has been estimated to be 3 to 6 hours at the lower analgesic dosage and 15 to 30 hours at the higher anti inflammatory dosages.,False,,True,6.0 hours|30.0 hours,False,True,Female,19-25,NG,9cdd189f704c07cf31701e9b20d1c2d3,/AfriSpeech-100/test/dfa815a2-bfa6-43b3-bf89-0e9b6cd00c87/64b4aaf6370e8500294fbb4f608cd88d.wav
dfbf35c19cdf6a9ff063b4413c7a8ade,test,bajju,C,general,5.868979591836735,"Ogbomo who expressed concern over the motive behind the attack, sympathised with the victims.
",False,,False,,False,False,Female,19-25,NG,9cdd189f704c07cf31701e9b20d1c2d3,/AfriSpeech-100/test/240e2441-c01f-4d72-b2d8-ac4e5f4c019a/23333da0c4aa301dc818215fab0f6145.wav
868cbb2849424d087eb7b0b2dd76e3c6,test,bassa,C,clinical,18.500997732426303,"Allergic dermatitis of right lower eyelid. TABLET, ORAL CARBIDOPA AND LEVODOPA, CARBIDOPA; LEVODOPA, 25MG;250MG. Glaucoma secondary to other eye disorders, left eye, severe stage",True,carbidopa|levodopa|carbidopa|levodopa,True,25.0 mg|250.0 mg,False,True,Female,19-25,NG,7898ff1541b8485a92b926c1e3609f56,/AfriSpeech-100/test/074c3b27-939d-4fec-b2b3-50f855edb038/6321481f0cadb96af49b604baf4a39a0.wav
b2f73812d854cc5de1224b16333c2edd,test,bassa,C,clinical,12.925986394557825,Pt in good spirits dispite feeling anxious about having to stay in bed to 2 days.,False,,True,2.0 days,False,True,Female,19-25,NG,7898ff1541b8485a92b926c1e3609f56,/AfriSpeech-100/test/134d9820-b6ee-42c8-94b3-07f4693d5d13/675ce9e5a9201ca2ab2c88cf11c279c4.wav
259ef25570bd0721f0c949aefaf69437,test,bekwarra,C,clinical,3.2910000000000004,"Skin: Coccyx red, protective cream applied to site.",False,,False,,False,False,Female,19-25,NG,930cb27b024cc22dcbb1c249232ed375,/AfriSpeech-100/test/fd939c25-1a86-4374-8aff-f0b638902c9b/ad819493bb5c12f025d062c9681c3069.wav
5f6166b9974aacf66ecec0d39f992fd9,test,bekwarra,C,general,8.940997732426307,"Opium itself is a very harmful and addictive ingredient and comes in many other forms of illegal drugs including Heroin andor Diamorphine.
",True,opium,False,,False,True,Female,19-25,NG,930cb27b024cc22dcbb1c249232ed375,/AfriSpeech-100/test/d99f951b-7c03-4c2e-86d4-7cb6fda99bcf/bf96731be1a3ed35cf5d0c9b5a61e68b.wav
e3ae499884ba5b46b1264679259e3e7e,test,bekwarra,C,clinical,3.2389795918367352,"Pt is fully awake and alert did not seem to sleep much tonight.
",False,,False,,True,True,Female,19-25,NG,930cb27b024cc22dcbb1c249232ed375,/AfriSpeech-100/test/f3dc2011-fd3d-432e-83c7-3a4ed58f763a/b18be97a59409b1db995d131e357b9e4.wav
8976dc7ac0cf57b7d29b4c988b7f1253,test,benin,C,general,17.646984126984123,IzuOjukwu OkeyOgunjioforAMVCA AMVCA8 pic.twitter.com3qOcOcftj6,False,,False,,False,False,Male,41-55,NG,76788d03e736b1c71a3464b3ed238ba9,/AfriSpeech-100/test/dd9f50d9-d4dc-4e26-8220-f1bd45595ca0/d4ad28e927cd28e199ac855740462400.wav
121b405d54487b5f413f30decd198810,test,berom,C,general,19.553,"The expected order comes two days after Twitter attached a fact-check notification  for the first time  to the presidents tweets that contained false claims about mail-in ballots.
",False,,True,2.0 days,False,True,Male,41-55,NG,074cf2977f20b551bee6d0e3e411f445,/AfriSpeech-100/test/29e38387-3888-4b1e-aaac-df203637e40f/1f17947bd0717d3166f7dc67e5e21168.wav
80229e0e60981f9013a0046669edd32a,test,berom,C,clinical,15.46,"115 Compensatory remodeling of the left ventricle allows for accommodation of the regurgitant volume without a significant increase in filling pressures, and maintains the preload reserve of the chamber.",False,,False,,True,True,Female,41-55,NG,074cf2977f20b551bee6d0e3e411f445,/AfriSpeech-100/test/2616dbc1-22b6-4910-8480-286c32003c7b/768a560c9bb596b5d64987fca7396a77.wav
a3b4630a9a8ccf82303417432c662d3f,test,berom,C,clinical,13.0,K+-4.6 PO Lopressor increased to 50mg PO bid tolerated first dose well.,False,,True,50.0 mg,False,True,Male,41-55,NG,074cf2977f20b551bee6d0e3e411f445,/AfriSpeech-100/test/08bfeaa0-b4a1-4ab7-8a7b-721681168229/eb392ef39775136cbc209d683a46e0d9.wav
1601ea287f90336cc2f535549589024a,test,bini,C,clinical,3.4979818594104315,2. HCTZ 25 mg daily,False,,True,25.0 mg,False,True,Female,19-25,NG,8cce6329f8a53977685d157acd19f9ba,/AfriSpeech-100/test/74a25d3c-83c1-4abc-b5a0-455a0a935935/6d69cdaeaf0bbbc18c6b72e81a8113f8.wav
ba4536f44ae1cc6bddd1d886a68e77a2,test,bini,C,general,17.893,"The on-demand insurance coverage is available with an ACORD certificate online.
",False,,False,,False,False,Male,26-40,NG,970df92830e2a9e9191f6efa184dfe6f,/AfriSpeech-100/test/2688a998-d765-4eeb-8fd8-09b020b2ca87/26d1872069a29832ed0f67104774e625.wav
e1a7ef99d4301ae5fb02a2fdb6290892,test,bini,C,clinical,9.992993197278912,Add 10 units of insulin to TPN.,False,,True,10.0 units,False,True,Male,26-40,NG,970df92830e2a9e9191f6efa184dfe6f,/AfriSpeech-100/test/d5664528-5dbf-4ebd-ac22-e1797e7f0511/95e0569cfc624932ba274efbd0cae4fb.wav
3877fbcf10c4b36fec186c1dcf7316bf,test,brass,C,clinical,28.406984126984128,"Desmoid tumors do not metastasize, but they have a significant propensity to recur locally, with reported rates ranging from 5 to 50, sometimes despite complete initial resection with histologically negative margins.",False,,False,,True,True,Male,41-55,NG,9cf80d67a99a0fa81732b4b80ce0ff97,/AfriSpeech-100/test/1d2ed24a-de26-43d1-b4b5-1b1eee709e5b/0275023d82ce8c844c95193885fa733f.wav
795fbbcc55dad655ff683752f4b1030c,test,brass,C,clinical,6.696984126984128,Sequential dosing is usually for 10 or 12 days each calendarmonth.,False,,True,12.0 days,False,True,Female,19-25,NG,b7f05646390799350bf5241d3217d548,/AfriSpeech-100/test/bbe85f08-f047-4cec-87ba-bdb6dcc16a0a/269da08f17cf6be0565bd21c7473eb3a.wav
d53c251ca9fcee3437d49bf595de21af,test,brass,C,general,11.813990929705216,"Patient Ihuoma was addicted to Morphine and eventually had to see Dr. Inango
",True,morphine,False,,False,True,Male,41-55,NG,9cf80d67a99a0fa81732b4b80ce0ff97,/AfriSpeech-100/test/f57b5d23-8ab6-46dc-b421-7320437b8d4c/992ec0bf9072208650d0be27dfe226a4.wav
20d0b5e49fb27db230bccda1d2c38946,test,delta,C,clinical,14.202993197278907,Resp: Remains on NC at 4L LS clear and diminished at bases O2 sat 93- 96 Good cough pt uses yaunker to sxn.,False,,True,4.0 l,False,True,Female,26-40,NG,c4e9a30f151ff93bf9bc454e57f5d90a,/AfriSpeech-100/test/5ed181b6-4c03-4b9c-8fbd-30663746f964/6084572000cf1f77189dc5e57d93c828.wav
569b4a3a00c81fbfef713bb2cf298288,test,delta,C,clinical,16.14,"A review of the data of the Japanese Biliary Atresia Registry JBAR, which includes the results of 1381 patients, showed that the 10-year survival rate was 53 without transplantation and 66.",False,,False,,True,True,Male,19-25,NG,4cf08618140220f8bc9860242713c066,/AfriSpeech-100/test/2588fb87-b975-443f-8962-3362951d3acb/929649a8fdf4c9151fe19d88dfe711e2.wav
f865a5b4098532da11a3e8ae5fbe9437,test,delta,C,general,9.34,"In this day and age going outside and spending time with people would be great, but right now thats not what you should be doing.
",False,,False,,True,True,Female,26-40,NG,c4e9a30f151ff93bf9bc454e57f5d90a,/AfriSpeech-100/test/d068dac5-2032-42cb-ac27-37e03b71054d/173a86261685c195aedb09086a3c57b3.wav
7ad13a1008d4186fe4da2865ae07757c,test,ebiobo,C,clinical,9.525986394557822,The role of inositol triphosphate IP3 is to induce release of calcium from the endoplasmic reticulum ER.,False,,False,,False,False,Male,19-25,NG,c635c55d8933cc560ed19094d3751335,/AfriSpeech-100/test/41497406-a4eb-408e-80af-51b0f0651823/4090d2dfb4f6f4e199cdad7d4becf5d8.wav
9c9e25effae29bb7faa7f6b5abafd60f,test,ebiobo,C,general,15.058979591836732,"Between the Parks and Recreation crew producing a brand new episode virtually and Josh Gad bringing a ton of famous casts back together, including kids, theres been no shortage of memorable moments.
",False,,False,,True,True,Female,19-25,NG,c635c55d8933cc560ed19094d3751335,/AfriSpeech-100/test/4cd735d8-eaf0-4e81-a88f-ae4ce649481a/5450cf32abfd5f8c18bbdd046a58acff.wav
b985d09f630047d9a23f4b60488cf2df,test,ebiobo,C,clinical,8.171995464852607,Hypocoagulopathy is further exacerbated with low platelet counts because platelets help facilitate thrombin generation by assembling coagulation factors on their surfaces.,False,,False,,False,False,Female,19-25,NG,c635c55d8933cc560ed19094d3751335,/AfriSpeech-100/test/f4c7e702-70ae-43c2-8cba-2466e48114dc/3c0f30c4e5df753d887bdf6bdc779530.wav
52335d4132fe4d672c852becea14a77f,test,edo,C,general,13.382993197278912,She spoke of how she would never get to see her walk down the aisle and that Gianna will never get to have a father-daughter dance with her daddy.,False,,False,,True,True,Male,41-55,NG,6d7964f0f060b561dd98e44aec6d6caf,/AfriSpeech-100/test/4d62944e-a10f-4a8c-b73d-c7c6b5c9c6c8/96c0c405db2af7d586ad26a1627410d4.wav
c43d8faa6efe9020bdd669a67ba1e988,test,efik,C,clinical,20.207981859410427,"SOLUTION, SUBCUTANEOUS RITUXAN HYCELA, RITUXIMAB; HYALURONIDASE (HUMAN RECOMBINANT), 1600MG and 26800UNITS/13.4ML",True,rituximab|hyaluronidase,True,1600.0 mg|26800.0 units|13.4 ml,False,True,Male,19-25,NG,68625593d188f0602712dfa756b38861,/AfriSpeech-100/test/fc029d84-553a-4a09-be28-8d44501eadef/4b10a2e6179cdfd1f4cc4ceb4cb3ca7d.wav
cf605b3aaadbd365452e997fbc78122d,test,efik,C,clinical,7.005986394557822,"TABLET, CHEWABLE, ORAL VYVANSE, LISDEXAMFETAMINE DIMESYLATE, 10MG",True,lisdexamfetamine,True,10.0 mg,False,True,Male,19-25,NG,68625593d188f0602712dfa756b38861,/AfriSpeech-100/test/1dbd1750-dc0b-4513-a73b-769647f7bf44/0ab356b08716c3d370c4fa55c9cd34d3.wav
796f61c973ea9e398d6e61d525aa5995,test,eggon,C,general,9.66498866213152,"Although patients situations may be different, many do not find it exciting to sit for long hours.",False,,False,,True,True,Male,41-55,NG,c943dbbb5a34d1efc338a1bdffec2efc,/AfriSpeech-100/test/ec98fc53-b543-49e7-8410-5eca2c1f3abc/90ac4a57de1c0bd2d324be2683b21b90.wav
81734eaf48d8000675f3f458b2ae298b,test,eggon,C,clinical,4.697981859410431,"meningitidis, 7 to 10 days for H.",False,,True,10.0 days,False,True,Male,19-25,NG,cd744c0fdc43bcbc253700c43b167d15,/AfriSpeech-100/test/bbae82bd-0cc2-4c39-a06f-fca099319153/a66544323692017b0f37519394a45beb.wav
9b9b2265f35006044cd94c19382172a2,test,eggon,C,clinical,19.874,"Screening blood donors for African trypanosomiasisIf donor blood can be stored for a few days at 28C, the riskof transmitting trypanosomes is removed because whenstored at this temperature the parasites rapidly lose their infectivity.
",False,,False,,False,False,Male,19-25,NG,cd744c0fdc43bcbc253700c43b167d15,/AfriSpeech-100/test/a83b0626-82ad-405c-acc9-01f58f58e3bb/06a7117493377794ca7668f68134baba.wav
34d37026e4e37ae05622a784be342ac9,test,ekene,C,general,4.745986394557823,"If the church is doing all these things in reality God is well-pleased.
",False,,False,,False,False,Female,19-25,NG,7dbc32f7d45ffed549a82c1614fe4e4d,/AfriSpeech-100/test/b1891820-23c9-4d66-accb-52e9e46b289c/7ba34a603921b8cf204fe6b73e56a758.wav
bfd411fa6e39fb7fb11f7264221e139a,test,ekene,C,clinical,15.750997732426304,"Congenital deformity of sternocleidomastoid muscle. CAPSULE, ORAL PRAZOSIN HYDROCHLORIDE, PRAZOSIN HYDROCHLORIDE, EQ 5MG BASE. Unspecified physeal fracture of upper end of humerus, unspecified arm,",False,,True,5.0 mg,False,True,Female,19-25,NG,7dbc32f7d45ffed549a82c1614fe4e4d,/AfriSpeech-100/test/81c37ba9-663d-4e4a-9ecf-f5e58b5046ac/919fb784a67400ee93f8355b3a1162a2.wav
cf9e560da122091075155bf203bc061b,test,ekene,C,clinical,27.58,"Other fracture of lower end of left femur, subsequent encounter for op. INJECTABLE, INJECTION DICYCLOMINE HYDROCHLORIDE, DICYCLOMINE HYDROCHLORIDE, 10MG/ML. Plasmodium falciparum malaria, unspecified",True,dicyclomine|dicyclomine,True,10.0 mg,False,True,Female,19-25,NG,7dbc32f7d45ffed549a82c1614fe4e4d,/AfriSpeech-100/test/7ea05842-97ed-41a0-b3a7-05d6468d0075/48022f1af77c0e096774d23a580e00bc.wav
8f96acfb2f96d743f369f9d800711ea4,test,eket,C,clinical,5.70498866213152,"In addition, she was given aspirin, Plavix, heparin, and morphine .",True,aspirin|plavix|morphine,False,,False,True,Female,26-40,NG,0fd1e1f6f2e5a984d38827d191508c6f,/AfriSpeech-100/test/6cb48505-f419-4f0d-b9e6-5737d2c2e5f2/4868537ac69bf2d731de3e36f518f606.wav
b5ac61338506de6f0dfc1419176d52e1,test,eket,C,clinical,3.0,Water Deficit 2.5 L .,False,,True,2.5 l,False,True,Female,26-40,NG,0fd1e1f6f2e5a984d38827d191508c6f,/AfriSpeech-100/test/581fb0c9-e694-4db4-8189-bf0fa52b08b2/09e83ff2a406f22d2af09791ae040df9.wav
15580a2ba80250f178624f53536ab40a,test,ekpeye,C,general,16.270997732426302,"He is not a known hypertensive, diabetic or asthmatic, and has not had surgery in the past. Next line. Signed: Dr Ifechukwude Obasiechekwa
",False,,False,,True,True,Male,19-25,NG,9dc1431272e68c73d54ad310595bed50,/AfriSpeech-100/test/510edae6-7a75-4c40-a94a-635a098f5078/10c4ea2774fb5e1bebbe8f79ece0cc2c.wav
24e4da52fc2d6869251f9c9de581409c,test,ekpeye,C,clinical,23.05,Cont on dilantin 100mg q 6 hr.cv: AF rate 65-87 bp 139-170/60-71 received hydralazine 10 mg at 1400.,False,,True,100.0 mg|10.0 mg,False,True,Female,19-25,NG,536d78a0fa587b8ff0c6e4300b1b6e46,/AfriSpeech-100/test/84693752-33df-4d8d-afae-9421d724e692/c81ac2a8e909a45e66d9c1c29cdc8c6e.wav
a9929f0f04802faa3110256ee76330c7,test,ekpeye,C,clinical,6.576984126984128,5-8.Hct 22 this am received 2 units of Rbc's.,False,,True,2.0 units,False,True,Male,19-25,NG,9dc1431272e68c73d54ad310595bed50,/AfriSpeech-100/test/69924484-2d23-49e9-8f5b-e3785dc7fcc4/de78eabd942e7e969a834e5c8b6f84dc.wav
2eaf4bbff8454dc9f957c29a33be26e5,test,eleme,C,clinical,16.48,"POWDER, INTRAVENOUS XERAVA, ERAVACYCLINE DIHYDROCHLORIDE, EQ 50MG BASE/VIAL",False,,True,50.0 mg,False,True,Male,26-40,NG,647045f850e71a06ed56c05f63698b68,/AfriSpeech-100/test/6170f147-572d-423b-a7f7-1e412608a711/f5247e5831f984229eee799a3bd53596.wav
f7eb4020bbab9fb28abf844188cf318f,test,eleme,C,clinical,22.762993197278917,"Unspecified open wound of right upper arm, subsequent encounter. TABLET, ORAL PRASUGREL, PRASUGREL HYDROCHLORIDE, EQ 5MG BASE. Physeal arrest, forearm, unspecified",True,prasugrel|prasugrel,True,5.0 mg,False,True,Male,26-40,NG,647045f850e71a06ed56c05f63698b68,/AfriSpeech-100/test/0c03ad9a-82c0-4dd6-8fd4-d9fe970091a4/517d738a8bf5bcf6b7cd5cc9216cab35.wav
2b38ff9e6cc429930096779e6805e2fc,test,english,C,clinical,4.17,BABY IS QUIETER TODAY DOES NOT LOOK AROUND ASMUCH.,False,,False,,True,True,Female,19-25,NG,4790b04d6fe576385939a0acfd04aabc,/AfriSpeech-100/test/28a91c3b-8347-495f-8f13-8e6aab01ef99/2e6f93be0b492539df210348fb410997.wav
83828cab9a761f48fafe9f38ecfa6554,test,english,C,general,24.68199546485261,"No intermenstrual bleeding, post-coital bleeding, no foul smelling vaginal discharge. next line. Jumbe Adong Muhanga She presented to the family planning clinic
",False,,False,,True,True,Female,26-40,NG,451c3ae47aa6f16b2c6c50aadfbe3e97,/AfriSpeech-100/test/f9c1a06b-d12b-4026-ac19-d3ddd16651a2/6fff8f8a5d1abac1af31cd8e7db31765.wav
ce9a55efb983e8cf0a58ab235b03459b,test,english,C,clinical,23.14199546485261,"Unspecified injury of vein at forearm level, left arm, subsequent enco. SUSPENSION, ORAL PROPULSID, CISAPRIDE MONOHYDRATE, EQ 1MG BASE/ML. Acute lymphoblastic leukemia, in relapse",True,monohydrate,False,,False,True,Male,19-25,NG,7e182fd4d86f832a28f6401bf43ad3fd,/AfriSpeech-100/test/cf25c1e0-ec31-4ffd-b035-b6c4b10626d7/49fce31f673067303e326ac6498c8ba4.wav
2c426ab072756f14159874cb727c3d75,test,epie,C,clinical,7.688979591836735,TWO PERIODS OF INCREASED RR AND MOVING IN BED NOTED WITHREQUIRING PAIN MED AND MIDAZ AS WELL AS ^ PROPOFOL.,True,propofol,False,,False,True,Female,26-40,NG,bd989cf461cf3cf4f98921354debb828,/AfriSpeech-100/test/8f591a08-50e1-466a-9c86-961bb4b2dc27/9ab07e7af4259b21926519c5ec03e7eb.wav
b3a46c19d0e26a91d003c51e4d40b66e,test,epie,C,general,3.5789795918367338,Normal people like you and me are not allowed to vacation there.,False,,False,,True,True,Female,19-25,NG,a5a17c6cc2e10fbebc20e6548b59b1db,/AfriSpeech-100/test/4ba64926-ea59-4b20-852a-d18bac968bf1/9b1803e4a411ead36de20b28d820f56e.wav
c90270fe8da819633527fc66957c3e0e,test,epie,C,clinical,10.266984126984129,"TABLET, ORAL LOPERAMIDE HYDROCHLORIDE AND SIMETHICONE, LOPERAMIDE HYDROCHLORIDE; SIMETHICONE, 2MG;125MG",False,,True,2.0 mg|125.0 mg,False,True,Female,26-40,NG,bd989cf461cf3cf4f98921354debb828,/AfriSpeech-100/test/8f30f12b-d8a7-47d5-97d0-c073e3531daa/29e1af577599a4c9e3ec4fbbbfe93f4d.wav
4524d44d0b4b586ba5f80bab94a36374,test,estako,C,clinical,7.1629931972789125,Metoprolol 100mg Hospital Dekunle2.,True,metoprolol,True,100.0 mg,False,True,Female,19-25,NG,338e888c4f910ea4821044a292220871,/AfriSpeech-100/test/cd14f42f-b64b-438e-978f-1116dcf984fd/8082d0e5c04250b71f5558a36842572a.wav
695771856cc6a19aadcc9c02daeb816b,test,estako,C,clinical,21.156984126984128,"Superficial foreign body of other specified part of neck, sequela. TABLET, ORAL ADVIL CONGESTION RELIEF, IBUPROFEN; PHENYLEPHRINE HYDROCHLORIDE, 200MG;10MG. Unspecified injury of pelvis, sequela",True,ibuprofen|phenylephrine,True,200.0 mg|10.0 mg,False,True,Female,19-25,NG,338e888c4f910ea4821044a292220871,/AfriSpeech-100/test/d5017d7f-ee29-4fdd-b9a0-b1739d5af91b/67b43823ed2940e31630e166b8dd8f1c.wav
9505e3e628561706ade58cb28cbf9571,test,etche,C,general,8.697981859410431,"Why did the teddy bear not want to have dessert?
",False,,False,,True,True,Male,19-25,NG,a61d694177748b99b776b8a88de83123,/AfriSpeech-100/test/d0ead110-e473-443e-b726-85154738daff/848430094bac0a439abd83d4e9a0b489.wav
f5cb123d9ff58506553397ea7d69d50a,test,etche,C,clinical,18.0,6. Calcitriol 0.5 mcg Capsule Sig : One ( 1 ) Capsule PO EVERY OTHER DAY ( Every Other Day ) .,True,calcitriol,True,0.5 mcg,False,True,Male,19-25,NG,a61d694177748b99b776b8a88de83123,/AfriSpeech-100/test/50b0672c-fbee-4d08-bdbb-8d5f17a7a20a/09e735bbf4140189cbc9f9e01062848c.wav
fb226674b17933ee5365ba61f4e6f578,test,etche,C,clinical,12.076984126984124,Amt: 57ML OPTI240; 60ML OPTI320 CPT,False,,True,57.0 ml|60.0 ml,False,True,Female,19-25,NG,a61d694177748b99b776b8a88de83123,/AfriSpeech-100/test/1fb30a71-e903-4e33-9c3b-6e88c60a43ee/e5076f929cf455fc97b3b21b00f79ba5.wav
0700cda752bd76a9e0094aa81371a166,test,etsako,C,clinical,4.398979591836736,"TABLET, ORAL TADALAFIL, TADALAFIL, 5MG",True,tadalafil|tadalafil,True,5.0 mg,False,True,Male,26-40,NG,1281cf779708a9704facbd421770169f,/AfriSpeech-100/test/abe89d66-0efc-4a1a-acdf-ae70e5f513c6/4a5bbce73a14b23780724ccb4232abca.wav
2a2db36f700c4b370d82f111f4e23096,test,etsako,C,clinical,16.0,The following medication change was made: - ADDED: Amoxicillin/Clavulanic acid: take 1 tablet twice a day for another three days last dose on the evening on Wednesday 16 May 2029- ADDED: folate thiamine and a multivitamin,True,amoxicillin|folate|thiamine|multivitamin,True,3.0 days,False,True,Male,26-40,NG,1281cf779708a9704facbd421770169f,/AfriSpeech-100/test/b62fb671-55ca-408b-a53e-52fc4e934a09/3b5e4091fb3f65f72a95010158a5ca1a.wav
20fdceadef3a23b47cd9a253b156d2d8,test,fulani,C,general,17.60698412698413,"History of Present Illness: Mr. Jagunna Okorie 68 year old male with no known significant past medical history who presented to the Hospital Eket ED on 15 March 2011 for acute stroke at 13: 40.
",False,,False,,True,True,Male,26-40,NG,614ae5d7c4f44c3f7a49579a1bfdee95,/AfriSpeech-100/test/ac50eb2b-26ca-4415-8749-444f520cc78b/aeda8834812ca15e5a479faf9c333de2.wav
bc60654d276884a19cbba4a0bf10264b,test,fulani,C,clinical,6.014988662131518,At this writing fluid balance is about 1800 negative for the day.,False,,False,,True,True,Male,19-25,NG,2b9a1ec1ed511a0da7b9d1d0913d2726,/AfriSpeech-100/test/fd70c067-fc8c-42c5-8be2-590721527f4e/097f774aae608ff7722fa0d61f669031.wav
efa38753b6f1cbfc85a3645af80e5622,test,fulani,C,clinical,6.015986394557822,FEN: Wt 2580 up 5 grams.,False,,True,5.0 g,False,True,Male,19-25,NG,5767f613c2a2dfbce6482c0621b98f28,/AfriSpeech-100/test/534b28a4-2e73-481f-82df-4e43b94c134d/e6d50ae53a82ab37d38ab7aa5ba557f5.wav
1ed939ce62c5672b88f5e3810e0c1757,test,gbagyi,C,clinical,24.0,Subjective Patient extubated on 23 diet advanced Objective Pertinent medications: noted Labs: Value Date Glucose 97 mg/dL,False,,True,97.0 mg,False,True,Male,19-25,NG,2aeb013da2c4f164164677ba5d6c7ca9,/AfriSpeech-100/test/abc6c1de-d61b-4c8f-ab1b-5aca7f80eb43/7cb909ecf48a502c27a0eff1174ea1fa.wav
ca5a139af5252ba9ef0157f1e4b22f7e,test,gbagyi,C,general,12.820997732426305,"Menstrual bleeding for 14 days, contained with 4 pads per day with implant insertion. next line. Chiemezikam Nnewi Dizziness, fainting spells or loss of consciousness
",False,,True,14.0 days,False,True,Female,19-25,NG,c7d18431998392f4dee1d934eaebf88c,/AfriSpeech-100/test/2be058a5-2d35-4bf7-8e70-1ce515a89329/cfbc75005951cf27793239a87938497f.wav
cdad5949ae6301810466710c9fa591b7,test,gbagyi,C,clinical,7.198979591836735,Senna 8.6 mg Hospital Laito 6.,True,senna,True,8.6 mg,False,True,Male,19-25,NG,2aeb013da2c4f164164677ba5d6c7ca9,/AfriSpeech-100/test/b8cbae5c-fec4-427d-ba40-d0f3eae41b7b/984bb4625fbb993c3a26ab7016124d10.wav
0b1afb3f06809ee1a41f4ea19450dfd0,test,ibani,C,general,11.212,"The Authority is not disclosing the employees name or position within the company to ensure their private health information remains confidential, communications director Sean Driscoll wrote.
",False,,False,,True,True,Female,19-25,NG,1f8136110732aab77af2fda46d9cdb28,/AfriSpeech-100/test/dd3c69cc-a093-4a6d-a10f-2ded9834ac10/118a5165977aa08b8ef809c2165845e1.wav
1564dbff30c4f41d2705b6eab54f261b,test,ibani,C,clinical,4.650997732426304,Has been hemodynamically stable for the past 48 hours.,False,,True,48.0 hours,False,True,Female,19-25,NG,1f8136110732aab77af2fda46d9cdb28,/AfriSpeech-100/test/b571c3ef-ab76-435d-9790-0c5a9c4dd811/3e525ab6cf438d48d4fd0f1879589cb5.wav
638d52a920b7ec4ac12b7b6d46746ea7,test,ibani,C,clinical,4.877981859410431,Patient had passed swallow evaluation but is not NPO.,False,,False,,True,True,Female,19-25,NG,1f8136110732aab77af2fda46d9cdb28,/AfriSpeech-100/test/04daa955-4272-4aa9-bcd5-2764247b4fb8/4634adec3e83e82b5ee8c7c6c20e5d70.wav
3e15362de5160160b9b6dc4a1b7b5173,test,idah,C,clinical,7.586984126984127,Increased Milrinone to 0.5mcg/kg/min as ordered at 1830.,False,,True,0.5 mcg,False,True,Female,19-25,NG,f76c7e270ff68b5338b5787d08ebcf88,/AfriSpeech-100/test/527a3a87-a7d6-4f61-901d-38742a4bc587/e4a03447cbdaf5bff539c0cde94ff6c4.wav
a118dd3124494bfe59ab23ed58e83735,test,idah,C,clinical,12.0,She was on heparin at 250 units/hr dopa at 5 mcg/kg and TPN at 42cc/hr.,False,,True,250.0 units|5.0 mcg|42.0 ml,False,True,Female,19-25,NG,f76c7e270ff68b5338b5787d08ebcf88,/AfriSpeech-100/test/04efddd4-bae3-4d1d-bf35-0ebdc366ab7b/bb1c2aa66b9cb6925188ce1f4c1d0f48.wav
034edeacea0c26990023d688762888cb,test,igarra,C,general,11.861,"Justice Sherifat Sonaike noted that Ezeawem had been absent for the second time in a week without informing the court.
",False,,False,,True,True,Male,26-40,NG,9a65a19b865e25e57cc6c56b4f63c381,/AfriSpeech-100/test/b1ee02db-2c9b-45e9-b0d6-dbce0c6ed812/8db98368612048368c68c33ebf8ba366.wav
8869f1eeb5bc976ec0121bbfb7e71228,test,igarra,C,clinical,17.153990929705216,"Other fracture of lower end of right ulna, subsequent encounter for op. INJECTABLE, INJECTION SODIUM CHLORIDE 0.9%, SODIUM CHLORIDE, 9MG/ML. Nondisplaced fracture of neck of right radius, subsequent encounter fo",False,,True,9.0 mg,False,True,Male,26-40,NG,9a65a19b865e25e57cc6c56b4f63c381,/AfriSpeech-100/test/efac6af8-9cdb-4eab-8442-a5fb8c15f8d3/4811de65c25b8690be5c523de2084ed7.wav
bfeb15fa6cda5bc99eca0dfa907afdfd,test,igarra,C,clinical,9.383990929705217,9. levothyroxine 50 mcg Tablet Sig: One 1 Tablet PO DAILYDaily.10.,True,levothyroxine,True,50.0 mcg,False,True,Male,26-40,NG,9a65a19b865e25e57cc6c56b4f63c381,/AfriSpeech-100/test/9ce2caf8-75b2-4ccb-bca7-d3f1f4e26938/74acf471a56dd0e991e3ef585db506b2.wav
0a4896f3691a43baeda611176e154eb2,test,ika,C,clinical,3.5219954648526075,"No load current, A typical.",False,,False,,True,True,Female,19-25,NG,505f9a7db0b49d5ff0f9f038dcab9f18,/AfriSpeech-100/test/ec09f663-4fc3-4836-accf-7675c07f0ca5/100a62af2c7c14e5af38ef904d0668ca.wav
aa6e5d8125f7b4f9c74f5b74eed331d8,test,ika,C,clinical,5.746984126984128,The test requires incubation at room temperature for about 18hours.,False,,True,18.0 hours,False,True,Female,19-25,NG,505f9a7db0b49d5ff0f9f038dcab9f18,/AfriSpeech-100/test/1443ae0f-2e61-421e-b128-6c4f2e4bc238/449a03b9d8864bbbdca3b3a019a7504d.wav
d82cec807957c626355a5aa710d2c1e9,test,ika,C,general,15.050999999999998,He was apparently well until 2 days ago when he developed high fever with associated chills and rigor. Next line.,False,,True,2.0 days,False,True,Male,41-55,NG,4fd488237ecdaac17742635e80baa34b,/AfriSpeech-100/test/71a2a3a0-cb85-40b2-8c0a-b9de92eaba02/0ee270da3279cd41f1bb91f57fd28154.wav
50dda38735c07990362d85bde0133f84,test,ikulu,C,clinical,4.0,"TABLET, ORAL TADALAFIL, TADALAFIL, 5MG",True,tadalafil|tadalafil,True,5.0 mg,False,True,Female,19-25,NG,08e7223783d9f6a426d8841d22f4fc6e,/AfriSpeech-100/test/066c94ae-8944-494d-84d1-79b7ce47e40c/4a5bbce73a14b23780724ccb4232abca.wav
b24705a3414d9d448da6c5d657098adc,test,ikulu,C,clinical,5.472993197278911,The mutations were not detected in the ALD gene of 30 healthy persons,False,,False,,True,True,Female,19-25,NG,08e7223783d9f6a426d8841d22f4fc6e,/AfriSpeech-100/test/68f4cfa7-6c58-4620-8cc0-28811313bf4b/fd493f6bcc07b7d12d8779f8f74d4e66.wav
5edf769b6919fac4f5f4ade730fd1bb6,test,ishan,C,clinical,4.0,DRAINED APROXIMATELY 40CC SO FAR THIS SHIFT.,False,,True,40.0 ml,False,True,Female,19-25,NG,6cbf14830570832e30161d63767dbb7f,/AfriSpeech-100/test/b84eb101-b766-4b2e-a41b-a0ab5ffe8189/f2cc5ddd0bea94bce2704101fc9b2e75.wav
bf5c981afa3eaf5cf847e9a91c4dcb83,test,ishan,C,clinical,11.0,3 FEN: TF140cc/kg/day infant cont to be NPO.,False,,True,140.0 ml,False,True,Female,19-25,NG,6cbf14830570832e30161d63767dbb7f,/AfriSpeech-100/test/3db9cda1-7689-4855-8a96-e6e44e2720eb/e3b81df49654ec51469d4f8b20bc171d.wav
294291ec62b0f0bf47d94dcedd2546ec,test,isixhosa,C,clinical,10.070997732426305,Condom catheter will not stay on patient: Ensure that condom catheter is correct size and that penis is thoroughly dried before applying condom catheter.,False,,False,,True,True,Female,26-40,ZA,3432e293a1eacc1875a003939d73bb72,/AfriSpeech-100/test/f9158bab-2ddd-465c-bb1f-218a4f067a8c/ae2196a4ebb30aeb656ac1367077b224.wav
bd6c36ca7dfb7303fc8ca6e11274a52f,test,isixhosa,C,clinical,15.852993197278913,"For example, ketoconazole and triazolam compete for binding to the CYP3A4 active site and thus exhibit their own unique rate of metabolism.",True,ketoconazole|triazolam,False,,False,True,Female,19-25,ZA,f44d71b1ecdd680937ebac25969b8b35,/AfriSpeech-100/test/e1c4cfd5-86a1-4731-82a9-6b5b763916ce/21e63de4925d47c3698f3695f35fef1d.wav
8e067faa1909e8c3674558e0f28874d2,test,isoko,C,clinical,6.0,Pt developed short runs of sympotomatic non-sustained VT.,False,,False,,False,False,Female,26-40,NG,27ade7520125e3c02f8b96a93a6c71cd,/AfriSpeech-100/test/45e3c8ac-2837-4f04-a1a7-13a380061b92/386c99fd8f2f4955f23979005628085f.wav
90e3c94c91b77cbb0007c5478c9bc7d0,test,isoko,C,clinical,10.026984126984129,Cardiology was briefly consulted who recommended to start the patient on Lovenox 60 mg subcutaneously twice per day.,True,lovenox,True,60.0 mg,False,True,Female,26-40,NG,27ade7520125e3c02f8b96a93a6c71cd,/AfriSpeech-100/test/3a3ece45-9ae5-4e59-be65-a829ab511b44/7304d07be9b4fe4bff5e4a55958b791f.wav
bde569d1c5436b9011e7291e0591791d,test,itsekiri,C,clinical,7.268979591836735,30 units of lantus given riss scale per cvicu protocol.,True,lantus,True,30.0 units,False,True,Male,19-25,NG,51f074834691ef8c89eae4963318912a,/AfriSpeech-100/test/40f9110a-a247-48a5-b676-0c524fa606e6/ffd7e34dccc405fd490507b7e0d4ed4d.wav
e8b7e1c7a72f411ccac63c301f5e2b21,test,itsekiri,C,clinical,6.708979591836735,Symptoms lasted about five hours and then gradually resolved except for the change in vision .,False,,True,5.0 hours,False,True,Female,19-25,NG,8931b4811df260eea1785e9ba6173046,/AfriSpeech-100/test/b7459b86-4ab2-4c41-adad-4ef0e70bb2bb/2733ccad3e88a722a0e0087377179b8c.wav
18361ec4ecc20db368a75ee828e415cc,test,jaba,C,clinical,11.24,Neuro checks Q: 4 Pain: Fentanyl gtt Cardiovascular: Loongy Ahnoowah - pt appears to be volume depleted.,True,fentanyl,False,,False,True,Male,19-25,NG,d8ef77839c48c8acb5cf0baf218da332,/AfriSpeech-100/test/004a05f1-69c4-4843-9986-a915860b6576/db16c32aa055550738fbc3cd45328309.wav
9b7de9c3315540a63648b9c1212db787,test,jaba,C,clinical,6.871995464852607,A: Day 7/?7 gent and day7 cefotaxime.,True,cefotaxime,False,,False,True,Male,19-25,NG,d8ef77839c48c8acb5cf0baf218da332,/AfriSpeech-100/test/88cd1d37-0856-4c15-8e8b-2c29bce28299/62c5f63de8c9dd7063fdb2e21e45737c.wav
69b6cd5f741af0799aed46db39c2b3ce,test,jukun,C,clinical,3.9049886621315193,The sexual dysfunction is secondary to marital discord.,False,,False,,False,False,Female,19-25,NG,902021a1aa6c17be682f62a5c3ba515c,/AfriSpeech-100/test/8a1eab61-43e6-429b-bcb0-226b0f3ea80f/345d70b1141937f44728579710e7c86d.wav
740097459dffea7514558527c4f0bec7,test,jukun,C,clinical,11.84,"Cognitive function includes the processes of perception, attention, memory, reasoning, decision-making, and problem-solving p.",False,,False,,False,False,Female,19-25,NG,902021a1aa6c17be682f62a5c3ba515c,/AfriSpeech-100/test/d2d87dd7-9203-4eb9-9cb9-ed2738a0aff1/ae91adccc2aca33c314a03b625aa3085.wav
79fc4fcd5b516d1eb53d23875b4af44a,test,kalabari,C,clinical,23.0,"Isolated mYfh1p is a soluble monomer (13, 783 Da) that contains no iron and shows no significant tendency to self-associate",True,iron,False,,True,True,Male,19-25,NG,cc96e1e9c8f7acd448484f4aaedd38e6,/AfriSpeech-100/test/0c77cb21-8cc7-4db0-915c-1c3286d9f4ce/e59faeeb1ff7ce588d3843c86039e0ff.wav
bb3702b2a7ae80986cc8dcd132ff2928,test,kalabari,C,clinical,7.512993197278911,Start taking Ranitidine Zantac instead to prevent heartburn3.,True,ranitidine,False,,False,True,Male,19-25,NG,cc96e1e9c8f7acd448484f4aaedd38e6,/AfriSpeech-100/test/a12f6489-1dd5-463e-9094-db100a36da54/75a2c6713d3f5c086f3882576909506e.wav
2724a2c5e5300779ab3ada65f742cd32,test,kanuri,C,clinical,18.96199546485261,FEN: Abd benign weight today 1630 down 80 gm on 80 cc/kg/d PE/MM 20 all PG.,False,,True,80.0 ml,False,True,Female,19-25,NG,346a19aad96176bf98a555956d24babb,/AfriSpeech-100/test/8fb153cb-5ab1-4b7c-a496-3e9f45f477a6/c476b4eb93b52ef9b968e7d25b04ed76.wav
2d08b60a5b597f41bb0a98352a8ffd77,test,kanuri,C,clinical,18.316984126984128,"Wedge compression fracture of first thoracic vertebra, subsequent enco. TABLET, ORAL LORAZEPAM, LORAZEPAM, 0.5MG. Central cord syndrome at C5 level of cervical spinal cord, subsequent",True,lorazepam|lorazepam,True,0.5 mg,False,True,Female,19-25,NG,cd8d1839fd55b20db7d279cc3fe60a7f,/AfriSpeech-100/test/03a0e74e-96e9-4113-aeda-7b71ac256e16/db7969c31b18e3f08d89fc9cf9b297e6.wav
395b59676aa6355fae06bacef67fc140,test,khana,C,clinical,16.0,A/Plan: - trial off CPAP today- complate 7 day course for omphalitis- cont feeding adv- restart lipids with PN,False,,True,7.0 days,False,True,Male,19-25,NG,ab4eca49404b0b70f831c0ec4204d20d,/AfriSpeech-100/test/092b5a59-bcf6-4518-86c9-af83ac6d85b9/59ff735cca8e5eb8882189fdce3fc9d0.wav
3c5572142e8029ffb07a9bbe17542aed,test,khana,C,clinical,10.330997732426304,NF cycloSPORINE 0.05 % OU Hospital Ogbalay7.,True,cyclosporine,False,,False,True,Male,19-25,NG,ab4eca49404b0b70f831c0ec4204d20d,/AfriSpeech-100/test/dc84e5f3-41f4-4c21-ac07-40dd3b197975/266061a211a5a83cd7b4532948669511.wav
41300eae9d89c276e32cfe52726db57c,test,kikuyu,C,clinical,18.035986394557824,The primary consideration in all clinical trials is toA Determine the safety of the drugB Determine the efcacy of the drugC Ensure that there is no risk to the subjectD Provide for the welfare of the subject2.,False,,False,,True,True,Female,26-40,KE,0672245fd913e989d2d5653aa7e9b98f,/AfriSpeech-100/test/513fd454-0107-4302-8f5e-17900bc7cf5b/49e878932dcc5510396d439cc0aaf556.wav
9259dde6b27dc39fcc0779e36d0bec02,test,kikuyu,C,clinical,13.447981859410431,"Instruct patient to inhale slowly and as deeply as possible through the mouthpiece without using nose if desired, a nose clip may be used.",False,,False,,True,True,Female,26-40,KE,0672245fd913e989d2d5653aa7e9b98f,/AfriSpeech-100/test/13b6ccf3-50e4-4423-8f1a-1cbe482c542d/a868617e02fbca728056c209cb9c5cb3.wav
c57908e428d843a4751c1d649dde1178,test,kubi,C,clinical,26.02498866213152,"Thank the patient and clean your hands150 THE NERVOUS SYSTEM, Integrated examination sequence for the nervous system, A complete neurological examination is demanding for both doctor and patient, and in many cases will not be necessary.",False,,False,,True,True,Female,26-40,NG,c4488c5ba7debda752c4dd68fa220991,/AfriSpeech-100/test/573a0c6d-9fc4-40ce-8d04-db86adaf929c/2383a879205d836f19060c1d8302530f.wav
cab8b585c413020c52712fa86d9487f2,test,kubi,C,clinical,14.596984126984127,"Docile pseudomembranous colitis includes discontinuation of the antibiotic, and if diarrhea is severe, oral metronidazole or vancomycin.",True,metronidazole,False,,False,True,Female,26-40,NG,c4488c5ba7debda752c4dd68fa220991,/AfriSpeech-100/test/2065f641-84ee-419c-875a-8d24673f7457/95a6b11369ef37a5509a486c328a9cd5.wav
7ac2b7f21b9550f6de49f8047e0c0e19,test,luo,C,clinical,17.048979591836734,"Long-term abuse can produce toxic psychosis that closely resembles schizophrenia and must be treated with neuroleptic drugs haloperidol, chlorpromazine.",True,haloperidol|chlorpromazine,False,,False,True,Male,26-40,UG,a29b860e5b5c7d1d5fcc1668c7b297db,/AfriSpeech-100/test/ca566da9-8ad4-4bbc-8d12-d222a2c4ab31/a433a9254e163376ef62f68829df1231.wav
81d460da9e2df1462d19d603f0e57a15,test,luo,C,clinical,8.648979591836735,Care must be taken when applying the collar not to hyperex or hyperextend the patients neck.,False,,False,,True,True,Male,26-40,UG,a29b860e5b5c7d1d5fcc1668c7b297db,/AfriSpeech-100/test/b1bc8181-4da2-4c56-a774-87b88ebab8bc/66bb226ff7d824785f9b0270320d7c0f.wav
2c417f9512707188cc0f0aba9d9a80ef,test,mada,C,clinical,19.518979591836725,"Displaced midcervical fracture of unspecified femur, subsequent encoun. IMPLANT, IMPLANTATION LEVONORGESTREL, LEVONORGESTREL, 75MG/IMPLANT. Capsular contracture of breast implant, subsequent encounter",True,levonorgestrel|levonorgestrel,True,75.0 mg,False,True,Female,19-25,NG,a1f4157da6253f590f6f561a43d1f55c,/AfriSpeech-100/test/1e9fc4d1-9e9b-4541-bc4d-79cac5db82c9/3cfd9b43f1ff2e138268d56b08c13c1a.wav
95db94bcf9a5dca2090b618996026b61,test,mada,C,clinical,20.990997732426305,Labetalol 10-20 mg IV Q4H: PRN SBP>140 Order date: 21 at 0816 22.,True,labetalol,True,20.0 mg,False,True,Female,19-25,NG,a1f4157da6253f590f6f561a43d1f55c,/AfriSpeech-100/test/40768373-4aae-4791-8c05-f719c809ab91/6cfbce92e5934064eeedf6043186d8c9.wav
aa3d0d5b66d4e3ae1d00cd720b8a0fb7,test,mwaghavul,C,clinical,16.00498866213152,"Unspecified complication of corneal transplant, left eye. CAPSULE, ORAL TEMAZEPAM, TEMAZEPAM, 7.5MG. Poisoning by tramadol, intentional self-harm, initial encounter",True,temazepam|temazepam,True,7.5 mg,False,True,Male,19-25,NG,0fa62fa5e27935cf54322855392c546a,/AfriSpeech-100/test/2851bfff-b4e1-49bd-973e-8cdb5996dd45/c8e5866003d0b3b1ac4fdecf5e47629c.wav
bf51a31d5dd31e4cf53a49972014a88a,test,mwaghavul,C,clinical,20.0,"Unspecified occupant of dune buggy injured in nontraffic accident, seq. TABLET, ORAL BICILLIN, PENICILLIN G BENZATHINE, 200,000 UNITS. Displaced fracture of epiphysis (separation) (upper) of right femur, s",False,,True,200000.0 units,False,True,Male,19-25,NG,0fa62fa5e27935cf54322855392c546a,/AfriSpeech-100/test/70a0f8a4-3a1a-4744-8db0-53973b8c6653/b7437e272989e0681c44ff51c2d7d6fe.wav
1efa1d7cf13f33924ba9fdac9e291aa6,test,ngas,C,clinical,5.590997732426303,23 with limited oral opening.,False,,False,,False,False,Female,19-25,NG,d3d81ed3eac038eaae1b91465e44fa01,/AfriSpeech-100/test/12b9ff06-e123-4032-8eb2-04b31e069c1c/6d0b9ed254be5b38b03496cf22250020.wav
6b1ac9fd68036319be02c4d34443986a,test,ngas,C,clinical,7.603990929705215,Insufficient fluid intake shows as a decrease in urine output.,False,,False,,False,False,Female,19-25,NG,d3d81ed3eac038eaae1b91465e44fa01,/AfriSpeech-100/test/076bd262-2d98-4ac2-bcce-ea8dab06dcc8/e708310954e174b614a8580edbd07f4d.wav
8a9cea52e9b59a3a21705dc3c2885d04,test,nyandang,C,clinical,16.0,FEN: TF 130cc/k/d of BM32 with promod/PE32 with promod.,False,,True,130.0 ml,False,True,Male,19-25,NG,c7c349e6a599b595db2c50626cc098fb,/AfriSpeech-100/test/7a6f9138-130e-410a-afe3-dc3e797cda1b/720f361d0ad09f835873dc41face4c65.wav
0781b542e2bb0461fb14d4e1880ba8a7,test,obolo,C,clinical,11.061995464852608,Again around 0345 pt became more violent and yelling lt arm restraints removed for positioning and received ativan 1mg w/ effect.,True,ativan,False,,False,True,Female,19-25,NG,7c7e59f41c237ee1cce2b54419487def,/AfriSpeech-100/test/52d0a834-4971-41a8-acbb-200e0f0910e5/2a1f7f0df72974d128964b54e2cccf13.wav
5356ac8c588f99c3e1616d39ae13eae0,test,ogbia,C,clinical,4.0,DOES NOT APPEAR TO BE IN PAIN ON FENT DRIP.,False,,False,,True,True,Female,19-25,NG,d17dcfcdaab1beee927fa7fa4c9b1293,/AfriSpeech-100/test/9e2dc629-5ee2-47b8-ab9e-592b5e437139/446cf021590c73959e8db03ce9c00e0f.wav
11caa8fa466d48bcc966b305b18a3141,test,ogoni,C,clinical,8.536984126984128,He was started on ceftriaxone on 16 for focal opacity seen on CXR.,True,ceftriaxone,False,,False,True,Male,19-25,NG,633ea93e9a3eb22f92e6c522c11f1f52,/AfriSpeech-100/test/0e0a14c7-5f2b-4c55-8408-988dfc83985c/c080ca70f74a7eca75f384d2d11fd283.wav
1a2f61401501f9f0447e63524344eb1d,test,oklo,C,clinical,18.153990929705216,It decreases the duration of illness by 1 to days when treatment is initiated within 48 hours of the onset of 576VI CHEMOTHERAPY50 Antiviral Drugs 577 symptoms.,False,,True,48.0 hours,False,True,Male,26-40,NG,0025a3634a3f45e792d1567b9cdcd246,/AfriSpeech-100/test/db2af073-6644-41d1-a1d4-2627f5b1c09d/dba5ece3885166a68be767808029d1f4.wav
824c7c4c945e6189c231341493d25e5d,test,sepedi,C,clinical,10.90498866213152,"Thus, nitroglycerin relieves the symptoms of angina by restoring the balance between myocardial oxygen supply and demand.",True,nitroglycerin,False,,False,True,Female,26-40,ZA,cce3622fc553779b00f95303f0ab79e3,/AfriSpeech-100/test/c548102c-5f8f-43f2-a75b-512923a7689f/8e7c6c3e1aa77277c7051f58f666da6b.wav
ec18809717922ca38ceeb713515fbcff,test,sesotho,C,clinical,9.367981859410431,"Meloxicam Mobic , recently introduced for the treatment of osteoarthritis, is also used for rheumatoid arthritis and certain acute conditions.",True,meloxicam,False,,False,True,Male,26-40,ZA,17312047433042cacac3ca69b5cc44bc,/AfriSpeech-100/test/82d6def7-dfbd-4eca-9365-3bacb6c46774/26079d940714d38da268b73b4d983525.wav
edaf4944e378023b5211a41d8ff5fbcf,test,sotho,C,clinical,5.100997732426304,Hypertrophy without accompanying hyperplasia affects mainly muscles.,False,,False,,True,True,Female,41-55,ZA,3a9393eaf5b4959a218ca3b4ede4e6dd,/AfriSpeech-100/test/3bfc73b5-7e3d-4c0d-a541-e94067e13554/649b448c455c6f8fd2a24be98435b526.wav
997f3e37861b711e251f7700dab7d53a,test,tshivenda,C,clinical,4.538979591836736,Infiltration of scrotal skin is not required.,False,,False,,True,True,Female,,ZA,749e1c837517db8be23aa31e9b4838b1,/AfriSpeech-100/test/c6049b25-3165-491b-9b9f-cdd3cb93d2c4/58a53615e56066c18f1edc782505ed71.wav
f685934ebfac5fa0ea4371a3f6cf8c2f,test,ukwuani,C,clinical,7.866,"The plasmahalf-life is quite long,approaching 24 hours,which permits dosing once per day.",False,,True,24.0 hours,False,True,Female,19-25,NG,4967627de1c9a0d74ad7af13dfc8d792,/AfriSpeech-100/test/dc72850d-766b-404f-8146-b748973a6df5/d340ea733f59e00a87d3eb96eccc5d8b.wav
