clip_id,provider,accent,tier,domain,duration,wer,drug_mentions,drug_correct,drug_substitution,drug_deletion,doses,dose_correct,dose_value_error,dose_unit_error,dose_missing,negation_cues,negation_preserved,negation_lost
00a8fbb3c1ab981f953251ab74953aa7,aai,igbo,A,clinical,3.160997732426304,0.25,0,0,0,0,1,1,0,0,0,0,0,0
00cb23d4474de886b096a4121ad06467,aai,igbo,A,clinical,15.79498866213152,0.041666666666666664,0,0,0,0,1,1,0,0,0,0,0,0
00f29afe5b9419051ece6254c7671140,aai,ijaw,A,clinical,4.0,0.0,1,1,0,0,0,0,0,0,0,0,0,0
01cf1c65195a5bf6cfdea2270f27d30f,aai,isizulu,B,clinical,10.213990929705217,0.0,1,1,0,0,0,0,0,0,0,0,0,0
0316642537208a2c38571a0598277900,aai,izon,B,general,27.782993197278923,0.0,0,0,0,0,1,1,0,0,0,0,0,0
034edeacea0c26990023d688762888cb,aai,igarra,C,general,11.861,0.15,0,0,0,0,0,0,0,0,0,1,1,0
035836ee284849df9969d1dd62f025f6,aai,luganda,B,clinical,6.33498866213152,0.07142857142857142,0,0,0,0,0,0,0,0,0,0,0,0
04a041c8c7f0c63c42e21c23b4739a33,aai,luganda,B,clinical,3.351995464852608,0.16666666666666666,0,0,0,0,0,0,0,0,0,0,0,0
06e79ca6e3f2bc5a6aefbd7be5f1f8e4,aai,hausa,A,clinical,5.0,0.2,1,1,0,0,0,0,0,0,0,0,0,0
0700cda752bd76a9e0094aa81371a166,aai,etsako,C,clinical,4.398979591836736,0.0,2,2,0,0,1,1,0,0,0,0,0,0
0781b542e2bb0461fb14d4e1880ba8a7,aai,obolo,C,clinical,11.061995464852608,0.09090909090909091,1,1,0,0,0,0,0,0,0,0,0,0
08048da2f122e9696d96fe84b6c63d13,aai,esan,B,general,7.022993197278912,0.0,0,0,0,0,0,0,0,0,0,0,0,0
084115ff20f2b83589318b1d443d51d2,aai,igala,B,clinical,6.0,0.1111111111111111,0,0,0,0,0,0,0,0,0,0,0,0
0a4896f3691a43baeda611176e154eb2,aai,ika,C,clinical,3.5219954648526075,0.4,0,0,0,0,0,0,0,0,0,1,1,0
0b1afb3f06809ee1a41f4ea19450dfd0,aai,ibani,C,general,11.212,0.038461538461538464,0,0,0,0,0,0,0,0,0,1,1,0
0b698a4e9ec659918686f249a1428360,aai,luganda,B,clinical,6.818979591836735,0.2222222222222222,0,0,0,0,0,0,0,0,0,0,0,0
0bc62a7632b777c66f67cc78b1b032db,aai,swahili,A,clinical,7.602993197278912,0.0,0,0,0,0,1,1,0,0,0,0,0,0
0ce35af951a7a044a001403b6cd2bb60,aai,urhobo,B,clinical,8.0,0.0,0,0,0,0,0,0,0,0,0,1,1,0
0e3380e30506ef3de8547f5a1851253f,aai,igbo,A,general,15.653990929705214,0.0,0,0,0,0,0,0,0,0,0,1,1,0
0e810af15dbe05ac2ab931927497b9e3,aai,bajju,C,clinical,9.328979591836736,0.0,0,0,0,0,0,0,0,0,0,1,1,0
0f3414fc7708ee92f8405d95f47cd43b,aai,esan,B,clinical,9.195,0.0,0,0,0,0,0,0,0,0,0,0,0,0
0ff27a131661532578989ce2bd77d3ac,aai,xhosa,B,clinical,24.56498866213152,0.13333333333333333,0,0,0,0,0,0,0,0,0,0,0,0
101ba9085997bf5916102caf0e5751d5,aai,zulu,B,general,5.8,0.0,0,0,0,0,0,0,0,0,0,1,1,0
10d8ca94d220675578dbbe3e9fb05ce7,aai,zulu,B,clinical,12.122993197278912,0.0,1,1,0,0,0,0,0,0,0,0,0,0
11caa8fa466d48bcc966b305b18a3141,aai,ogoni,C,clinical,8.536984126984128,0.0,1,1,0,0,0,0,0,0,0,0,0,0
121b405d54487b5f413f30decd198810,aai,berom,C,general,19.553,0.034482758620689655,0,0,0,0,1,1,0,0,0,0,0,0
12dd3ba4bdf61b4f70c93251d1aa6628,aai,igala,B,clinical,4.093990929705217,0.0,0,0,0,0,0,0,0,0,0,0,0,0
131f719fec149dda7cc514e849b65fde,aai,swahili,A,general,8.627981859410431,0.14285714285714285,0,0,0,0,0,0,0,0,0,1,1,0
146112e1981f61c27d28910341447898,aai,afo,C,clinical,7.252993197278912,0.16666666666666666,1,1,0,0,0,0,0,0,0,0,0,0
154a06c87d686d87171f295a4ce593bc,aai,izon,B,general,16.666984126984126,0.0,0,0,0,0,0,0,0,0,0,1,1,0
155360ba5e8ba376e5850862d4a16924,aai,ijaw,A,clinical,10.0,0.3076923076923077,0,0,0,0,0,0,0,0,0,0,0,0
15580a2ba80250f178624f53536ab40a,aai,ekpeye,C,general,16.270997732426302,0.0,0,0,0,0,0,0,0,0,0,2,2,0
1564dbff30c4f41d2705b6eab54f261b,aai,ibani,C,clinical,4.650997732426304,0.0,0,0,0,0,1,1,0,0,0,0,0,0
15f37c2dc167e18e93e0e701c5dea67b,aai,anaang,C,clinical,7.0,0.0,2,2,0,0,1,1,0,0,0,0,0,0
1601ea287f90336cc2f535549589024a,aai,bini,C,clinical,3.4979818594104315,0.0,0,0,0,0,1,1,0,0,0,0,0,0
16c2e642a0c9b3dc37e4b944aeeb2de0,aai,angas,C,clinical,9.707981859410433,0.0,0,0,0,0,1,1,0,0,0,0,0,0
1767f075d626c92ebed30b6288ab2ab7,aai,swahili,A,clinical,12.618979591836734,0.08333333333333333,0,0,0,0,0,0,0,0,0,1,1,0
179596c3ae11859ebda92d8ca8c757d5,aai,igbo,A,clinical,7.58,0.0,0,0,0,0,1,1,0,0,0,0,0,0
18145e1d8eb5f33f3d0ddd3f91352f5f,aai,luganda,B,clinical,8.545986394557824,0.041666666666666664,0,0,0,0,0,0,0,0,0,1,1,0
18361ec4ecc20db368a75ee828e415cc,aai,jaba,C,clinical,11.24,0.625,1,1,0,0,0,0,0,0,0,0,0,0
1a2f61401501f9f0447e63524344eb1d,aai,oklo,C,clinical,18.153990929705216,0.06896551724137931,0,0,0,0,1,1,0,0,0,0,0,0
1a51f3b98694022da2937b78dcceac59,aai,ijaw,A,clinical,7.436984126984128,0.16,0,0,0,0,0,0,0,0,0,0,0,0
1a881d0101672f6596645a1b5ac0f29b,aai,tswana,B,clinical,8.848979591836734,0.0,0,0,0,0,0,0,0,0,0,0,0,0
1a91bdf81acf149c03a3c48254cc5273,aai,luhya,B,clinical,15.762993197278911,0.0,1,1,0,0,0,0,0,0,0,1,1,0
1ab41137caf537cf2d196c3914d95b48,aai,isizulu,B,clinical,13.070997732426305,0.1,1,0,0,1,0,0,0,0,0,0,0,0
1c71e30de1f98989413636726f093c05,aai,xhosa,B,general,16.863990929705214,0.0,0,0,0,0,0,0,0,0,0,1,1,0
1ca8b542d191644cbd70ad4b136fa4ba,aai,igala,B,clinical,3.743990929705216,0.1111111111111111,0,0,0,0,0,0,0,0,0,1,1,0
1dda8dca0b084c03fc5ea2a901de6043,aai,igbo,A,clinical,27.0,0.06060606060606061,0,0,0,0,3,3,0,0,0,0,0,0
1e1f4d7a25294e5853a6c798329b69b9,aai,swahili,A,general,9.162993197278912,0.13043478260869565,0,0,0,0,0,0,0,0,0,1,0,1
1e7230cd634da25dd5ab1f72ad1bde18,aai,xhosa,B,clinical,19.89897959183673,0.1875,0,0,0,0,0,0,0,0,0,2,2,0
1ed939ce62c5672b88f5e3810e0c1757,aai,gbagyi,C,clinical,24.0,0.05555555555555555,0,0,0,0,1,1,0,0,0,0,0,0
1efa1d7cf13f33924ba9fdac9e291aa6,aai,ngas,C,clinical,5.590997732426303,0.0,0,0,0,0,0,0,0,0,0,0,0,0
20523bffa88b473a5842269b698df45f,aai,ijaw,A,general,4.881,0.1111111111111111,0,0,0,0,0,0,0,0,0,1,1,0
20d0b5e49fb27db230bccda1d2c38946,aai,delta,C,clinical,14.202993197278907,0.2,0,0,0,0,1,1,0,0,0,0,0,0
20fdceadef3a23b47cd9a253b156d2d8,aai,fulani,C,general,17.60698412698413,0.02857142857142857,0,0,0,0,0,0,0,0,0,1,1,0
21db7f42514ac22490b63d6887cba22f,aai,isizulu,B,clinical,5.9289795918367325,0.07142857142857142,1,1,0,0,0,0,0,0,0,0,0,0
21dcea0a9c98e415d126fa38c3e09e72,aai,swahili,A,clinical,16.56798185941043,0.23809523809523808,1,0,0,1,0,0,0,0,0,0,0,0
22347a0c96066c23a0b4037028963e8c,aai,kinyarwanda,B,clinical,10.690997732426307,0.0,1,1,0,0,0,0,0,0,0,0,0,0
225a3473f8acdee624166c0a4024d862,aai,urhobo,B,general,20.21,0.08333333333333333,0,0,0,0,0,0,0,0,0,2,2,0
233b65fe511818e326eff9bffdc2bf6f,aai,hausa,A,clinical,5.648979591836735,0.3333333333333333,0,0,0,0,1,0,0,0,1,0,0,0
23af1c6428d96f4537acf845c51b9085,aai,ijaw,A,clinical,5.330997732426304,0.3333333333333333,0,0,0,0,0,0,0,0,0,0,0,0
24e4da52fc2d6869251f9c9de581409c,aai,ekpeye,C,clinical,23.05,0.16666666666666666,0,0,0,0,2,2,0,0,0,0,0,0
2506c71ecd6600407bd2621dd3398bde,aai,ijaw,A,clinical,3.0,0.0,0,0,0,0,0,0,0,0,0,1,1,0
25735aa40f226325a3c0d19bfb711d78,aai,ebira,B,clinical,12.830997732426304,0.047619047619047616,0,0,0,0,0,0,0,0,0,0,0,0
259ef25570bd0721f0c949aefaf69437,aai,bekwarra,C,clinical,3.2910000000000004,0.125,0,0,0,0,0,0,0,0,0,0,0,0
25dead43f9b4f15ff2360caf740a560c,aai,yoruba,A,clinical,10.0,0.0,0,0,0,0,2,2,0,0,0,0,0,0
25e6f14ac3404b1e020eb1279816f8f0,aai,hausa,A,clinical,3.226984126984127,0.0,0,0,0,0,0,0,0,0,0,1,1,0
2642efa06e8a4c32bc730201ae6b8110,aai,xhosa,B,clinical,10.437981859410431,0.0,1,1,0,0,0,0,0,0,0,0,0,0
26ca556c583cb56cb91e2549ee5b1899,aai,esan,B,clinical,7.546984126984127,0.0,0,0,0,0,0,0,0,0,0,0,0,0
2724a2c5e5300779ab3ada65f742cd32,aai,kanuri,C,clinical,18.96199546485261,0.2222222222222222,0,0,0,0,1,1,0,0,0,0,0,0
27984ad90703cedf54d2c84bfc6e1a3c,aai,hausa,A,clinical,11.0,0.38095238095238093,0,0,0,0,1,0,0,1,0,0,0,0
27a69c2d378ad815e50f2c5f1c8681c4,aai,hausa,A,general,11.496984126984124,0.05555555555555555,0,0,0,0,0,0,0,0,0,1,1,0
2851fe0a1b43c3baae5bdfdf81096810,aai,isizulu,B,general,7.33,0.0,0,0,0,0,0,0,0,0,0,1,1,0
28a0e7c3607b7125515e431edc797640,aai,ebira,B,general,13.531995464852605,0.0,0,0,0,0,1,1,0,0,0,0,0,0
294291ec62b0f0bf47d94dcedd2546ec,aai,isixhosa,C,clinical,10.070997732426305,0.0,0,0,0,0,0,0,0,0,0,1,1,0
2a2db36f700c4b370d82f111f4e23096,aai,etsako,C,clinical,16.0,0.027777777777777776,4,4,0,0,1,1,0,0,0,0,0,0
2b1b9ae7cd7fe6f78a8d421c292ec1f9,aai,swahili,A,clinical,13.748979591836736,0.02857142857142857,0,0,0,0,0,0,0,0,0,1,1,0
2b38ff9e6cc429930096779e6805e2fc,aai,english,C,clinical,4.17,0.2222222222222222,0,0,0,0,0,0,0,0,0,1,1,0
2b9e0870d44858a2bdf2d9c5c56f1bcc,aai,luhya,B,clinical,11.74,0.19047619047619047,0,0,0,0,1,1,0,0,0,0,0,0
2c417f9512707188cc0f0aba9d9a80ef,aai,mada,C,clinical,19.518979591836725,0.0,2,2,0,0,1,1,0,0,0,0,0,0
2c426ab072756f14159874cb727c3d75,aai,epie,C,clinical,7.688979591836735,0.47368421052631576,1,1,0,0,0,0,0,0,0,0,0,0
2cb670d452cc50d146a3510276df791a,aai,swahili,A,clinical,13.953990929705215,0.0,5,5,0,0,0,0,0,0,0,0,0,0
2d08b60a5b597f41bb0a98352a8ffd77,aai,kanuri,C,clinical,18.316984126984128,0.037037037037037035,2,2,0,0,1,1,0,0,0,0,0,0
2e75f34dd0eb98b8bcc2294340dec033,aai,swahili,A,clinical,16.196984126984127,0.0,0,0,0,0,0,0,0,0,0,2,2,0
2eaf4bbff8454dc9f957c29a33be26e5,aai,eleme,C,clinical,16.48,0.2,0,0,0,0,1,1,0,0,0,0,0,0
2eed62adea9bb14af1995a7556a5d67b,aai,yoruba,A,clinical,4.0,0.125,0,0,0,0,0,0,0,0,0,1,1,0
2f11308426efe80f4c4a23795b245383,aai,swahili,A,clinical,5.12498866213152,0.09090909090909091,0,0,0,0,0,0,0,0,0,1,1,0
2f799aea50510fb1c1ed7d9fbca7b165,aai,isizulu,B,clinical,14.11498866213152,0.0,2,2,0,0,0,0,0,0,0,0,0,0
314a2b2e71c7ca951b543fd65d4dbe57,aai,pidgin,B,clinical,8.584988662131519,0.0,0,0,0,0,0,0,0,0,0,0,0,0
320840b5470cf91679cb154ecddc4d86,aai,hausa,A,clinical,15.0,0.0625,0,0,0,0,1,0,1,0,0,0,0,0
3460e423c9c3b90911acf68bc70d3723,aai,hausa,A,general,10.65498866213152,0.0,0,0,0,0,0,0,0,0,0,1,1,0
34d37026e4e37ae05622a784be342ac9,aai,ekene,C,general,4.745986394557823,0.21428571428571427,0,0,0,0,0,0,0,0,0,0,0,0
36c14ff38c73d6ebc90db41430b058d1,aai,igbo,A,clinical,7.592993197278911,0.09090909090909091,0,0,0,0,0,0,0,0,0,1,1,0
3877fbcf10c4b36fec186c1dcf7316bf,aai,brass,C,clinical,28.406984126984128,0.0,0,0,0,0,0,0,0,0,0,1,1,0
395ab42d7aadfe6bc43ec3db82cc4e69,aai,urhobo,B,clinical,16.608979591836732,0.0,0,0,0,0,0,0,0,0,0,0,0,0
395b59676aa6355fae06bacef67fc140,aai,khana,C,clinical,16.0,0.47368421052631576,0,0,0,0,1,1,0,0,0,0,0,0
399eeb18cb0fb018270ccd9ea1861256,aai,swahili,A,clinical,16.820997732426306,0.0,0,0,0,0,0,0,0,0,0,1,1,0
39bf3e3ee7075614072deb7a5280ab60,aai,igbo,A,clinical,7.531995464852607,0.0,0,0,0,0,0,0,0,0,0,1,1,0
39f4f92aa0052fef3571ca150c2a3722,aai,kinyarwanda,B,clinical,12.308979591836732,0.0,0,0,0,0,0,0,0,0,0,1,1,0
3ac068335822c731d143a71b517e63fc,aai,isizulu,B,general,11.256984126984127,0.47368421052631576,0,0,0,0,0,0,0,0,0,1,1,0
3aec03bca0a2a5e03e719c2075b5ac18,aai,swahili,A,clinical,6.642993197278911,0.0,0,0,0,0,0,0,0,0,0,1,1,0
3b09d44d3e3adce79a0fb0cfe57e793e,aai,yoruba,A,general,15.579,0.12121212121212122,1,1,0,0,0,0,0,0,0,1,1,0
3c5572142e8029ffb07a9bbe17542aed,aai,khana,C,clinical,10.330997732426304,0.42857142857142855,1,1,0,0,0,0,0,0,0,0,0,0
3dfd04ecb574ea226cdc07a88e9b43d7,aai,igbo,A,clinical,5.486984126984127,0.0,2,2,0,0,1,1,0,0,0,0,0,0
3e15362de5160160b9b6dc4a1b7b5173,aai,idah,C,clinical,7.586984126984127,0.09090909090909091,0,0,0,0,1,1,0,0,0,0,0,0
3fd85b94085df416782fb04d0f9da75a,aai,kinyarwanda,B,clinical,12.820997732426305,0.14285714285714285,1,1,0,0,0,0,0,0,0,0,0,0
41300eae9d89c276e32cfe52726db57c,aai,kikuyu,C,clinical,18.035986394557824,0.2631578947368421,0,0,0,0,0,0,0,0,0,1,1,0
417626ea1dc287624ae2085b5e8b80c5,aai,ijaw,A,general,5.825986394557821,0.0,0,0,0,0,0,0,0,0,0,1,1,0
425756185ac6e34dd2742f59bc7381f8,aai,hausa,A,clinical,10.061995464852608,0.0,1,1,0,0,0,0,0,0,0,0,0,0
439ba5f71d1d55733b83ceb7d3eba324,aai,swahili,A,clinical,8.072993197278912,0.0,0,0,0,0,0,0,0,0,0,1,1,0
442ab52663499c4f3917c4842f9c2216,aai,ijaw,A,clinical,6.126984126984127,0.46153846153846156,0,0,0,0,0,0,0,0,0,0,0,0
4452636b3e56b08faeac1310ed0afb45,aai,twi,B,clinical,10.880997732426303,0.17647058823529413,1,1,0,0,0,0,0,0,0,0,0,0
44fce3c7ec19dff506083c8a906750a3,aai,ijaw,A,clinical,22.260997732426304,0.04,1,1,0,0,1,1,0,0,0,0,0,0
4524d44d0b4b586ba5f80bab94a36374,aai,estako,C,clinical,7.1629931972789125,0.3333333333333333,1,1,0,0,1,1,0,0,0,0,0,0
47336a19e6de775ce619938a93f921e7,aai,yoruba,A,clinical,11.292993197278912,0.0,0,0,0,0,0,0,0,0,0,1,1,0
47563df782e059f397a062dc9c49dedc,aai,ebira,B,clinical,10.338979591836734,0.09523809523809523,1,1,0,0,2,2,0,0,0,0,0,0
48806c3ddbaa78bf3c285dcf74f01dec,aai,yoruba,A,general,8.745,0.041666666666666664,0,0,0,0,0,0,0,0,0,2,2,0
49361322979184b1e0b395c76128bed1,aai,igbo,A,clinical,13.388979591836732,0.0,1,1,0,0,0,0,0,0,0,0,0,0
4cb9d90085141545a0df8933010b0ff1,aai,pidgin,B,general,10.16798185941043,0.043478260869565216,0,0,0,0,0,0,0,0,0,1,1,0
4dd5b78a61fa2551f8ec92ce5c9c0de6,aai,kiswahili,B,clinical,10.323990929705216,0.1111111111111111,0,0,0,0,0,0,0,0,0,1,1,0
4e3b6e2d9fcb97c87a269b1e0747e762,aai,swahili,A,general,7.67,0.0,0,0,0,0,2,2,0,0,0,0,0,0
4fa2a11c05bee4cf37121c3977dfe56d,aai,alago,C,general,14.102993197278913,0.09090909090909091,0,0,0,0,0,0,0,0,0,1,1,0
4fece74d74539de7b4257aa93e5a0f18,aai,yoruba,A,clinical,9.123990929705217,0.0,0,0,0,0,0,0,0,0,0,1,1,0
50dda38735c07990362d85bde0133f84,aai,ikulu,C,clinical,4.0,0.0,2,2,0,0,1,1,0,0,0,0,0,0
50fa7685106848e05f28bd76763ee89d,aai,yoruba,A,clinical,3.505986394557824,0.1111111111111111,0,0,0,0,0,0,0,0,0,1,1,0
52335d4132fe4d672c852becea14a77f,aai,edo,C,general,13.382993197278912,0.03333333333333333,0,0,0,0,0,0,0,0,0,2,2,0
52ad387abe4206177fecb12004fc81c5,aai,pidgin,B,clinical,6.537981859410431,0.0,0,0,0,0,1,1,0,0,0,0,0,0
5319903aa7a09544e5f7a2346abe9542,aai,xhosa,B,clinical,4.2589795918367335,0.0,0,0,0,0,0,0,0,0,0,0,0,0
532a2c6223d6cf5a2eef3a35acc106ee,aai,yoruba,A,clinical,4.867981859410431,0.0,0,0,0,0,1,1,0,0,0,1,1,0
5356ac8c588f99c3e1616d39ae13eae0,aai,ogbia,C,clinical,4.0,0.3,0,0,0,0,0,0,0,0,0,1,1,0
55b4d1d5f1a75607db12f6b7710f5fea,aai,ijaw,A,clinical,4.940997732426304,0.125,0,0,0,0,0,0,0,0,0,0,0,0
569b4a3a00c81fbfef713bb2cf298288,aai,delta,C,clinical,16.14,0.03125,0,0,0,0,0,0,0,0,0,1,1,0
5726844dc6ed872cbd29dced93713dd1,aai,igbo,A,clinical,3.796984126984128,0.0,0,0,0,0,1,1,0,0,0,0,0,0
574564fbb39afb8f4bfe475ca1209e9b,aai,twi,B,clinical,4.754988662131519,0.0,1,1,0,0,0,0,0,0,0,0,0,0
58fb549d14b07c3aae8b252439917dce,aai,idoma,B,clinical,5.445986394557823,0.0,0,0,0,0,1,1,0,0,0,0,0,0
59d081768f7130a72f303349f532e0b1,aai,hausa,A,clinical,17.65498866213152,0.029411764705882353,1,1,0,0,1,1,0,0,0,0,0,0
5a34597c9b5e97c136c6b15e1f47350b,aai,luganda,B,clinical,3.173990929705216,0.75,0,0,0,0,0,0,0,0,0,1,1,0
5b5cea61187384389906b36683ffa428,aai,zulu,B,clinical,12.106984126984129,0.17647058823529413,1,0,0,1,0,0,0,0,0,0,0,0
5bf75ed75f6edd7aa81465d27761f147,aai,kinyarwanda,B,clinical,20.275,0.25806451612903225,0,0,0,0,0,0,0,0,0,2,2,0
5c849a9f8db80ed6b81b57ba3d55e07e,aai,xhosa,B,clinical,7.581995464852607,0.125,0,0,0,0,0,0,0,0,0,0,0,0
5dce81d882d87594aaa93edfd369a364,aai,swahili,A,clinical,3.5869841269841274,0.0,0,0,0,0,0,0,0,0,0,1,1,0
5ec5dbfeea5ef5e77ff6cf07c73a49df,aai,ijaw,A,general,7.1379818594104325,0.0,0,0,0,0,0,0,0,0,0,1,1,0
5edf769b6919fac4f5f4ade730fd1bb6,aai,ishan,C,clinical,4.0,0.125,0,0,0,0,1,1,0,0,0,0,0,0
5f123125342c9260ae61b6afc746c116,aai,isizulu,B,clinical,9.402993197278912,0.0,1,1,0,0,0,0,0,0,0,0,0,0
5f6166b9974aacf66ecec0d39f992fd9,aai,bekwarra,C,general,8.940997732426307,0.13636363636363635,1,1,0,0,0,0,0,0,0,0,0,0
5f64f9fc4a594adc778f0a2700d116e6,aai,yoruba,A,clinical,17.11498866213152,0.0,1,1,0,0,1,1,0,0,0,0,0,0
638d52a920b7ec4ac12b7b6d46746ea7,aai,ibani,C,clinical,4.877981859410431,0.1111111111111111,0,0,0,0,0,0,0,0,0,1,1,0
63a2e9a375b665c32e1a176423c8fbdd,aai,yoruba,A,clinical,7.350997732426304,0.4,1,1,0,0,0,0,0,0,0,1,1,0
63bd1f04d01007bf1a829bf3a0248cf9,aai,ijaw,A,clinical,6.314988662131518,0.36363636363636365,0,0,0,0,0,0,0,0,0,0,0,0
63bd3c234d1d89a65ce8563f55787ac8,aai,swahili,A,clinical,4.138979591836734,0.14285714285714285,0,0,0,0,0,0,0,0,0,1,1,0
63c979f2f450a7598ab6d706308c5e72,aai,luhya,B,general,14.34,0.0,0,0,0,0,0,0,0,0,0,1,1,0
660a4f125c61654b1ccc5df0cdd955bd,aai,yoruba,A,clinical,10.613990929705215,0.20833333333333334,0,0,0,0,0,0,0,0,0,1,1,0
66b5e37d3c6fb622de9b645a11e45b87,aai,luganda,B,clinical,9.0,0.0,0,0,0,0,0,0,0,0,0,1,1,0
66c7d017a7af1535c058dcb212c785fd,aai,zulu,B,clinical,11.388979591836732,0.13333333333333333,1,1,0,0,0,0,0,0,0,0,0,0
681828fe9911e1c031e3a1023f5cba16,aai,igbo,A,clinical,15.0,0.0,2,2,0,0,1,1,0,0,0,0,0,0
68d7b378f686a4ea235df042be92df7c,aai,yoruba,A,clinical,10.105986394557824,0.0,0,0,0,0,1,1,0,0,0,0,0,0
690e5686be737d2bbc1ef25ff48022e5,aai,urhobo,B,clinical,18.18,0.0,0,0,0,0,1,1,0,0,0,0,0,0
6934807f8bcbf16699578867c7a078e3,aai,ijaw,A,clinical,3.132993197278912,0.0,0,0,0,0,0,0,0,0,0,0,0,0
695771856cc6a19aadcc9c02daeb816b,aai,estako,C,clinical,21.156984126984128,0.0,2,2,0,0,2,2,0,0,0,0,0,0
69b6cd5f741af0799aed46db39c2b3ce,aai,jukun,C,clinical,3.9049886621315193,0.0,0,0,0,0,0,0,0,0,0,0,0,0
6afed7fe39a177c3d510b925d8267a94,aai,swahili,A,general,12.713990929705217,0.09090909090909091,2,2,0,0,0,0,0,0,0,0,0,0
6b04e26e9a6a0c78b1b053f3bc86534e,aai,ijaw,A,clinical,4.593990929705216,0.4444444444444444,0,0,0,0,0,0,0,0,0,1,1,0
6b06a665f4acd27ba438a1e8410936ab,aai,igbo,A,general,13.686984126984129,0.0,0,0,0,0,0,0,0,0,0,1,1,0
6b1ac9fd68036319be02c4d34443986a,aai,ngas,C,clinical,7.603990929705215,0.0,0,0,0,0,0,0,0,0,0,0,0,0
6b5cffdaf93ef9014d308fa283eb3d10,aai,ibibio,B,general,11.521,0.05,0,0,0,0,0,0,0,0,0,1,1,0
6b651083464881a4c3cad2643975b853,aai,kinyarwanda,B,clinical,14.020997732426304,0.0,0,0,0,0,0,0,0,0,0,1,1,0
6b6bd6a9b36dbd20ca8ba0b48a0e83c0,aai,igbo,A,clinical,15.0,0.0,1,1,0,0,1,1,0,0,0,0,0,0
6beb2687f186291440c994f823236222,aai,igbo,A,clinical,7.561995464852607,0.0,0,0,0,0,0,0,0,0,0,1,1,0
6d8bcf78963a218d83e6514022c3bfbd,aai,nembe,B,clinical,6.014988662131518,0.2,0,0,0,0,0,0,0,0,0,0,0,0
6df3ac41f44b547ed01c14cca6e07142,aai,kinyarwanda,B,clinical,11.108979591836734,0.0,1,1,0,0,0,0,0,0,0,0,0,0
6dfb3c7d7c44a0fa82fd35cf7b94e239,aai,pidgin,B,clinical,12.152,0.18518518518518517,0,0,0,0,0,0,0,0,0,1,1,0
6f4df41f65cb3bc1a951f0277c7b80f2,aai,angas,C,clinical,10.13,0.0,0,0,0,0,0,0,0,0,0,1,1,0
718546c938f593549d7ffd1649434328,aai,tswana,B,clinical,24.14299319727891,0.041666666666666664,0,0,0,0,0,0,0,0,0,0,0,0
71a02c51cf938a571f90748316897775,aai,pidgin,B,clinical,4.703990929705215,0.1111111111111111,0,0,0,0,0,0,0,0,0,1,1,0
723a3ec3156f72ef6828899f45206964,aai,swahili,A,clinical,5.850997732426304,0.0,0,0,0,0,0,0,0,0,0,1,1,0
725b8d8321a1685407b896624a741d82,aai,urhobo,B,clinical,8.87498866213152,0.2,0,0,0,0,0,0,0,0,0,0,0,0
740097459dffea7514558527c4f0bec7,aai,jukun,C,clinical,11.84,0.0,0,0,0,0,0,0,0,0,0,0,0,0
741c693e00ab4b2bd2fc3bc6ab3e8012,aai,igala,B,clinical,8.340997732426304,0.2857142857142857,0,0,0,0,0,0,0,0,0,0,0,0
75b69526057d0cd656a09edae54921a7,aai,twi,B,clinical,8.818979591836733,0.0,0,0,0,0,0,0,0,0,0,0,0,0
795fbbcc55dad655ff683752f4b1030c,aai,brass,C,clinical,6.696984126984128,0.18181818181818182,0,0,0,0,1,1,0,0,0,0,0,0
796f61c973ea9e398d6e61d525aa5995,aai,eggon,C,general,9.66498866213152,0.0,0,0,0,0,0,0,0,0,0,1,1,0
79fc4fcd5b516d1eb53d23875b4af44a,aai,kalabari,C,clinical,23.0,0.05,1,1,0,0,0,0,0,0,0,2,2,0
7abb65293b6eb423ce5ca2b5a9f238f2,aai,igbo,A,general,20.133990929705213,0.0,0,0,0,0,0,0,0,0,0,1,1,0
7ac2b7f21b9550f6de49f8047e0c0e19,aai,luo,C,clinical,17.048979591836734,0.0,2,2,0,0,0,0,0,0,0,0,0,0
7ad13a1008d4186fe4da2865ae07757c,aai,ebiobo,C,clinical,9.525986394557822,0.05555555555555555,0,0,0,0,0,0,0,0,0,0,0,0
7af04897c7229728b4ee63de71d1b373,aai,kiswahili,B,clinical,6.488979591836735,0.0,1,1,0,0,0,0,0,0,0,0,0,0
7c5f40347f781ccf22c7db328f23df70,aai,ibibio,B,general,8.343,0.05,0,0,0,0,0,0,0,0,0,1,1,0
7ecb769ffb1875b51a824aec75d2f79c,aai,kinyarwanda,B,general,8.618979591836736,0.0,0,0,0,0,0,0,0,0,0,1,1,0
80229e0e60981f9013a0046669edd32a,aai,berom,C,clinical,15.46,0.034482758620689655,0,0,0,0,0,0,0,0,0,1,1,0
8132758125fa0e3156821052a383f9ef,aai,hausa,A,clinical,9.738979591836737,0.85,2,0,0,2,5,0,0,0,5,0,0,0
813cbfeecdbdffe46ec94b654e54df4a,aai,igbo,A,clinical,16.81299319727891,0.0,0,0,0,0,0,0,0,0,0,1,1,0
81734eaf48d8000675f3f458b2ae298b,aai,eggon,C,clinical,4.697981859410431,0.14285714285714285,0,0,0,0,1,1,0,0,0,0,0,0
81801908431abd57e0f026230d6c8459,aai,igala,B,general,15.300997732426303,0.2692307692307692,0,0,0,0,0,0,0,0,0,0,0,0
81cd00461db37fd41edd15076468d9c2,aai,twi,B,clinical,6.1779818594104325,0.0,0,0,0,0,0,0,0,0,0,1,1,0
81d460da9e2df1462d19d603f0e57a15,aai,luo,C,clinical,8.648979591836735,0.0,0,0,0,0,0,0,0,0,0,1,1,0
824c7c4c945e6189c231341493d25e5d,aai,sepedi,C,clinical,10.90498866213152,0.0,1,1,0,0,0,0,0,0,0,0,0,0
82faa4bc24f3ce811e8e07503edfbebb,aai,yoruba,A,clinical,21.54698412698413,0.375,0,0,0,0,0,0,0,0,0,2,2,0
834197895f5298110f61cfbba51ae350,aai,bajju,C,clinical,16.160997732426306,0.0,0,0,0,0,2,2,0,0,0,0,0,0
8367b56fc0d340cd7238c649b78d37de,aai,tswana,B,clinical,5.083990929705215,0.2,0,0,0,0,0,0,0,0,0,0,0,0
83712a6a1289c7dd746f2b3d7689f8ce,aai,nembe,B,general,8.375986394557824,0.26666666666666666,0,0,0,0,0,0,0,0,0,0,0,0
83828cab9a761f48fafe9f38ecfa6554,aai,english,C,general,24.68199546485261,0.043478260869565216,0,0,0,0,0,0,0,0,0,2,2,0
83a7819ff8d4e56d1cb5c58d5ea14a28,aai,igbo,A,clinical,10.050997732426303,0.05555555555555555,0,0,0,0,0,0,0,0,0,2,2,0
848d8e540d19383c326cbc913d0f1c0b,aai,ijaw,A,clinical,6.738979591836735,0.0,0,0,0,0,0,0,0,0,0,1,1,0
867e4b92a79ab543ec87ea8de579525a,aai,ebira,B,clinical,25.43897959183673,0.21621621621621623,0,0,0,0,2,2,0,0,0,0,0,0
868cbb2849424d087eb7b0b2dd76e3c6,aai,bassa,C,clinical,18.500997732426303,0.0,4,4,0,0,2,2,0,0,0,0,0,0
868ed2786d8b2dedffe5b5358c2c529d,aai,agatu,C,clinical,8.0,0.0,0,0,0,0,1,1,0,0,0,0,0,0
875b9f741ca6fe9ce531dae23c363556,aai,igbo,A,clinical,3.394,0.1111111111111111,0,0,0,0,0,0,0,0,0,1,1,0
8869f1eeb5bc976ec0121bbfb7e71228,aai,igarra,C,clinical,17.153990929705216,0.0625,0,0,0,0,1,1,0,0,0,0,0,0
88ced2ecd0c03497c15314839b452bdc,aai,anaang,C,clinical,8.362993197278909,0.15384615384615385,0,0,0,0,0,0,0,0,0,1,1,0
88fff98f24f6cf178ac806f158823ebb,aai,swahili,A,clinical,7.930997732426302,0.0,0,0,0,0,1,1,0,0,0,0,0,0
89329d8ccf699d749378e316d5da474d,aai,luganda,B,general,5.772993197278912,0.0,0,0,0,0,0,0,0,0,0,1,1,0
8976dc7ac0cf57b7d29b4c988b7f1253,aai,benin,C,general,17.646984126984123,0.5,0,0,0,0,0,0,0,0,0,0,0,0
8a9cea52e9b59a3a21705dc3c2885d04,aai,nyandang,C,clinical,16.0,0.13333333333333333,0,0,0,0,1,1,0,0,0,0,0,0
8b05bff172782a130ebf50e8aeba14a8,aai,hausa,A,clinical,13.126984126984128,0.0,1,1,0,0,0,0,0,0,0,0,0,0
8cb3809701786ccfebe73b788fdbf219,aai,setswana,B,general,14.48498866213152,0.0,2,2,0,0,0,0,0,0,0,0,0,0
8d34da67104c808c64ab42eb49a251aa,aai,hausa,A,clinical,20.35498866213152,0.125,0,0,0,0,1,1,0,0,0,0,0,0
8dca912479bc6176b1434eaf497653e5,aai,zulu,B,clinical,12.791995464852608,0.13043478260869565,0,0,0,0,1,1,0,0,0,0,0,0
8e067faa1909e8c3674558e0f28874d2,aai,isoko,C,clinical,6.0,0.1111111111111111,0,0,0,0,0,0,0,0,0,0,0,0
8edfb1fdb8384702d1edb2995b99f128,aai,ebira,B,clinical,3.775986394557824,0.08333333333333333,0,0,0,0,1,1,0,0,0,0,0,0
8f0b5eaf4c3efac9966188653abf9958,aai,afrikaans,B,general,4.0489795918367335,0.4,0,0,0,0,0,0,0,0,0,1,1,0
8f7597e46eb38afa0d5ea20bbc785540,aai,urhobo,B,clinical,3.920997732426304,0.0,0,0,0,0,0,0,0,0,0,1,1,0
8f938b62694f880c6488230b1a167846,aai,hausa,A,clinical,14.372993197278912,0.0,0,0,0,0,0,0,0,0,0,1,1,0
8f96acfb2f96d743f369f9d800711ea4,aai,eket,C,clinical,5.70498866213152,0.0,3,3,0,0,0,0,0,0,0,0,0,0
90e3c94c91b77cbb0007c5478c9bc7d0,aai,isoko,C,clinical,10.026984126984129,0.0,1,1,0,0,1,1,0,0,0,0,0,0
9259dde6b27dc39fcc0779e36d0bec02,aai,kikuyu,C,clinical,13.447981859410431,0.0,0,0,0,0,0,0,0,0,0,1,1,0
927f85be5b655d2292720b02da67a9f2,aai,pidgin,B,clinical,9.99,0.15789473684210525,1,0,0,1,0,0,0,0,0,0,0,0
93c43bd94eaaab1cb53328ea72a27dcf,aai,yoruba,A,clinical,13.222993197278912,0.0,2,2,0,0,1,1,0,0,0,0,0,0
93cd3ed3b7a6575d02bb23a2594b31d9,aai,yoruba,A,general,13.272993197278913,0.047619047619047616,0,0,0,0,1,1,0,0,0,0,0,0
94a84a0f3f82fccfb5d198d9398ac92d,aai,ijaw,A,clinical,4.612993197278912,0.0,1,1,0,0,1,1,0,0,0,0,0,0
9505e3e628561706ade58cb28cbf9571,aai,etche,C,general,8.697981859410431,0.1,0,0,0,0,0,0,0,0,0,1,1,0
950669fd990036359a84fc27a609d98b,aai,hausa,A,clinical,18.23698412698413,0.11538461538461539,1,0,1,0,1,1,0,0,0,0,0,0
957f35f6f15f3598a944d8e025c18c1e,aai,hausa,A,clinical,6.780997732426304,0.375,0,0,0,0,1,1,0,0,0,0,0,0
95db94bcf9a5dca2090b618996026b61,aai,mada,C,clinical,20.990997732426305,0.4117647058823529,1,1,0,0,1,1,0,0,0,0,0,0
95fa8e2c87066c1af0f44e735ee21a99,aai,hausa,A,general,11.317981859410429,0.0,0,0,0,0,1,1,0,0,0,0,0,0
96c0239bebf9812f391113c433a60ac3,aai,swahili,A,clinical,5.814988662131518,0.0,0,0,0,0,1,1,0,0,0,1,1,0
97936c2d37f2f43efc1a3f0b0b3c0ca9,aai,ijaw,A,clinical,9.66498866213152,0.0,0,0,0,0,2,2,0,0,0,0,0,0
98aa283c0ebaafc5a1021d01ba1bdb5b,aai,igala,B,general,5.274988662131519,0.2,0,0,0,0,0,0,0,0,0,0,0,0
997f3e37861b711e251f7700dab7d53a,aai,tshivenda,C,clinical,4.538979591836736,0.0,0,0,0,0,0,0,0,0,0,1,1,0
9a375dac7ab12b6d59cffdb932f4d50b,aai,hausa,A,clinical,9.162993197278912,0.0,1,1,0,0,0,0,0,0,0,0,0,0
9aaf2cdb126cc34675679f50c7ff2bfb,aai,afrikaans,B,general,14.677981859410432,0.0,0,0,0,0,0,0,0,0,0,1,1,0
9b77c0e08123645da710316db5a2a744,aai,zulu,B,clinical,8.968979591836733,0.10526315789473684,0,0,0,0,0,0,0,0,0,1,1,0
9b7de9c3315540a63648b9c1212db787,aai,jaba,C,clinical,6.871995464852607,0.1111111111111111,1,1,0,0,0,0,0,0,0,0,0,0
9b9b2265f35006044cd94c19382172a2,aai,eggon,C,clinical,19.874,0.22857142857142856,0,0,0,0,0,0,0,0,0,0,0,0
9c9e25effae29bb7faa7f6b5abafd60f,aai,ebiobo,C,general,15.058979591836732,0.03125,0,0,0,0,0,0,0,0,0,1,1,0
9d62c73869bfa4589aee1a01b7a44c1a,aai,yoruba,A,general,14.159,0.07407407407407407,0,0,0,0,0,0,0,0,0,1,1,0
9d77d58566ed0e963ae1123e3ab50cee,aai,idoma,B,clinical,9.138979591836735,0.35294117647058826,0,0,0,0,2,2,0,0,0,0,0,0
9dea8cff438f7e22cf9a4d61087d16ab,aai,ebira,B,clinical,10.545986394557824,0.0,0,0,0,0,0,0,0,0,0,0,0,0
a118dd3124494bfe59ab23ed58e83735,aai,idah,C,clinical,12.0,0.6842105263157895,0,0,0,0,3,2,0,0,1,0,0,0
a2fb0dd7428a4afcfef9223224d462ad,aai,ijaw,A,clinical,11.867981859410431,0.041666666666666664,0,0,0,0,0,0,0,0,0,1,1,0
a353deca19dba9aaadeba0044ccefe20,aai,hausa,A,clinical,10.531995464852606,0.08,0,0,0,0,0,0,0,0,0,1,1,0
a3b4630a9a8ccf82303417432c662d3f,aai,berom,C,clinical,13.0,0.0,0,0,0,0,1,1,0,0,0,0,0,0
a46605b3fdc92295cbd88bb861487e58,aai,ijaw,A,general,7.959,0.058823529411764705,0,0,0,0,0,0,0,0,0,1,1,0
a52cc1bdf941a9b4d76061ddbda05072,aai,igbo,A,clinical,9.0,0.47058823529411764,1,0,0,1,1,1,0,0,0,0,0,0
a5798eafcf34ba74b77d75babf9453f4,aai,ibibio,B,clinical,9.503,0.0,0,0,0,0,0,0,0,0,0,1,1,0
a7046fce47c40b1fd7e5e841203d129f,aai,urhobo,B,clinical,6.163990929705213,0.0,0,0,0,0,0,0,0,0,0,0,0,0
a725f065187b21c5cda1720bc7307bac,aai,ijaw,A,clinical,7.512993197278911,0.3333333333333333,0,0,0,0,1,1,0,0,0,0,0,0
a8b08dfb2d86e274967be71c137de2c2,aai,idoma,B,general,12.248979591836736,0.375,1,1,0,0,0,0,0,0,0,0,0,0
a8c855fb76476df248ee0277b5d8b74a,aai,hausa,A,clinical,20.98897959183673,0.0,2,2,0,0,1,1,0,0,0,0,0,0
a8e2b5e688be73125346995ac9c7e3b9,aai,angas,C,general,17.781,0.25925925925925924,0,0,0,0,0,0,0,0,0,3,3,0
a9929f0f04802faa3110256ee76330c7,aai,ekpeye,C,clinical,6.576984126984128,0.16666666666666666,0,0,0,0,1,1,0,0,0,0,0,0
a9a96ccbe9944292c08bc630aaee1d78,aai,idoma,B,clinical,12.12498866213152,0.0,3,3,0,0,2,2,0,0,0,0,0,0
aa3d0d5b66d4e3ae1d00cd720b8a0fb7,aai,mwaghavul,C,clinical,16.00498866213152,0.09523809523809523,2,2,0,0,1,1,0,0,0,0,0,0
aa6e5d8125f7b4f9c74f5b74eed331d8,aai,ika,C,clinical,5.746984126984128,0.0,0,0,0,0,1,1,0,0,0,0,0,0
abbacd486f68114d3be9c86359b1e565,aai,igala,B,clinical,6.033990929705213,0.0,0,0,0,0,0,0,0,0,0,0,0,0
ae325b61688d7cdf1c957b28284fab2b,aai,swahili,A,clinical,12.295986394557824,0.0,0,0,0,0,0,0,0,0,0,1,1,0
aeffc6466b2f3e6a60d1a381c6688d62,aai,igbo,A,general,6.988979591836735,0.4444444444444444,0,0,0,0,1,0,1,0,0,0,0,0
af4fbadeeb6f189c5d29e6526fa0b02c,aai,idoma,B,clinical,3.92,0.125,2,2,0,0,0,0,0,0,0,0,0,0
b24705a3414d9d448da6c5d657098adc,aai,ikulu,C,clinical,5.472993197278911,0.0,0,0,0,0,0,0,0,0,0,1,1,0
b29c9ccbdadf5706af0da73171953752,aai,ijaw,A,clinical,3.0,0.2,0,0,0,0,0,0,0,0,0,0,0,0
b2f73812d854cc5de1224b16333c2edd,aai,bassa,C,clinical,12.925986394557825,0.0625,0,0,0,0,1,1,0,0,0,0,0,0
b3a46c19d0e26a91d003c51e4d40b66e,aai,epie,C,general,3.5789795918367338,0.0,0,0,0,0,0,0,0,0,0,1,1,0
b4b5d6f2dce941b2f1d22953049bb28a,aai,setswana,B,clinical,13.51,0.0,0,0,0,0,0,0,0,0,0,0,0,0
b4c2f327368753233244635f8bd0e980,aai,hausa,A,general,20.922993197278917,0.07407407407407407,0,0,0,0,0,0,0,0,0,3,3,0
b53fd41101f96b2aea36486ef2cf32d1,aai,igbo,A,general,16.473,0.0,0,0,0,0,0,0,0,0,0,1,1,0
b5537cc2227d417320c5c9b624c7d7e3,aai,anaang,C,general,12.588979591836734,0.0,0,0,0,0,0,0,0,0,0,2,2,0
b5ac61338506de6f0dfc1419176d52e1,aai,eket,C,clinical,3.0,0.25,0,0,0,0,1,1,0,0,0,0,0,0
b5c1bb84af7f05994706e272a24dea4f,aai,ibibio,B,clinical,12.0,0.46153846153846156,0,0,0,0,0,0,0,0,0,1,1,0
b60b6db14f8aa8fc2ea581d656cc9b84,aai,tswana,B,clinical,12.248979591836736,0.0,0,0,0,0,0,0,0,0,0,0,0,0
b6c10264bc38c5cce35f58fba4d4ac93,aai,tswana,B,general,7.414988662131518,0.05,0,0,0,0,1,1,0,0,0,0,0,0
b6dc046fa03571546013240f45550672,aai,afemai,C,general,14.606984126984129,0.08,0,0,0,0,1,1,0,0,0,0,0,0
b89670db369c7e025fb0d74ca94533af,aai,hausa,A,clinical,8.254988662131518,0.15384615384615385,2,0,0,2,2,2,0,0,0,0,0,0
b985d09f630047d9a23f4b60488cf2df,aai,ebiobo,C,clinical,8.171995464852607,0.047619047619047616,0,0,0,0,0,0,0,0,0,0,0,0
b9fbfa440d2ba2a19ff2e1f37ee2edf4,aai,yoruba,A,clinical,27.0,0.10810810810810811,1,1,0,0,1,1,0,0,0,0,0,0
ba4536f44ae1cc6bddd1d886a68e77a2,aai,bini,C,general,17.893,0.08333333333333333,0,0,0,0,0,0,0,0,0,0,0,0
bb3702b2a7ae80986cc8dcd132ff2928,aai,kalabari,C,clinical,7.512993197278911,0.0,1,1,0,0,0,0,0,0,0,0,0,0
bba103cc3c5381ab96a3534523d83143,aai,igbo,A,clinical,6.463990929705216,0.2,0,0,0,0,2,2,0,0,0,0,0,0
bc0fcabcbdffb9b9c95fb48c01a78fa4,aai,esan,B,general,10.978,0.0,0,0,0,0,0,0,0,0,0,0,0,0
bc60654d276884a19cbba4a0bf10264b,aai,fulani,C,clinical,6.014988662131518,0.25,0,0,0,0,0,0,0,0,0,1,1,0
bd6c36ca7dfb7303fc8ca6e11274a52f,aai,isixhosa,C,clinical,15.852993197278913,0.04,2,2,0,0,0,0,0,0,0,0,0,0
bd7164ebfc3bc1eb03c9bc65c4eee3ea,aai,igbo,A,clinical,8.0,0.0,0,0,0,0,2,2,0,0,0,0,0,0
bde569d1c5436b9011e7291e0591791d,aai,itsekiri,C,clinical,7.268979591836735,0.1,1,1,0,0,1,1,0,0,0,0,0,0
beddeac62f5277f00a937c79f65eaa98,aai,igbo,A,clinical,3.3079818594104307,0.0,0,0,0,0,0,0,0,0,0,1,1,0
bf2e25f55b7c3f78fa0971450e093825,aai,igala,B,clinical,5.743990929705213,0.0,1,1,0,0,0,0,0,0,0,0,0,0
bf51a31d5dd31e4cf53a49972014a88a,aai,mwaghavul,C,clinical,20.0,0.11538461538461539,0,0,0,0,1,1,0,0,0,0,0,0
bf5c981afa3eaf5cf847e9a91c4dcb83,aai,ishan,C,clinical,11.0,0.25,0,0,0,0,1,1,0,0,0,0,0,0
bf5dddc0e1db7a94bae1da89c7e8b641,aai,ebira,B,general,5.734988662131518,0.1,0,0,0,0,0,0,0,0,0,1,1,0
bfd411fa6e39fb7fb11f7264221e139a,aai,ekene,C,clinical,15.750997732426304,0.04,0,0,0,0,1,1,0,0,0,0,0,0
bfe3e8e78193cbd5085be65385a200f4,aai,ijaw,A,clinical,9.598979591836734,0.15384615384615385,0,0,0,0,0,0,0,0,0,0,0,0
bfeb15fa6cda5bc99eca0dfa907afdfd,aai,igarra,C,clinical,9.383990929705217,0.2727272727272727,1,1,0,0,1,1,0,0,0,0,0,0
c0129f011c7f51034d4049452fcc1841,aai,ibibio,B,clinical,15.578979591836736,0.0,0,0,0,0,0,0,0,0,0,1,1,0
c08715672b66e97854b8d32304a36be0,aai,kiswahili,B,clinical,15.862993197278907,0.06666666666666667,0,0,0,0,1,1,0,0,0,0,0,0
c0a962e9ab1e4b0165f645072d036ce7,aai,ebira,B,clinical,5.558979591836735,0.18181818181818182,0,0,0,0,1,1,0,0,0,0,0,0
c0a9d8722ec57a9d7c0014132185a05a,aai,hausa,A,clinical,6.0,0.1111111111111111,2,2,0,0,0,0,0,0,0,0,0,0
c18453be6b19c1812bdbeb7e32666683,aai,hausa,A,clinical,23.62299319727891,0.03571428571428571,0,0,0,0,0,0,0,0,0,2,2,0
c1e3308cab67e506b32e54dd90442496,aai,esan,B,clinical,11.58498866213152,0.05,0,0,0,0,0,0,0,0,0,0,0,0
c1f7f12ce0f372096b7ff58acc8a0da1,aai,bagi,C,clinical,17.07498866213152,0.04,1,1,0,0,1,1,0,0,0,0,0,0
c2093acb790a4bbcaf0367cecfa15793,aai,igbo,A,clinical,6.99498866213152,0.0,0,0,0,0,0,0,0,0,0,2,2,0
c24ca3c05f7a3ea93c9730277869ed87,aai,setswana,B,clinical,15.407981859410429,0.0,1,1,0,0,0,0,0,0,0,1,1,0
c2cc345671d456fb13daafe8657d0b7c,aai,yoruba,A,clinical,5.0,0.0,0,0,0,0,2,2,0,0,0,0,0,0
c34acbbf1a1226d808f10333aaca4bf4,aai,luhya,B,clinical,16.961995464852606,0.25,1,1,0,0,0,0,0,0,0,0,0,0
c361cf1ef4cfa79c13cac6ea5f92ff83,aai,swahili,A,clinical,15.348979591836734,0.0,2,2,0,0,0,0,0,0,0,0,0,0
c43d8faa6efe9020bdd669a67ba1e988,aai,efik,C,clinical,20.207981859410427,0.23076923076923078,2,2,0,0,3,3,0,0,0,0,0,0
c47e225f1fdd18aa59a04019c6f785d8,aai,igbo,A,clinical,6.095986394557822,0.2222222222222222,1,1,0,0,0,0,0,0,0,0,0,0
c4e5db30026158b54bfc69f86dcc3258,aai,ijaw,A,general,13.038979591836734,0.041666666666666664,0,0,0,0,0,0,0,0,0,1,1,0
c55c2f342f2c47bf07bc91edf2aa07db,aai,luhya,B,clinical,9.97,0.0,0,0,0,0,0,0,0,0,0,1,1,0
c57908e428d843a4751c1d649dde1178,aai,kubi,C,clinical,26.02498866213152,0.02702702702702703,0,0,0,0,0,0,0,0,0,1,1,0
c6073369acecc5ec76f8510e65ef8614,aai,zulu,B,clinical,3.8859863945578232,0.3333333333333333,0,0,0,0,0,0,0,0,0,1,1,0
c638fd27f4d7996caa3ec3583be2bb60,aai,yoruba,A,clinical,12.211995464852608,0.0,0,0,0,0,0,0,0,0,0,1,1,0
c68f2256b87f8a4adc634437ca9b0f0e,aai,hausa,A,clinical,7.142993197278911,0.0625,0,0,0,0,1,1,0,0,0,0,0,0
c6e4a13479f20b955c13a901233174be,aai,hausa,A,general,13.992993197278912,0.043478260869565216,0,0,0,0,0,0,0,0,0,2,2,0
c80332f56b08b4af535215343ffdb008,aai,ijaw,A,clinical,4.0,0.0,0,0,0,0,0,0,0,0,0,0,0,0
c81f7d7f5506ebee6b071632c19f6a74,aai,kiswahili,B,clinical,4.044988662131519,0.0,0,0,0,0,0,0,0,0,0,0,0,0
c8bc671bb9c88eb4ee2f3f7acf2b2d83,aai,swahili,A,clinical,9.706984126984128,0.0,1,1,0,0,0,0,0,0,0,0,0,0
c90270fe8da819633527fc66957c3e0e,aai,epie,C,clinical,10.266984126984129,0.15384615384615385,0,0,0,0,2,2,0,0,0,0,0,0
c9af813320164ec2d868bb1bc7107012,aai,twi,B,clinical,15.130997732426303,0.05714285714285714,0,0,0,0,0,0,0,0,0,0,0,0
c9b1aa14e33d19190eb01cb073e67ca5,aai,xhosa,B,clinical,18.89698412698413,0.0,1,1,0,0,0,0,0,0,0,0,0,0
c9e6be5a8915f5ac8ee4ff3732b8e27d,aai,ijaw,A,clinical,13.1,0.034482758620689655,0,0,0,0,0,0,0,0,0,0,0,0
ca5a139af5252ba9ef0157f1e4b22f7e,aai,gbagyi,C,general,12.820997732426305,0.04,0,0,0,0,1,1,0,0,0,0,0,0
cab8b585c413020c52712fa86d9487f2,aai,kubi,C,clinical,14.596984126984127,0.058823529411764705,1,1,0,0,0,0,0,0,0,0,0,0
cbae4b87a1f5bc0e8de8a2e61063c7cc,aai,nembe,B,clinical,6.1379818594104325,0.2857142857142857,0,0,0,0,0,0,0,0,0,0,0,0
cc47565e8d7adaaaf7309137e1c21d0c,aai,swahili,A,clinical,9.356984126984129,0.0,0,0,0,0,0,0,0,0,0,1,1,0
cd46e47931741d1adcb0e5ba77a8d010,aai,ijaw,A,clinical,3.17498866213152,0.25,0,0,0,0,0,0,0,0,0,1,1,0
cdad5949ae6301810466710c9fa591b7,aai,gbagyi,C,clinical,7.198979591836735,0.3333333333333333,1,0,0,1,1,1,0,0,0,0,0,0
ce1c6816a2d6aece987ed5c0f8fb8c67,aai,luhya,B,clinical,12.33498866213152,0.0,0,0,0,0,0,0,0,0,0,1,1,0
ce44e5e5a82a4afd35c8538c0c3cbeee,aai,igbo,A,clinical,12.760997732426304,0.05555555555555555,1,1,0,0,0,0,0,0,0,0,0,0
ce9a55efb983e8cf0a58ab235b03459b,aai,english,C,clinical,23.14199546485261,0.07692307692307693,1,1,0,0,0,0,0,0,0,0,0,0
cee69f2a5332655a8e0bf4626e3c67c5,aai,ibibio,B,clinical,10.0,0.4,2,2,0,0,0,0,0,0,0,0,0,0
cf42ee5d7ae6579d20f480a8cf8dc00f,aai,ibibio,B,clinical,13.421995464852609,0.0,0,0,0,0,1,1,0,0,0,0,0,0
cf605b3aaadbd365452e997fbc78122d,aai,efik,C,clinical,7.005986394557822,0.25,1,0,0,1,1,1,0,0,0,0,0,0
cf9e560da122091075155bf203bc061b,aai,ekene,C,clinical,27.58,0.0,2,2,0,0,1,1,0,0,0,0,0,0
cff6c42bb0e070671ce4482817dacae6,aai,esan,B,clinical,7.4289795918367325,0.0,0,0,0,0,0,0,0,0,0,0,0,0
cffb22f74419c3c64c0eb8234d12bdcd,aai,afo,C,clinical,9.0,0.0,0,0,0,0,0,0,0,0,0,1,1,0
d025ca163e46bd07f76b54c80e2d7562,aai,luhya,B,clinical,24.85698412698413,0.09375,2,2,0,0,0,0,0,0,0,0,0,0
d04a848381afea5745f98dbcbf9ee80f,aai,isizulu,B,clinical,16.11,0.14285714285714285,0,0,0,0,0,0,0,0,0,1,1,0
d51141cb8b8c69ccbae5e69b3a85832f,aai,swahili,A,clinical,11.951995464852608,0.0,0,0,0,0,0,0,0,0,0,1,1,0
d53c251ca9fcee3437d49bf595de21af,aai,brass,C,general,11.813990929705216,0.15384615384615385,1,1,0,0,0,0,0,0,0,0,0,0
d5df2d0d9bc0b327323e86a090a5afaf,aai,ebira,B,clinical,17.368979591836734,0.3448275862068966,0,0,0,0,0,0,0,0,0,1,1,0
d64ef7571efd986614e51b3f967dc538,aai,kiswahili,B,clinical,6.910997732426304,0.0,0,0,0,0,0,0,0,0,0,0,0,0
d82cec807957c626355a5aa710d2c1e9,aai,ika,C,general,15.050999999999998,0.0,0,0,0,0,1,1,0,0,0,0,0,0
da96d824075f3a27194aa3105fabdb3f,aai,yoruba,A,clinical,4.0,0.0,0,0,0,0,0,0,0,0,0,1,1,0
dca135e2059101c69a99b599fefb2e63,aai,yoruba,A,clinical,10.706984126984128,0.2222222222222222,0,0,0,0,1,1,0,0,0,0,0,0
dce11a83cfa477b7e54bace09a6c72ab,aai,setswana,B,clinical,9.73,0.3333333333333333,0,0,0,0,0,0,0,0,0,0,0,0
dfbf35c19cdf6a9ff063b4413c7a8ade,aai,bajju,C,general,5.868979591836735,0.0,0,0,0,0,0,0,0,0,0,0,0,0
e1a7ef99d4301ae5fb02a2fdb6290892,aai,bini,C,clinical,9.992993197278912,0.14285714285714285,0,0,0,0,1,1,0,0,0,0,0,0
e1c132d095f85bfed63e72a4b98754c7,aai,setswana,B,clinical,3.930997732426304,0.16666666666666666,0,0,0,0,0,0,0,0,0,0,0,0
e21c6a3572a320ef6fd314479996dbfe,aai,isizulu,B,clinical,9.032,0.0,1,1,0,0,0,0,0,0,0,0,0,0
e235ca5879e5ab635a97d0467e147d33,aai,swahili,A,clinical,4.502993197278912,0.0,0,0,0,0,0,0,0,0,0,1,1,0
e26375e505bd69d631d8e779d4a6c32a,aai,tswana,B,clinical,5.706984126984128,0.0,0,0,0,0,0,0,0,0,0,0,0,0
e32346ae5bad64b430d42948b2dd4225,aai,ibibio,B,clinical,6.673990929705216,0.0,0,0,0,0,0,0,0,0,0,1,1,0
e3a7d9091147bd74122b59cb6ba816cd,aai,idoma,B,general,9.079,0.0625,0,0,0,0,0,0,0,0,0,1,1,0
e3ae499884ba5b46b1264679259e3e7e,aai,bekwarra,C,clinical,3.2389795918367352,0.07692307692307693,0,0,0,0,0,0,0,0,0,1,1,0
e44def0e0c4fb7e4581331126b026d8a,aai,kinyarwanda,B,clinical,6.488979591836735,0.1111111111111111,0,0,0,0,0,0,0,0,0,0,0,0
e5ce8868512511ee2359edb7581199ac,aai,yoruba,A,general,11.206984126984128,0.0,0,0,0,0,0,0,0,0,0,1,1,0
e8b7e1c7a72f411ccac63c301f5e2b21,aai,itsekiri,C,clinical,6.708979591836735,0.0,0,0,0,0,1,1,0,0,0,0,0,0
e93bbe4d1f5fec38bdc67bdf4085dacf,aai,tswana,B,clinical,4.277,0.0,0,0,0,0,0,0,0,0,0,0,0,0
ea0178f69e36f46afc081864d2b648e0,aai,ibibio,B,clinical,11.0,0.0,0,0,0,0,1,1,0,0,0,0,0,0
ea252ca5cac42505a2bd8a34e4c85b1f,aai,bagi,C,clinical,5.0,0.0,0,0,0,0,1,1,0,0,0,0,0,0
eaa66b82d267fa11b54cf412eb32aab3,aai,idoma,B,clinical,6.0889795918367335,0.0,0,0,0,0,1,1,0,0,0,0,0,0
ec18809717922ca38ceeb713515fbcff,aai,sesotho,C,clinical,9.367981859410431,0.05263157894736842,1,1,0,0,0,0,0,0,0,0,0,0
ecc5561dd3b2cec2a760cee4904eb10a,aai,agatu,C,clinical,8.347981859410433,0.25,0,0,0,0,0,0,0,0,0,1,1,0
eda5cd7e0be3da8b39ad74b2d5c37381,aai,igbo,A,general,16.11,0.07692307692307693,0,0,0,0,0,0,0,0,0,1,1,0
edaf4944e378023b5211a41d8ff5fbcf,aai,sotho,C,clinical,5.100997732426304,0.0,0,0,0,0,0,0,0,0,0,1,1,0
edcbfd194d2c3327560d151ce1fe8a79,aai,akan,C,clinical,11.998979591836736,0.17391304347826086,0,0,0,0,0,0,0,0,0,1,1,0
ee52a0bb537315a9e13798dc8dfbd627,aai,idoma,B,clinical,8.0,0.2222222222222222,1,1,0,0,0,0,0,0,0,0,0,0
ee9c796e757ac3a2493c10bd9d7029c5,aai,yoruba,A,clinical,7.847981859410432,1.0,0,0,0,0,1,0,0,0,1,0,0,0
efa38753b6f1cbfc85a3645af80e5622,aai,fulani,C,clinical,6.015986394557822,0.0,0,0,0,0,1,1,0,0,0,0,0,0
efde0eff1bca67a8c55def3095b09e12,aai,twi,B,general,9.472,0.16666666666666666,0,0,0,0,0,0,0,0,0,2,2,0
f1c88ce543440298faaed9f743d579de,aai,hausa,A,clinical,3.3679818594104307,0.0,1,1,0,0,0,0,0,0,0,0,0,0
f35c3b8b14cbfe94fb29531cf31e2a3b,aai,afo,C,general,7.2129931972789105,0.0,0,0,0,0,0,0,0,0,0,0,0,0
f36039967f4f81776a24fa5f769152db,aai,yoruba,A,clinical,11.31,0.0,0,0,0,0,0,0,0,0,0,1,1,0
f3a266a1442b1ddb146734a1dd3de00f,aai,kiswahili,B,clinical,7.538979591836735,0.0,0,0,0,0,0,0,0,0,0,0,0,0
f42411fa2e88c397f558c7be352de659,aai,setswana,B,clinical,6.626,0.11764705882352941,0,0,0,0,0,0,0,0,0,1,0,1
f50ecd838b405b25f806c9b0805e9463,aai,yoruba,A,clinical,3.744988662131519,0.1111111111111111,0,0,0,0,0,0,0,0,0,1,1,0
f5861fe5b8ef2ed843c5a50bbeb7789d,aai,akan,C,general,12.378979591836734,0.04,0,0,0,0,0,0,0,0,0,1,1,0
f5cb123d9ff58506553397ea7d69d50a,aai,etche,C,clinical,18.0,0.4166666666666667,1,0,0,1,1,0,0,1,0,0,0,0
f5d36926fb98abbddd16fabda29e3a0f,aai,hausa,A,general,5.627981859410431,0.0,0,0,0,0,0,0,0,0,0,1,1,0
f685934ebfac5fa0ea4371a3f6cf8c2f,aai,ukwuani,C,clinical,7.866,0.2,0,0,0,0,1,1,0,0,0,0,0,0
f7eb4020bbab9fb28abf844188cf318f,aai,eleme,C,clinical,22.762993197278917,0.045454545454545456,2,2,0,0,1,1,0,0,0,0,0,0
f865a5b4098532da11a3e8ae5fbe9437,aai,delta,C,general,9.34,0.08,0,0,0,0,0,0,0,0,0,1,1,0
f90956b98a371a04fb2d01be89fe11cf,aai,yoruba,A,clinical,6.411995464852607,0.2857142857142857,0,0,0,0,0,0,0,0,0,1,0,1
f921ed1237445f75f1a9bf01f51d67b5,aai,hausa,A,clinical,4.6189795918367365,0.2,0,0,0,0,0,0,0,0,0,1,1,0
f92f66f90ef1f17e7ee8f36bb8789a74,aai,pidgin,B,clinical,6.160997732426304,0.1111111111111111,0,0,0,0,0,0,0,0,0,0,0,0
f9895f1dfdd8f6a5125d62fb0c48a239,aai,idoma,B,clinical,27.398979591836728,0.06896551724137931,3,3,0,0,1,1,0,0,0,0,0,0
f9d382a85887f71391ed1baeffa37815,aai,setswana,B,clinical,4.526984126984127,0.2222222222222222,0,0,0,0,0,0,0,0,0,0,0,0
fb226674b17933ee5365ba61f4e6f578,aai,etche,C,clinical,12.076984126984124,0.2,0,0,0,0,2,1,1,0,0,0,0,0
fba01cb73f0d8d871f0853aa7c80967a,aai,ijaw,A,clinical,3.340997732426304,0.0,0,0,0,0,0,0,0,0,0,0,0,0
fbb74c6452c0cd8839a84a8e8a6edeab,aai,akan,C,clinical,13.588979591836734,0.0,2,2,0,0,0,0,0,0,0,0,0,0
fca326ffdcd8311027371f04df2374b8,aai,nembe,B,clinical,4.71,0.0,0,0,0,0,0,0,0,0,0,0,0,0
fe691b1c80b20d7f4eefc0066d839b4e,aai,swahili,A,general,21.153990929705216,0.02857142857142857,0,0,0,0,0,0,0,0,0,1,1,0
fee673e2873fadc73dd490534e420519,aai,twi,B,clinical,14.442993197278913,0.42857142857142855,0,0,0,0,0,0,0,0,0,1,1,0
00a8fbb3c1ab981f953251ab74953aa7,dg-general,igbo,A,clinical,3.160997732426304,0.5,0,0,0,0,1,1,0,0,0,0,0,0
00cb23d4474de886b096a4121ad06467,dg-general,igbo,A,clinical,15.79498866213152,0.08333333333333333,0,0,0,0,1,1,0,0,0,0,0,0
00f29afe5b9419051ece6254c7671140,dg-general,ijaw,A,clinical,4.0,0.8,1,0,0,1,0,0,0,0,0,0,0,0
01cf1c65195a5bf6cfdea2270f27d30f,dg-general,isizulu,B,clinical,10.213990929705217,0.23076923076923078,1,1,0,0,0,0,0,0,0,0,0,0
0316642537208a2c38571a0598277900,dg-general,izon,B,general,27.782993197278923,0.4642857142857143,0,0,0,0,1,1,0,0,0,0,0,0
034edeacea0c26990023d688762888cb,dg-general,igarra,C,general,11.861,0.3,0,0,0,0,0,0,0,0,0,1,1,0
035836ee284849df9969d1dd62f025f6,dg-general,luganda,B,clinical,6.33498866213152,0.14285714285714285,0,0,0,0,0,0,0,0,0,0,0,0
04a041c8c7f0c63c42e21c23b4739a33,dg-general,luganda,B,clinical,3.351995464852608,0.6666666666666666,0,0,0,0,0,0,0,0,0,0,0,0
06e79ca6e3f2bc5a6aefbd7be5f1f8e4,dg-general,hausa,A,clinical,5.0,0.2,1,1,0,0,0,0,0,0,0,0,0,0
0700cda752bd76a9e0094aa81371a166,dg-general,etsako,C,clinical,4.398979591836736,0.3333333333333333,2,2,0,0,1,1,0,0,0,0,0,0
0781b542e2bb0461fb14d4e1880ba8a7,dg-general,obolo,C,clinical,11.061995464852608,0.22727272727272727,1,1,0,0,0,0,0,0,0,0,0,0
08048da2f122e9696d96fe84b6c63d13,dg-general,esan,B,general,7.022993197278912,0.21428571428571427,0,0,0,0,0,0,0,0,0,0,0,0
084115ff20f2b83589318b1d443d51d2,dg-general,igala,B,clinical,6.0,0.4444444444444444,0,0,0,0,0,0,0,0,0,0,0,0
0a4896f3691a43baeda611176e154eb2,dg-general,ika,C,clinical,3.5219954648526075,0.8,0,0,0,0,0,0,0,0,0,1,1,0
0b1afb3f06809ee1a41f4ea19450dfd0,dg-general,ibani,C,general,11.212,0.3076923076923077,0,0,0,0,0,0,0,0,0,1,1,0
0b698a4e9ec659918686f249a1428360,dg-general,luganda,B,clinical,6.818979591836735,0.4444444444444444,0,0,0,0,0,0,0,0,0,0,0,0
0bc62a7632b777c66f67cc78b1b032db,dg-general,swahili,A,clinical,7.602993197278912,1.0,0,0,0,0,1,1,0,0,0,0,0,0
0ce35af951a7a044a001403b6cd2bb60,dg-general,urhobo,B,clinical,8.0,0.0,0,0,0,0,0,0,0,0,0,1,1,0
0e3380e30506ef3de8547f5a1851253f,dg-general,igbo,A,general,15.653990929705214,0.3888888888888889,0,0,0,0,0,0,0,0,0,1,1,0
0e810af15dbe05ac2ab931927497b9e3,dg-general,bajju,C,clinical,9.328979591836736,0.25,0,0,0,0,0,0,0,0,0,1,1,0
0f3414fc7708ee92f8405d95f47cd43b,dg-general,esan,B,clinical,9.195,0.14285714285714285,0,0,0,0,0,0,0,0,0,0,0,0
0ff27a131661532578989ce2bd77d3ac,dg-general,xhosa,B,clinical,24.56498866213152,0.36666666666666664,0,0,0,0,0,0,0,0,0,0,0,0
101ba9085997bf5916102caf0e5751d5,dg-general,zulu,B,general,5.8,0.6363636363636364,0,0,0,0,0,0,0,0,0,1,1,0
10d8ca94d220675578dbbe3e9fb05ce7,dg-general,zulu,B,clinical,12.122993197278912,0.15384615384615385,1,1,0,0,0,0,0,0,0,0,0,0
11caa8fa466d48bcc966b305b18a3141,dg-general,ogoni,C,clinical,8.536984126984128,0.07692307692307693,1,0,0,1,0,0,0,0,0,0,0,0
121b405d54487b5f413f30decd198810,dg-general,berom,C,general,19.553,0.10344827586206896,0,0,0,0,1,1,0,0,0,0,0,0
12dd3ba4bdf61b4f70c93251d1aa6628,dg-general,igala,B,clinical,4.093990929705217,0.25,0,0,0,0,0,0,0,0,0,0,0,0
131f719fec149dda7cc514e849b65fde,dg-general,swahili,A,general,8.627981859410431,0.2857142857142857,0,0,0,0,0,0,0,0,0,1,1,0
146112e1981f61c27d28910341447898,dg-general,afo,C,clinical,7.252993197278912,1.3333333333333333,1,1,0,0,0,0,0,0,0,0,0,0
154a06c87d686d87171f295a4ce593bc,dg-general,izon,B,general,16.666984126984126,0.19230769230769232,0,0,0,0,0,0,0,0,0,1,1,0
155360ba5e8ba376e5850862d4a16924,dg-general,ijaw,A,clinical,10.0,0.5384615384615384,0,0,0,0,0,0,0,0,0,0,0,0
15580a2ba80250f178624f53536ab40a,dg-general,ekpeye,C,general,16.270997732426302,0.5652173913043478,0,0,0,0,0,0,0,0,0,2,2,0
1564dbff30c4f41d2705b6eab54f261b,dg-general,ibani,C,clinical,4.650997732426304,0.0,0,0,0,0,1,1,0,0,0,0,0,0
15f37c2dc167e18e93e0e701c5dea67b,dg-general,anaang,C,clinical,7.0,0.25,2,2,0,0,1,1,0,0,0,0,0,0
1601ea287f90336cc2f535549589024a,dg-general,bini,C,clinical,3.4979818594104315,0.2,0,0,0,0,1,1,0,0,0,0,0,0
16c2e642a0c9b3dc37e4b944aeeb2de0,dg-general,angas,C,clinical,9.707981859410433,0.4166666666666667,0,0,0,0,1,1,0,0,0,0,0,0
1767f075d626c92ebed30b6288ab2ab7,dg-general,swahili,A,clinical,12.618979591836734,0.125,0,0,0,0,0,0,0,0,0,1,1,0
179596c3ae11859ebda92d8ca8c757d5,dg-general,igbo,A,clinical,7.58,0.625,0,0,0,0,1,1,0,0,0,0,0,0
18145e1d8eb5f33f3d0ddd3f91352f5f,dg-general,luganda,B,clinical,8.545986394557824,0.041666666666666664,0,0,0,0,0,0,0,0,0,1,1,0
18361ec4ecc20db368a75ee828e415cc,dg-general,jaba,C,clinical,11.24,0.5625,1,0,0,1,0,0,0,0,0,0,0,0
1a2f61401501f9f0447e63524344eb1d,dg-general,oklo,C,clinical,18.153990929705216,0.06896551724137931,0,0,0,0,1,1,0,0,0,0,0,0
1a51f3b98694022da2937b78dcceac59,dg-general,ijaw,A,clinical,7.436984126984128,0.36,0,0,0,0,0,0,0,0,0,0,0,0
1a881d0101672f6596645a1b5ac0f29b,dg-general,tswana,B,clinical,8.848979591836734,0.5454545454545454,0,0,0,0,0,0,0,0,0,0,0,0
1a91bdf81acf149c03a3c48254cc5273,dg-general,luhya,B,clinical,15.762993197278911,0.14285714285714285,1,0,0,1,0,0,0,0,0,1,1,0
1ab41137caf537cf2d196c3914d95b48,dg-general,isizulu,B,clinical,13.070997732426305,0.2,1,0,0,1,0,0,0,0,0,0,0,0
1c71e30de1f98989413636726f093c05,dg-general,xhosa,B,general,16.863990929705214,0.15151515151515152,0,0,0,0,0,0,0,0,0,1,1,0
1ca8b542d191644cbd70ad4b136fa4ba,dg-general,igala,B,clinical,3.743990929705216,0.1111111111111111,0,0,0,0,0,0,0,0,0,1,1,0
1dda8dca0b084c03fc5ea2a901de6043,dg-general,igbo,A,clinical,27.0,0.2727272727272727,0,0,0,0,3,1,0,0,2,0,0,0
1e1f4d7a25294e5853a6c798329b69b9,dg-general,swahili,A,general,9.162993197278912,0.34782608695652173,0,0,0,0,0,0,0,0,0,1,0,1
1e7230cd634da25dd5ab1f72ad1bde18,dg-general,xhosa,B,clinical,19.89897959183673,0.3125,0,0,0,0,0,0,0,0,0,2,2,0
1ed939ce62c5672b88f5e3810e0c1757,dg-general,gbagyi,C,clinical,24.0,0.3333333333333333,0,0,0,0,1,1,0,0,0,0,0,0
1efa1d7cf13f33924ba9fdac9e291aa6,dg-general,ngas,C,clinical,5.590997732426303,0.4,0,0,0,0,0,0,0,0,0,0,0,0
20523bffa88b473a5842269b698df45f,dg-general,ijaw,A,general,4.881,0.4444444444444444,0,0,0,0,0,0,0,0,0,1,1,0
20d0b5e49fb27db230bccda1d2c38946,dg-general,delta,C,clinical,14.202993197278907,0.72,0,0,0,0,1,0,0,0,1,0,0,0
20fdceadef3a23b47cd9a253b156d2d8,dg-general,fulani,C,general,17.60698412698413,0.22857142857142856,0,0,0,0,0,0,0,0,0,1,1,0
21db7f42514ac22490b63d6887cba22f,dg-general,isizulu,B,clinical,5.9289795918367325,0.35714285714285715,1,1,0,0,0,0,0,0,0,0,0,0
21dcea0a9c98e415d126fa38c3e09e72,dg-general,swahili,A,clinical,16.56798185941043,0.42857142857142855,1,1,0,0,0,0,0,0,0,0,0,0
22347a0c96066c23a0b4037028963e8c,dg-general,kinyarwanda,B,clinical,10.690997732426307,0.4375,1,0,0,1,0,0,0,0,0,0,0,0
225a3473f8acdee624166c0a4024d862,dg-general,urhobo,B,general,20.21,0.5,0,0,0,0,0,0,0,0,0,2,2,0
233b65fe511818e326eff9bffdc2bf6f,dg-general,hausa,A,clinical,5.648979591836735,0.2222222222222222,0,0,0,0,1,1,0,0,0,0,0,0
23af1c6428d96f4537acf845c51b9085,dg-general,ijaw,A,clinical,5.330997732426304,0.3333333333333333,0,0,0,0,0,0,0,0,0,0,0,0
24e4da52fc2d6869251f9c9de581409c,dg-general,ekpeye,C,clinical,23.05,0.5,0,0,0,0,2,2,0,0,0,0,0,0
2506c71ecd6600407bd2621dd3398bde,dg-general,ijaw,A,clinical,3.0,0.0,0,0,0,0,0,0,0,0,0,1,1,0
25735aa40f226325a3c0d19bfb711d78,dg-general,ebira,B,clinical,12.830997732426304,0.09523809523809523,0,0,0,0,0,0,0,0,0,0,0,0
259ef25570bd0721f0c949aefaf69437,dg-general,bekwarra,C,clinical,3.2910000000000004,0.625,0,0,0,0,0,0,0,0,0,0,0,0
25dead43f9b4f15ff2360caf740a560c,dg-general,yoruba,A,clinical,10.0,1.1,0,0,0,0,2,1,0,0,1,0,0,0
25e6f14ac3404b1e020eb1279816f8f0,dg-general,hausa,A,clinical,3.226984126984127,0.2,0,0,0,0,0,0,0,0,0,1,1,0
2642efa06e8a4c32bc730201ae6b8110,dg-general,xhosa,B,clinical,10.437981859410431,0.5384615384615384,1,0,0,1,0,0,0,0,0,0,0,0
26ca556c583cb56cb91e2549ee5b1899,dg-general,esan,B,clinical,7.546984126984127,0.26666666666666666,0,0,0,0,0,0,0,0,0,0,0,0
2724a2c5e5300779ab3ada65f742cd32,dg-general,kanuri,C,clinical,18.96199546485261,0.7222222222222222,0,0,0,0,1,1,0,0,0,0,0,0
27984ad90703cedf54d2c84bfc6e1a3c,dg-general,hausa,A,clinical,11.0,0.6190476190476191,0,0,0,0,1,0,0,1,0,0,0,0
27a69c2d378ad815e50f2c5f1c8681c4,dg-general,hausa,A,general,11.496984126984124,0.2222222222222222,0,0,0,0,0,0,0,0,0,1,1,0
2851fe0a1b43c3baae5bdfdf81096810,dg-general,isizulu,B,general,7.33,0.2857142857142857,0,0,0,0,0,0,0,0,0,1,1,0
28a0e7c3607b7125515e431edc797640,dg-general,ebira,B,general,13.531995464852605,0.21212121212121213,0,0,0,0,1,1,0,0,0,0,0,0
294291ec62b0f0bf47d94dcedd2546ec,dg-general,isixhosa,C,clinical,10.070997732426305,0.125,0,0,0,0,0,0,0,0,0,1,1,0
2a2db36f700c4b370d82f111f4e23096,dg-general,etsako,C,clinical,16.0,0.05555555555555555,4,3,1,0,1,1,0,0,0,0,0,0
2b1b9ae7cd7fe6f78a8d421c292ec1f9,dg-general,swahili,A,clinical,13.748979591836736,0.14285714285714285,0,0,0,0,0,0,0,0,0,1,1,0
2b38ff9e6cc429930096779e6805e2fc,dg-general,english,C,clinical,4.17,0.2222222222222222,0,0,0,0,0,0,0,0,0,1,1,0
2b9e0870d44858a2bdf2d9c5c56f1bcc,dg-general,luhya,B,clinical,11.74,0.38095238095238093,0,0,0,0,1,1,0,0,0,0,0,0
2c417f9512707188cc0f0aba9d9a80ef,dg-general,mada,C,clinical,19.518979591836725,0.2727272727272727,2,2,0,0,1,1,0,0,0,0,0,0
2c426ab072756f14159874cb727c3d75,dg-general,epie,C,clinical,7.688979591836735,0.47368421052631576,1,1,0,0,0,0,0,0,0,0,0,0
2cb670d452cc50d146a3510276df791a,dg-general,swahili,A,clinical,13.953990929705215,0.0,5,5,0,0,0,0,0,0,0,0,0,0
2d08b60a5b597f41bb0a98352a8ffd77,dg-general,kanuri,C,clinical,18.316984126984128,0.14814814814814814,2,2,0,0,1,1,0,0,0,0,0,0
2e75f34dd0eb98b8bcc2294340dec033,dg-general,swahili,A,clinical,16.196984126984127,0.0,0,0,0,0,0,0,0,0,0,2,2,0
2eaf4bbff8454dc9f957c29a33be26e5,dg-general,eleme,C,clinical,16.48,0.9,0,0,0,0,1,1,0,0,0,0,0,0
2eed62adea9bb14af1995a7556a5d67b,dg-general,yoruba,A,clinical,4.0,0.0,0,0,0,0,0,0,0,0,0,1,1,0
2f11308426efe80f4c4a23795b245383,dg-general,swahili,A,clinical,5.12498866213152,0.36363636363636365,0,0,0,0,0,0,0,0,0,1,1,0
2f799aea50510fb1c1ed7d9fbca7b165,dg-general,isizulu,B,clinical,14.11498866213152,0.3333333333333333,2,2,0,0,0,0,0,0,0,0,0,0
314a2b2e71c7ca951b543fd65d4dbe57,dg-general,pidgin,B,clinical,8.584988662131519,0.2857142857142857,0,0,0,0,0,0,0,0,0,0,0,0
320840b5470cf91679cb154ecddc4d86,dg-general,hausa,A,clinical,15.0,0.5,0,0,0,0,1,0,1,0,0,0,0,0
3460e423c9c3b90911acf68bc70d3723,dg-general,hausa,A,general,10.65498866213152,0.16666666666666666,0,0,0,0,0,0,0,0,0,1,1,0
34d37026e4e37ae05622a784be342ac9,dg-general,ekene,C,general,4.745986394557823,0.35714285714285715,0,0,0,0,0,0,0,0,0,0,0,0
36c14ff38c73d6ebc90db41430b058d1,dg-general,igbo,A,clinical,7.592993197278911,0.18181818181818182,0,0,0,0,0,0,0,0,0,1,1,0
3877fbcf10c4b36fec186c1dcf7316bf,dg-general,brass,C,clinical,28.406984126984128,0.22580645161290322,0,0,0,0,0,0,0,0,0,1,1,0
395ab42d7aadfe6bc43ec3db82cc4e69,dg-general,urhobo,B,clinical,16.608979591836732,0.25,0,0,0,0,0,0,0,0,0,0,0,0
395b59676aa6355fae06bacef67fc140,dg-general,khana,C,clinical,16.0,0.631578947368421,0,0,0,0,1,1,0,0,0,0,0,0
399eeb18cb0fb018270ccd9ea1861256,dg-general,swahili,A,clinical,16.820997732426306,0.10256410256410256,0,0,0,0,0,0,0,0,0,1,1,0
39bf3e3ee7075614072deb7a5280ab60,dg-general,igbo,A,clinical,7.531995464852607,0.3333333333333333,0,0,0,0,0,0,0,0,0,1,1,0
39f4f92aa0052fef3571ca150c2a3722,dg-general,kinyarwanda,B,clinical,12.308979591836732,0.0,0,0,0,0,0,0,0,0,0,1,1,0
3ac068335822c731d143a71b517e63fc,dg-general,isizulu,B,general,11.256984126984127,0.47368421052631576,0,0,0,0,0,0,0,0,0,1,1,0
3aec03bca0a2a5e03e719c2075b5ac18,dg-general,swahili,A,clinical,6.642993197278911,0.125,0,0,0,0,0,0,0,0,0,1,1,0
3b09d44d3e3adce79a0fb0cfe57e793e,dg-general,yoruba,A,general,15.579,0.21212121212121213,1,1,0,0,0,0,0,0,0,1,1,0
3c5572142e8029ffb07a9bbe17542aed,dg-general,khana,C,clinical,10.330997732426304,0.2857142857142857,1,1,0,0,0,0,0,0,0,0,0,0
3dfd04ecb574ea226cdc07a88e9b43d7,dg-general,igbo,A,clinical,5.486984126984127,0.42857142857142855,2,2,0,0,1,1,0,0,0,0,0,0
3e15362de5160160b9b6dc4a1b7b5173,dg-general,idah,C,clinical,7.586984126984127,0.7272727272727273,0,0,0,0,1,1,0,0,0,0,0,0
3fd85b94085df416782fb04d0f9da75a,dg-general,kinyarwanda,B,clinical,12.820997732426305,0.6428571428571429,1,0,0,1,0,0,0,0,0,0,0,0
41300eae9d89c276e32cfe52726db57c,dg-general,kikuyu,C,clinical,18.035986394557824,0.2894736842105263,0,0,0,0,0,0,0,0,0,1,1,0
417626ea1dc287624ae2085b5e8b80c5,dg-general,ijaw,A,general,5.825986394557821,0.6666666666666666,0,0,0,0,0,0,0,0,0,1,1,0
425756185ac6e34dd2742f59bc7381f8,dg-general,hausa,A,clinical,10.061995464852608,0.2222222222222222,1,1,0,0,0,0,0,0,0,0,0,0
439ba5f71d1d55733b83ceb7d3eba324,dg-general,swahili,A,clinical,8.072993197278912,0.16666666666666666,0,0,0,0,0,0,0,0,0,1,1,0
442ab52663499c4f3917c4842f9c2216,dg-general,ijaw,A,clinical,6.126984126984127,0.9230769230769231,0,0,0,0,0,0,0,0,0,0,0,0
4452636b3e56b08faeac1310ed0afb45,dg-general,twi,B,clinical,10.880997732426303,0.17647058823529413,1,1,0,0,0,0,0,0,0,0,0,0
44fce3c7ec19dff506083c8a906750a3,dg-general,ijaw,A,clinical,22.260997732426304,0.4,1,1,0,0,1,1,0,0,0,0,0,0
4524d44d0b4b586ba5f80bab94a36374,dg-general,estako,C,clinical,7.1629931972789125,0.5,1,1,0,0,1,1,0,0,0,0,0,0
47336a19e6de775ce619938a93f921e7,dg-general,yoruba,A,clinical,11.292993197278912,0.2631578947368421,0,0,0,0,0,0,0,0,0,1,1,0
47563df782e059f397a062dc9c49dedc,dg-general,ebira,B,clinical,10.338979591836734,0.6666666666666666,1,1,0,0,2,1,1,0,0,0,0,0
48806c3ddbaa78bf3c285dcf74f01dec,dg-general,yoruba,A,general,8.745,0.16666666666666666,0,0,0,0,0,0,0,0,0,2,2,0
49361322979184b1e0b395c76128bed1,dg-general,igbo,A,clinical,13.388979591836732,0.24,1,1,0,0,0,0,0,0,0,0,0,0
4cb9d90085141545a0df8933010b0ff1,dg-general,pidgin,B,general,10.16798185941043,0.2608695652173913,0,0,0,0,0,0,0,0,0,1,1,0
4dd5b78a61fa2551f8ec92ce5c9c0de6,dg-general,kiswahili,B,clinical,10.323990929705216,0.2777777777777778,0,0,0,0,0,0,0,0,0,1,1,0
4e3b6e2d9fcb97c87a269b1e0747e762,dg-general,swahili,A,general,7.67,0.10526315789473684,0,0,0,0,2,2,0,0,0,0,0,0
4fa2a11c05bee4cf37121c3977dfe56d,dg-general,alago,C,general,14.102993197278913,0.09090909090909091,0,0,0,0,0,0,0,0,0,1,1,0
4fece74d74539de7b4257aa93e5a0f18,dg-general,yoruba,A,clinical,9.123990929705217,0.2,0,0,0,0,0,0,0,0,0,1,1,0
50dda38735c07990362d85bde0133f84,dg-general,ikulu,C,clinical,4.0,0.0,2,2,0,0,1,1,0,0,0,0,0,0
50fa7685106848e05f28bd76763ee89d,dg-general,yoruba,A,clinical,3.505986394557824,0.6666666666666666,0,0,0,0,0,0,0,0,0,1,1,0
52335d4132fe4d672c852becea14a77f,dg-general,edo,C,general,13.382993197278912,0.23333333333333334,0,0,0,0,0,0,0,0,0,2,2,0
52ad387abe4206177fecb12004fc81c5,dg-general,pidgin,B,clinical,6.537981859410431,0.3333333333333333,0,0,0,0,1,0,1,0,0,0,0,0
5319903aa7a09544e5f7a2346abe9542,dg-general,xhosa,B,clinical,4.2589795918367335,0.375,0,0,0,0,0,0,0,0,0,0,0,0
532a2c6223d6cf5a2eef3a35acc106ee,dg-general,yoruba,A,clinical,4.867981859410431,0.18181818181818182,0,0,0,0,1,1,0,0,0,1,1,0
5356ac8c588f99c3e1616d39ae13eae0,dg-general,ogbia,C,clinical,4.0,0.3,0,0,0,0,0,0,0,0,0,1,1,0
55b4d1d5f1a75607db12f6b7710f5fea,dg-general,ijaw,A,clinical,4.940997732426304,0.125,0,0,0,0,0,0,0,0,0,0,0,0
569b4a3a00c81fbfef713bb2cf298288,dg-general,delta,C,clinical,16.14,0.25,0,0,0,0,0,0,0,0,0,1,1,0
5726844dc6ed872cbd29dced93713dd1,dg-general,igbo,A,clinical,3.796984126984128,1.0,0,0,0,0,1,1,0,0,0,0,0,0
574564fbb39afb8f4bfe475ca1209e9b,dg-general,twi,B,clinical,4.754988662131519,0.5,1,1,0,0,0,0,0,0,0,0,0,0
58fb549d14b07c3aae8b252439917dce,dg-general,idoma,B,clinical,5.445986394557823,0.5714285714285714,0,0,0,0,1,1,0,0,0,0,0,0
59d081768f7130a72f303349f532e0b1,dg-general,hausa,A,clinical,17.65498866213152,0.029411764705882353,1,1,0,0,1,1,0,0,0,0,0,0
5a34597c9b5e97c136c6b15e1f47350b,dg-general,luganda,B,clinical,3.173990929705216,1.0,0,0,0,0,0,0,0,0,0,1,1,0
5b5cea61187384389906b36683ffa428,dg-general,zulu,B,clinical,12.106984126984129,0.4117647058823529,1,0,0,1,0,0,0,0,0,0,0,0
5bf75ed75f6edd7aa81465d27761f147,dg-general,kinyarwanda,B,clinical,20.275,0.3548387096774194,0,0,0,0,0,0,0,0,0,2,2,0
5c849a9f8db80ed6b81b57ba3d55e07e,dg-general,xhosa,B,clinical,7.581995464852607,0.5,0,0,0,0,0,0,0,0,0,0,0,0
5dce81d882d87594aaa93edfd369a364,dg-general,swahili,A,clinical,3.5869841269841274,0.2857142857142857,0,0,0,0,0,0,0,0,0,1,1,0
5ec5dbfeea5ef5e77ff6cf07c73a49df,dg-general,ijaw,A,general,7.1379818594104325,0.0,0,0,0,0,0,0,0,0,0,1,1,0
5edf769b6919fac4f5f4ade730fd1bb6,dg-general,ishan,C,clinical,4.0,0.25,0,0,0,0,1,1,0,0,0,0,0,0
5f123125342c9260ae61b6afc746c116,dg-general,isizulu,B,clinical,9.402993197278912,0.2857142857142857,1,1,0,0,0,0,0,0,0,0,0,0
5f6166b9974aacf66ecec0d39f992fd9,dg-general,bekwarra,C,general,8.940997732426307,0.18181818181818182,1,1,0,0,0,0,0,0,0,0,0,0
5f64f9fc4a594adc778f0a2700d116e6,dg-general,yoruba,A,clinical,17.11498866213152,0.09375,1,1,0,0,1,1,0,0,0,0,0,0
638d52a920b7ec4ac12b7b6d46746ea7,dg-general,ibani,C,clinical,4.877981859410431,0.0,0,0,0,0,0,0,0,0,0,1,1,0
63a2e9a375b665c32e1a176423c8fbdd,dg-general,yoruba,A,clinical,7.350997732426304,0.6,1,1,0,0,0,0,0,0,0,1,1,0
63bd1f04d01007bf1a829bf3a0248cf9,dg-general,ijaw,A,clinical,6.314988662131518,0.6363636363636364,0,0,0,0,0,0,0,0,0,0,0,0
63bd3c234d1d89a65ce8563f55787ac8,dg-general,swahili,A,clinical,4.138979591836734,0.5714285714285714,0,0,0,0,0,0,0,0,0,1,1,0
63c979f2f450a7598ab6d706308c5e72,dg-general,luhya,B,general,14.34,0.2631578947368421,0,0,0,0,0,0,0,0,0,1,1,0
660a4f125c61654b1ccc5df0cdd955bd,dg-general,yoruba,A,clinical,10.613990929705215,0.375,0,0,0,0,0,0,0,0,0,1,1,0
66b5e37d3c6fb622de9b645a11e45b87,dg-general,luganda,B,clinical,9.0,0.0,0,0,0,0,0,0,0,0,0,1,1,0
66c7d017a7af1535c058dcb212c785fd,dg-general,zulu,B,clinical,11.388979591836732,0.13333333333333333,1,1,0,0,0,0,0,0,0,0,0,0
681828fe9911e1c031e3a1023f5cba16,dg-general,igbo,A,clinical,15.0,0.12,2,2,0,0,1,1,0,0,0,0,0,0
68d7b378f686a4ea235df042be92df7c,dg-general,yoruba,A,clinical,10.105986394557824,0.875,0,0,0,0,1,0,0,0,1,0,0,0
690e5686be737d2bbc1ef25ff48022e5,dg-general,urhobo,B,clinical,18.18,0.13636363636363635,0,0,0,0,1,1,0,0,0,0,0,0
6934807f8bcbf16699578867c7a078e3,dg-general,ijaw,A,clinical,3.132993197278912,0.2,0,0,0,0,0,0,0,0,0,0,0,0
695771856cc6a19aadcc9c02daeb816b,dg-general,estako,C,clinical,21.156984126984128,0.18518518518518517,2,2,0,0,2,2,0,0,0,0,0,0
69b6cd5f741af0799aed46db39c2b3ce,dg-general,jukun,C,clinical,3.9049886621315193,0.25,0,0,0,0,0,0,0,0,0,0,0,0
6afed7fe39a177c3d510b925d8267a94,dg-general,swahili,A,general,12.713990929705217,0.5454545454545454,2,2,0,0,0,0,0,0,0,0,0,0
6b04e26e9a6a0c78b1b053f3bc86534e,dg-general,ijaw,A,clinical,4.593990929705216,0.4444444444444444,0,0,0,0,0,0,0,0,0,1,1,0
6b06a665f4acd27ba438a1e8410936ab,dg-general,igbo,A,general,13.686984126984129,0.2413793103448276,0,0,0,0,0,0,0,0,0,1,1,0
6b1ac9fd68036319be02c4d34443986a,dg-general,ngas,C,clinical,7.603990929705215,0.2,0,0,0,0,0,0,0,0,0,0,0,0
6b5cffdaf93ef9014d308fa283eb3d10,dg-general,ibibio,B,general,11.521,0.25,0,0,0,0,0,0,0,0,0,1,1,0
6b651083464881a4c3cad2643975b853,dg-general,kinyarwanda,B,clinical,14.020997732426304,0.25,0,0,0,0,0,0,0,0,0,1,1,0
6b6bd6a9b36dbd20ca8ba0b48a0e83c0,dg-general,igbo,A,clinical,15.0,0.5,1,0,0,1,1,1,0,0,0,0,0,0
6beb2687f186291440c994f823236222,dg-general,igbo,A,clinical,7.561995464852607,0.0,0,0,0,0,0,0,0,0,0,1,1,0
6d8bcf78963a218d83e6514022c3bfbd,dg-general,nembe,B,clinical,6.014988662131518,0.4,0,0,0,0,0,0,0,0,0,0,0,0
6df3ac41f44b547ed01c14cca6e07142,dg-general,kinyarwanda,B,clinical,11.108979591836734,0.29411764705882354,1,1,0,0,0,0,0,0,0,0,0,0
6dfb3c7d7c44a0fa82fd35cf7b94e239,dg-general,pidgin,B,clinical,12.152,0.25925925925925924,0,0,0,0,0,0,0,0,0,1,1,0
6f4df41f65cb3bc1a951f0277c7b80f2,dg-general,angas,C,clinical,10.13,0.0,0,0,0,0,0,0,0,0,0,1,1,0
718546c938f593549d7ffd1649434328,dg-general,tswana,B,clinical,24.14299319727891,0.20833333333333334,0,0,0,0,0,0,0,0,0,0,0,0
71a02c51cf938a571f90748316897775,dg-general,pidgin,B,clinical,4.703990929705215,0.2222222222222222,0,0,0,0,0,0,0,0,0,1,1,0
723a3ec3156f72ef6828899f45206964,dg-general,swahili,A,clinical,5.850997732426304,0.2222222222222222,0,0,0,0,0,0,0,0,0,1,1,0
725b8d8321a1685407b896624a741d82,dg-general,urhobo,B,clinical,8.87498866213152,1.0,0,0,0,0,0,0,0,0,0,0,0,0
740097459dffea7514558527c4f0bec7,dg-general,jukun,C,clinical,11.84,0.375,0,0,0,0,0,0,0,0,0,0,0,0
741c693e00ab4b2bd2fc3bc6ab3e8012,dg-general,igala,B,clinical,8.340997732426304,0.2857142857142857,0,0,0,0,0,0,0,0,0,0,0,0
75b69526057d0cd656a09edae54921a7,dg-general,twi,B,clinical,8.818979591836733,0.18181818181818182,0,0,0,0,0,0,0,0,0,0,0,0
795fbbcc55dad655ff683752f4b1030c,dg-general,brass,C,clinical,6.696984126984128,0.18181818181818182,0,0,0,0,1,1,0,0,0,0,0,0
796f61c973ea9e398d6e61d525aa5995,dg-general,eggon,C,general,9.66498866213152,0.23529411764705882,0,0,0,0,0,0,0,0,0,1,1,0
79fc4fcd5b516d1eb53d23875b4af44a,dg-general,kalabari,C,clinical,23.0,0.35,1,1,0,0,0,0,0,0,0,2,2,0
7abb65293b6eb423ce5ca2b5a9f238f2,dg-general,igbo,A,general,20.133990929705213,0.2413793103448276,0,0,0,0,0,0,0,0,0,1,1,0
7ac2b7f21b9550f6de49f8047e0c0e19,dg-general,luo,C,clinical,17.048979591836734,0.3,2,1,1,0,0,0,0,0,0,0,0,0
7ad13a1008d4186fe4da2865ae07757c,dg-general,ebiobo,C,clinical,9.525986394557822,0.2222222222222222,0,0,0,0,0,0,0,0,0,0,0,0
7af04897c7229728b4ee63de71d1b373,dg-general,kiswahili,B,clinical,6.488979591836735,0.15384615384615385,1,1,0,0,0,0,0,0,0,0,0,0
7c5f40347f781ccf22c7db328f23df70,dg-general,ibibio,B,general,8.343,0.15,0,0,0,0,0,0,0,0,0,1,1,0
7ecb769ffb1875b51a824aec75d2f79c,dg-general,kinyarwanda,B,general,8.618979591836736,0.3125,0,0,0,0,0,0,0,0,0,1,0,1
80229e0e60981f9013a0046669edd32a,dg-general,berom,C,clinical,15.46,0.20689655172413793,0,0,0,0,0,0,0,0,0,1,1,0
8132758125fa0e3156821052a383f9ef,dg-general,hausa,A,clinical,9.738979591836737,0.875,2,0,0,2,5,0,0,0,5,0,0,0
813cbfeecdbdffe46ec94b654e54df4a,dg-general,igbo,A,clinical,16.81299319727891,0.14814814814814814,0,0,0,0,0,0,0,0,0,1,1,0
81734eaf48d8000675f3f458b2ae298b,dg-general,eggon,C,clinical,4.697981859410431,0.7142857142857143,0,0,0,0,1,1,0,0,0,0,0,0
81801908431abd57e0f026230d6c8459,dg-general,igala,B,general,15.300997732426303,0.6923076923076923,0,0,0,0,0,0,0,0,0,0,0,0
81cd00461db37fd41edd15076468d9c2,dg-general,twi,B,clinical,6.1779818594104325,0.18181818181818182,0,0,0,0,0,0,0,0,0,1,1,0
81d460da9e2df1462d19d603f0e57a15,dg-general,luo,C,clinical,8.648979591836735,0.3125,0,0,0,0,0,0,0,0,0,1,1,0
824c7c4c945e6189c231341493d25e5d,dg-general,sepedi,C,clinical,10.90498866213152,0.35294117647058826,1,0,0,1,0,0,0,0,0,0,0,0
82faa4bc24f3ce811e8e07503edfbebb,dg-general,yoruba,A,clinical,21.54698412698413,1.0,0,0,0,0,0,0,0,0,0,2,0,2
834197895f5298110f61cfbba51ae350,dg-general,bajju,C,clinical,16.160997732426306,0.0967741935483871,0,0,0,0,2,2,0,0,0,0,0,0
8367b56fc0d340cd7238c649b78d37de,dg-general,tswana,B,clinical,5.083990929705215,0.1,0,0,0,0,0,0,0,0,0,0,0,0
83712a6a1289c7dd746f2b3d7689f8ce,dg-general,nembe,B,general,8.375986394557824,0.26666666666666666,0,0,0,0,0,0,0,0,0,0,0,0
83828cab9a761f48fafe9f38ecfa6554,dg-general,english,C,general,24.68199546485261,0.391304347826087,0,0,0,0,0,0,0,0,0,2,2,0
83a7819ff8d4e56d1cb5c58d5ea14a28,dg-general,igbo,A,clinical,10.050997732426303,0.16666666666666666,0,0,0,0,0,0,0,0,0,2,2,0
848d8e540d19383c326cbc913d0f1c0b,dg-general,ijaw,A,clinical,6.738979591836735,0.0,0,0,0,0,0,0,0,0,0,1,1,0
867e4b92a79ab543ec87ea8de579525a,dg-general,ebira,B,clinical,25.43897959183673,0.3783783783783784,0,0,0,0,2,2,0,0,0,0,0,0
868cbb2849424d087eb7b0b2dd76e3c6,dg-general,bassa,C,clinical,18.500997732426303,0.1111111111111111,4,4,0,0,2,2,0,0,0,0,0,0
868ed2786d8b2dedffe5b5358c2c529d,dg-general,agatu,C,clinical,8.0,1.0,0,0,0,0,1,0,0,0,1,0,0,0
875b9f741ca6fe9ce531dae23c363556,dg-general,igbo,A,clinical,3.394,0.6666666666666666,0,0,0,0,0,0,0,0,0,1,1,0
8869f1eeb5bc976ec0121bbfb7e71228,dg-general,igarra,C,clinical,17.153990929705216,0.21875,0,0,0,0,1,1,0,0,0,0,0,0
88ced2ecd0c03497c15314839b452bdc,dg-general,anaang,C,clinical,8.362993197278909,0.15384615384615385,0,0,0,0,0,0,0,0,0,1,1,0
88fff98f24f6cf178ac806f158823ebb,dg-general,swahili,A,clinical,7.930997732426302,0.2222222222222222,0,0,0,0,1,1,0,0,0,0,0,0
89329d8ccf699d749378e316d5da474d,dg-general,luganda,B,general,5.772993197278912,0.1111111111111111,0,0,0,0,0,0,0,0,0,1,1,0
8976dc7ac0cf57b7d29b4c988b7f1253,dg-general,benin,C,general,17.646984126984123,1.9,0,0,0,0,0,0,0,0,0,0,0,0
8a9cea52e9b59a3a21705dc3c2885d04,dg-general,nyandang,C,clinical,16.0,1.1333333333333333,0,0,0,0,1,0,0,0,1,0,0,0
8b05bff172782a130ebf50e8aeba14a8,dg-general,hausa,A,clinical,13.126984126984128,0.043478260869565216,1,1,0,0,0,0,0,0,0,0,0,0
8cb3809701786ccfebe73b788fdbf219,dg-general,setswana,B,general,14.48498866213152,0.45454545454545453,2,1,0,1,0,0,0,0,0,0,0,0
8d34da67104c808c64ab42eb49a251aa,dg-general,hausa,A,clinical,20.35498866213152,0.625,0,0,0,0,1,1,0,0,0,0,0,0
8dca912479bc6176b1434eaf497653e5,dg-general,zulu,B,clinical,12.791995464852608,0.2608695652173913,0,0,0,0,1,1,0,0,0,0,0,0
8e067faa1909e8c3674558e0f28874d2,dg-general,isoko,C,clinical,6.0,0.2222222222222222,0,0,0,0,0,0,0,0,0,0,0,0
8edfb1fdb8384702d1edb2995b99f128,dg-general,ebira,B,clinical,3.775986394557824,0.25,0,0,0,0,1,1,0,0,0,0,0,0
8f0b5eaf4c3efac9966188653abf9958,dg-general,afrikaans,B,general,4.0489795918367335,0.4,0,0,0,0,0,0,0,0,0,1,1,0
8f7597e46eb38afa0d5ea20bbc785540,dg-general,urhobo,B,clinical,3.920997732426304,0.0,0,0,0,0,0,0,0,0,0,1,1,0
8f938b62694f880c6488230b1a167846,dg-general,hausa,A,clinical,14.372993197278912,0.2894736842105263,0,0,0,0,0,0,0,0,0,1,1,0
8f96acfb2f96d743f369f9d800711ea4,dg-general,eket,C,clinical,5.70498866213152,0.0,3,3,0,0,0,0,0,0,0,0,0,0
90e3c94c91b77cbb0007c5478c9bc7d0,dg-general,isoko,C,clinical,10.026984126984129,0.1111111111111111,1,1,0,0,1,1,0,0,0,0,0,0
9259dde6b27dc39fcc0779e36d0bec02,dg-general,kikuyu,C,clinical,13.447981859410431,0.125,0,0,0,0,0,0,0,0,0,1,1,0
927f85be5b655d2292720b02da67a9f2,dg-general,pidgin,B,clinical,9.99,0.21052631578947367,1,0,0,1,0,0,0,0,0,0,0,0
93c43bd94eaaab1cb53328ea72a27dcf,dg-general,yoruba,A,clinical,13.222993197278912,0.041666666666666664,2,2,0,0,1,1,0,0,0,0,0,0
93cd3ed3b7a6575d02bb23a2594b31d9,dg-general,yoruba,A,general,13.272993197278913,0.23809523809523808,0,0,0,0,1,1,0,0,0,0,0,0
94a84a0f3f82fccfb5d198d9398ac92d,dg-general,ijaw,A,clinical,4.612993197278912,0.5,1,1,0,0,1,1,0,0,0,0,0,0
9505e3e628561706ade58cb28cbf9571,dg-general,etche,C,general,8.697981859410431,0.3,0,0,0,0,0,0,0,0,0,1,1,0
950669fd990036359a84fc27a609d98b,dg-general,hausa,A,clinical,18.23698412698413,0.23076923076923078,1,1,0,0,1,1,0,0,0,0,0,0
957f35f6f15f3598a944d8e025c18c1e,dg-general,hausa,A,clinical,6.780997732426304,0.375,0,0,0,0,1,1,0,0,0,0,0,0
95db94bcf9a5dca2090b618996026b61,dg-general,mada,C,clinical,20.990997732426305,0.8235294117647058,1,0,0,1,1,1,0,0,0,0,0,0
95fa8e2c87066c1af0f44e735ee21a99,dg-general,hausa,A,general,11.317981859410429,0.10344827586206896,0,0,0,0,1,1,0,0,0,0,0,0
96c0239bebf9812f391113c433a60ac3,dg-general,swahili,A,clinical,5.814988662131518,0.5555555555555556,0,0,0,0,1,1,0,0,0,1,1,0
97936c2d37f2f43efc1a3f0b0b3c0ca9,dg-general,ijaw,A,clinical,9.66498866213152,0.1875,0,0,0,0,2,2,0,0,0,0,0,0
98aa283c0ebaafc5a1021d01ba1bdb5b,dg-general,igala,B,general,5.274988662131519,0.3,0,0,0,0,0,0,0,0,0,0,0,0
997f3e37861b711e251f7700dab7d53a,dg-general,tshivenda,C,clinical,4.538979591836736,0.14285714285714285,0,0,0,0,0,0,0,0,0,1,1,0
9a375dac7ab12b6d59cffdb932f4d50b,dg-general,hausa,A,clinical,9.162993197278912,0.0,1,1,0,0,0,0,0,0,0,0,0,0
9aaf2cdb126cc34675679f50c7ff2bfb,dg-general,afrikaans,B,general,14.677981859410432,0.3333333333333333,0,0,0,0,0,0,0,0,0,1,1,0
9b77c0e08123645da710316db5a2a744,dg-general,zulu,B,clinical,8.968979591836733,0.10526315789473684,0,0,0,0,0,0,0,0,0,1,1,0
9b7de9c3315540a63648b9c1212db787,dg-general,jaba,C,clinical,6.871995464852607,0.4444444444444444,1,1,0,0,0,0,0,0,0,0,0,0
9b9b2265f35006044cd94c19382172a2,dg-general,eggon,C,clinical,19.874,0.34285714285714286,0,0,0,0,0,0,0,0,0,0,0,0
9c9e25effae29bb7faa7f6b5abafd60f,dg-general,ebiobo,C,general,15.058979591836732,0.28125,0,0,0,0,0,0,0,0,0,1,1,0
9d62c73869bfa4589aee1a01b7a44c1a,dg-general,yoruba,A,general,14.159,0.2962962962962963,0,0,0,0,0,0,0,0,0,1,1,0
9d77d58566ed0e963ae1123e3ab50cee,dg-general,idoma,B,clinical,9.138979591836735,0.4117647058823529,0,0,0,0,2,2,0,0,0,0,0,0
9dea8cff438f7e22cf9a4d61087d16ab,dg-general,ebira,B,clinical,10.545986394557824,0.3888888888888889,0,0,0,0,0,0,0,0,0,0,0,0
a118dd3124494bfe59ab23ed58e83735,dg-general,idah,C,clinical,12.0,0.6842105263157895,0,0,0,0,3,2,0,0,1,0,0,0
a2fb0dd7428a4afcfef9223224d462ad,dg-general,ijaw,A,clinical,11.867981859410431,0.08333333333333333,0,0,0,0,0,0,0,0,0,1,1,0
a353deca19dba9aaadeba0044ccefe20,dg-general,hausa,A,clinical,10.531995464852606,0.28,0,0,0,0,0,0,0,0,0,1,1,0
a3b4630a9a8ccf82303417432c662d3f,dg-general,berom,C,clinical,13.0,0.21428571428571427,0,0,0,0,1,1,0,0,0,0,0,0
a46605b3fdc92295cbd88bb861487e58,dg-general,ijaw,A,general,7.959,0.35294117647058826,0,0,0,0,0,0,0,0,0,1,0,1
a52cc1bdf941a9b4d76061ddbda05072,dg-general,igbo,A,clinical,9.0,0.5882352941176471,1,0,0,1,1,1,0,0,0,0,0,0
a5798eafcf34ba74b77d75babf9453f4,dg-general,ibibio,B,clinical,9.503,0.1111111111111111,0,0,0,0,0,0,0,0,0,1,1,0
a7046fce47c40b1fd7e5e841203d129f,dg-general,urhobo,B,clinical,6.163990929705213,0.8,0,0,0,0,0,0,0,0,0,0,0,0
a725f065187b21c5cda1720bc7307bac,dg-general,ijaw,A,clinical,7.512993197278911,0.5,0,0,0,0,1,1,0,0,0,0,0,0
a8b08dfb2d86e274967be71c137de2c2,dg-general,idoma,B,general,12.248979591836736,0.6875,1,0,0,1,0,0,0,0,0,0,0,0
a8c855fb76476df248ee0277b5d8b74a,dg-general,hausa,A,clinical,20.98897959183673,0.14285714285714285,2,2,0,0,1,1,0,0,0,0,0,0
a8e2b5e688be73125346995ac9c7e3b9,dg-general,angas,C,general,17.781,0.5925925925925926,0,0,0,0,0,0,0,0,0,3,3,0
a9929f0f04802faa3110256ee76330c7,dg-general,ekpeye,C,clinical,6.576984126984128,0.3333333333333333,0,0,0,0,1,1,0,0,0,0,0,0
a9a96ccbe9944292c08bc630aaee1d78,dg-general,idoma,B,clinical,12.12498866213152,0.0,3,3,0,0,2,2,0,0,0,0,0,0
aa3d0d5b66d4e3ae1d00cd720b8a0fb7,dg-general,mwaghavul,C,clinical,16.00498866213152,0.09523809523809523,2,0,0,2,1,1,0,0,0,0,0,0
aa6e5d8125f7b4f9c74f5b74eed331d8,dg-general,ika,C,clinical,5.746984126984128,0.18181818181818182,0,0,0,0,1,1,0,0,0,0,0,0
abbacd486f68114d3be9c86359b1e565,dg-general,igala,B,clinical,6.033990929705213,0.42857142857142855,0,0,0,0,0,0,0,0,0,0,0,0
ae325b61688d7cdf1c957b28284fab2b,dg-general,swahili,A,clinical,12.295986394557824,0.07142857142857142,0,0,0,0,0,0,0,0,0,1,1,0
aeffc6466b2f3e6a60d1a381c6688d62,dg-general,igbo,A,general,6.988979591836735,0.7777777777777778,0,0,0,0,1,1,0,0,0,0,0,0
af4fbadeeb6f189c5d29e6526fa0b02c,dg-general,idoma,B,clinical,3.92,0.625,2,2,0,0,0,0,0,0,0,0,0,0
b24705a3414d9d448da6c5d657098adc,dg-general,ikulu,C,clinical,5.472993197278911,0.0,0,0,0,0,0,0,0,0,0,1,1,0
b29c9ccbdadf5706af0da73171953752,dg-general,ijaw,A,clinical,3.0,0.8,0,0,0,0,0,0,0,0,0,0,0,0
b2f73812d854cc5de1224b16333c2edd,dg-general,bassa,C,clinical,12.925986394557825,0.125,0,0,0,0,1,1,0,0,0,0,0,0
b3a46c19d0e26a91d003c51e4d40b66e,dg-general,epie,C,general,3.5789795918367338,0.16666666666666666,0,0,0,0,0,0,0,0,0,1,1,0
b4b5d6f2dce941b2f1d22953049bb28a,dg-general,setswana,B,clinical,13.51,0.14285714285714285,0,0,0,0,0,0,0,0,0,0,0,0
b4c2f327368753233244635f8bd0e980,dg-general,hausa,A,general,20.922993197278917,0.5555555555555556,0,0,0,0,0,0,0,0,0,3,3,0
b53fd41101f96b2aea36486ef2cf32d1,dg-general,igbo,A,general,16.473,0.30434782608695654,0,0,0,0,0,0,0,0,0,1,1,0
b5537cc2227d417320c5c9b624c7d7e3,dg-general,anaang,C,general,12.588979591836734,0.05,0,0,0,0,0,0,0,0,0,2,2,0
b5ac61338506de6f0dfc1419176d52e1,dg-general,eket,C,clinical,3.0,0.25,0,0,0,0,1,1,0,0,0,0,0,0
b5c1bb84af7f05994706e272a24dea4f,dg-general,ibibio,B,clinical,12.0,0.23076923076923078,0,0,0,0,0,0,0,0,0,1,1,0
b60b6db14f8aa8fc2ea581d656cc9b84,dg-general,tswana,B,clinical,12.248979591836736,0.375,0,0,0,0,0,0,0,0,0,0,0,0
b6c10264bc38c5cce35f58fba4d4ac93,dg-general,tswana,B,general,7.414988662131518,0.1,0,0,0,0,1,1,0,0,0,0,0,0
b6dc046fa03571546013240f45550672,dg-general,afemai,C,general,14.606984126984129,0.36,0,0,0,0,1,1,0,0,0,0,0,0
b89670db369c7e025fb0d74ca94533af,dg-general,hausa,A,clinical,8.254988662131518,0.5384615384615384,2,0,0,2,2,1,0,0,1,0,0,0
b985d09f630047d9a23f4b60488cf2df,dg-general,ebiobo,C,clinical,8.171995464852607,0.38095238095238093,0,0,0,0,0,0,0,0,0,0,0,0
b9fbfa440d2ba2a19ff2e1f37ee2edf4,dg-general,yoruba,A,clinical,27.0,0.2972972972972973,1,0,0,1,1,1,0,0,0,0,0,0
ba4536f44ae1cc6bddd1d886a68e77a2,dg-general,bini,C,general,17.893,0.4166666666666667,0,0,0,0,0,0,0,0,0,0,0,0
bb3702b2a7ae80986cc8dcd132ff2928,dg-general,kalabari,C,clinical,7.512993197278911,0.0,1,1,0,0,0,0,0,0,0,0,0,0
bba103cc3c5381ab96a3534523d83143,dg-general,igbo,A,clinical,6.463990929705216,0.4,0,0,0,0,2,2,0,0,0,0,0,0
bc0fcabcbdffb9b9c95fb48c01a78fa4,dg-general,esan,B,general,10.978,0.29411764705882354,0,0,0,0,0,0,0,0,0,0,0,0
bc60654d276884a19cbba4a0bf10264b,dg-general,fulani,C,clinical,6.014988662131518,0.25,0,0,0,0,0,0,0,0,0,1,1,0
bd6c36ca7dfb7303fc8ca6e11274a52f,dg-general,isixhosa,C,clinical,15.852993197278913,0.12,2,2,0,0,0,0,0,0,0,0,0,0
bd7164ebfc3bc1eb03c9bc65c4eee3ea,dg-general,igbo,A,clinical,8.0,0.0,0,0,0,0,2,2,0,0,0,0,0,0
bde569d1c5436b9011e7291e0591791d,dg-general,itsekiri,C,clinical,7.268979591836735,0.1,1,1,0,0,1,1,0,0,0,0,0,0
beddeac62f5277f00a937c79f65eaa98,dg-general,igbo,A,clinical,3.3079818594104307,0.2,0,0,0,0,0,0,0,0,0,1,0,1
bf2e25f55b7c3f78fa0971450e093825,dg-general,igala,B,clinical,5.743990929705213,0.2222222222222222,1,1,0,0,0,0,0,0,0,0,0,0
bf51a31d5dd31e4cf53a49972014a88a,dg-general,mwaghavul,C,clinical,20.0,0.5,0,0,0,0,1,1,0,0,0,0,0,0
bf5c981afa3eaf5cf847e9a91c4dcb83,dg-general,ishan,C,clinical,11.0,0.5833333333333334,0,0,0,0,1,1,0,0,0,0,0,0
bf5dddc0e1db7a94bae1da89c7e8b641,dg-general,ebira,B,general,5.734988662131518,0.3,0,0,0,0,0,0,0,0,0,1,1,0
bfd411fa6e39fb7fb11f7264221e139a,dg-general,ekene,C,clinical,15.750997732426304,0.52,0,0,0,0,1,1,0,0,0,0,0,0
bfe3e8e78193cbd5085be65385a200f4,dg-general,ijaw,A,clinical,9.598979591836734,0.15384615384615385,0,0,0,0,0,0,0,0,0,0,0,0
bfeb15fa6cda5bc99eca0dfa907afdfd,dg-general,igarra,C,clinical,9.383990929705217,0.9090909090909091,1,0,0,1,1,0,0,0,1,0,0,0
c0129f011c7f51034d4049452fcc1841,dg-general,ibibio,B,clinical,15.578979591836736,0.08695652173913043,0,0,0,0,0,0,0,0,0,1,1,0
c08715672b66e97854b8d32304a36be0,dg-general,kiswahili,B,clinical,15.862993197278907,0.2,0,0,0,0,1,1,0,0,0,0,0,0
c0a962e9ab1e4b0165f645072d036ce7,dg-general,ebira,B,clinical,5.558979591836735,0.36363636363636365,0,0,0,0,1,1,0,0,0,0,0,0
c0a9d8722ec57a9d7c0014132185a05a,dg-general,hausa,A,clinical,6.0,0.2222222222222222,2,2,0,0,0,0,0,0,0,0,0,0
c18453be6b19c1812bdbeb7e32666683,dg-general,hausa,A,clinical,23.62299319727891,0.2857142857142857,0,0,0,0,0,0,0,0,0,2,2,0
c1e3308cab67e506b32e54dd90442496,dg-general,esan,B,clinical,11.58498866213152,0.1,0,0,0,0,0,0,0,0,0,0,0,0
c1f7f12ce0f372096b7ff58acc8a0da1,dg-general,bagi,C,clinical,17.07498866213152,0.4,1,1,0,0,1,1,0,0,0,0,0,0
c2093acb790a4bbcaf0367cecfa15793,dg-general,igbo,A,clinical,6.99498866213152,0.0,0,0,0,0,0,0,0,0,0,2,2,0
c24ca3c05f7a3ea93c9730277869ed87,dg-general,setswana,B,clinical,15.407981859410429,0.09090909090909091,1,1,0,0,0,0,0,0,0,1,1,0
c2cc345671d456fb13daafe8657d0b7c,dg-general,yoruba,A,clinical,5.0,0.6666666666666666,0,0,0,0,2,2,0,0,0,0,0,0
c34acbbf1a1226d808f10333aaca4bf4,dg-general,luhya,B,clinical,16.961995464852606,0.375,1,1,0,0,0,0,0,0,0,0,0,0
c361cf1ef4cfa79c13cac6ea5f92ff83,dg-general,swahili,A,clinical,15.348979591836734,0.3125,2,0,0,2,0,0,0,0,0,0,0,0
c43d8faa6efe9020bdd669a67ba1e988,dg-general,efik,C,clinical,20.207981859410427,0.46153846153846156,2,0,0,2,3,3,0,0,0,0,0,0
c47e225f1fdd18aa59a04019c6f785d8,dg-general,igbo,A,clinical,6.095986394557822,0.2222222222222222,1,1,0,0,0,0,0,0,0,0,0,0
c4e5db30026158b54bfc69f86dcc3258,dg-general,ijaw,A,general,13.038979591836734,0.375,0,0,0,0,0,0,0,0,0,1,1,0
c55c2f342f2c47bf07bc91edf2aa07db,dg-general,luhya,B,clinical,9.97,0.07692307692307693,0,0,0,0,0,0,0,0,0,1,1,0
c57908e428d843a4751c1d649dde1178,dg-general,kubi,C,clinical,26.02498866213152,0.13513513513513514,0,0,0,0,0,0,0,0,0,1,1,0
c6073369acecc5ec76f8510e65ef8614,dg-general,zulu,B,clinical,3.8859863945578232,0.1111111111111111,0,0,0,0,0,0,0,0,0,1,1,0
c638fd27f4d7996caa3ec3583be2bb60,dg-general,yoruba,A,clinical,12.211995464852608,0.16666666666666666,0,0,0,0,0,0,0,0,0,1,1,0
c68f2256b87f8a4adc634437ca9b0f0e,dg-general,hausa,A,clinical,7.142993197278911,0.25,0,0,0,0,1,1,0,0,0,0,0,0
c6e4a13479f20b955c13a901233174be,dg-general,hausa,A,general,13.992993197278912,0.34782608695652173,0,0,0,0,0,0,0,0,0,2,2,0
c80332f56b08b4af535215343ffdb008,dg-general,ijaw,A,clinical,4.0,1.0,0,0,0,0,0,0,0,0,0,0,0,0
c81f7d7f5506ebee6b071632c19f6a74,dg-general,kiswahili,B,clinical,4.044988662131519,0.8,0,0,0,0,0,0,0,0,0,0,0,0
c8bc671bb9c88eb4ee2f3f7acf2b2d83,dg-general,swahili,A,clinical,9.706984126984128,0.1111111111111111,1,1,0,0,0,0,0,0,0,0,0,0
c90270fe8da819633527fc66957c3e0e,dg-general,epie,C,clinical,10.266984126984129,0.38461538461538464,0,0,0,0,2,2,0,0,0,0,0,0
c9af813320164ec2d868bb1bc7107012,dg-general,twi,B,clinical,15.130997732426303,0.05714285714285714,0,0,0,0,0,0,0,0,0,0,0,0
c9b1aa14e33d19190eb01cb073e67ca5,dg-general,xhosa,B,clinical,18.89698412698413,0.4444444444444444,1,1,0,0,0,0,0,0,0,0,0,0
c9e6be5a8915f5ac8ee4ff3732b8e27d,dg-general,ijaw,A,clinical,13.1,0.13793103448275862,0,0,0,0,0,0,0,0,0,0,0,0
ca5a139af5252ba9ef0157f1e4b22f7e,dg-general,gbagyi,C,general,12.820997732426305,0.52,0,0,0,0,1,1,0,0,0,0,0,0
cab8b585c413020c52712fa86d9487f2,dg-general,kubi,C,clinical,14.596984126984127,0.29411764705882354,1,1,0,0,0,0,0,0,0,0,0,0
cbae4b87a1f5bc0e8de8a2e61063c7cc,dg-general,nembe,B,clinical,6.1379818594104325,0.2857142857142857,0,0,0,0,0,0,0,0,0,0,0,0
cc47565e8d7adaaaf7309137e1c21d0c,dg-general,swahili,A,clinical,9.356984126984129,0.09090909090909091,0,0,0,0,0,0,0,0,0,1,1,0
cd46e47931741d1adcb0e5ba77a8d010,dg-general,ijaw,A,clinical,3.17498866213152,0.5,0,0,0,0,0,0,0,0,0,1,1,0
cdad5949ae6301810466710c9fa591b7,dg-general,gbagyi,C,clinical,7.198979591836735,0.5,1,1,0,0,1,1,0,0,0,0,0,0
ce1c6816a2d6aece987ed5c0f8fb8c67,dg-general,luhya,B,clinical,12.33498866213152,0.03225806451612903,0,0,0,0,0,0,0,0,0,1,1,0
ce44e5e5a82a4afd35c8538c0c3cbeee,dg-general,igbo,A,clinical,12.760997732426304,0.5,1,0,0,1,0,0,0,0,0,0,0,0
ce9a55efb983e8cf0a58ab235b03459b,dg-general,english,C,clinical,23.14199546485261,0.23076923076923078,1,1,0,0,0,0,0,0,0,0,0,0
cee69f2a5332655a8e0bf4626e3c67c5,dg-general,ibibio,B,clinical,10.0,0.8,2,1,0,1,0,0,0,0,0,0,0,0
cf42ee5d7ae6579d20f480a8cf8dc00f,dg-general,ibibio,B,clinical,13.421995464852609,0.47058823529411764,0,0,0,0,1,1,0,0,0,0,0,0
cf605b3aaadbd365452e997fbc78122d,dg-general,efik,C,clinical,7.005986394557822,0.875,1,0,0,1,1,1,0,0,0,0,0,0
cf9e560da122091075155bf203bc061b,dg-general,ekene,C,clinical,27.58,0.28,2,2,0,0,1,1,0,0,0,0,0,0
cff6c42bb0e070671ce4482817dacae6,dg-general,esan,B,clinical,7.4289795918367325,0.3076923076923077,0,0,0,0,0,0,0,0,0,0,0,0
cffb22f74419c3c64c0eb8234d12bdcd,dg-general,afo,C,clinical,9.0,0.1875,0,0,0,0,0,0,0,0,0,1,1,0
d025ca163e46bd07f76b54c80e2d7562,dg-general,luhya,B,clinical,24.85698412698413,0.34375,2,2,0,0,0,0,0,0,0,0,0,0
d04a848381afea5745f98dbcbf9ee80f,dg-general,isizulu,B,clinical,16.11,0.47619047619047616,0,0,0,0,0,0,0,0,0,1,1,0
d51141cb8b8c69ccbae5e69b3a85832f,dg-general,swahili,A,clinical,11.951995464852608,0.23809523809523808,0,0,0,0,0,0,0,0,0,1,1,0
d53c251ca9fcee3437d49bf595de21af,dg-general,brass,C,general,11.813990929705216,0.07692307692307693,1,1,0,0,0,0,0,0,0,0,0,0
d5df2d0d9bc0b327323e86a090a5afaf,dg-general,ebira,B,clinical,17.368979591836734,0.3448275862068966,0,0,0,0,0,0,0,0,0,1,1,0
d64ef7571efd986614e51b3f967dc538,dg-general,kiswahili,B,clinical,6.910997732426304,0.25,0,0,0,0,0,0,0,0,0,0,0,0
d82cec807957c626355a5aa710d2c1e9,dg-general,ika,C,general,15.050999999999998,0.25,0,0,0,0,1,1,0,0,0,0,0,0
da96d824075f3a27194aa3105fabdb3f,dg-general,yoruba,A,clinical,4.0,0.0,0,0,0,0,0,0,0,0,0,1,1,0
dca135e2059101c69a99b599fefb2e63,dg-general,yoruba,A,clinical,10.706984126984128,0.5555555555555556,0,0,0,0,1,1,0,0,0,0,0,0
dce11a83cfa477b7e54bace09a6c72ab,dg-general,setswana,B,clinical,9.73,0.4666666666666667,0,0,0,0,0,0,0,0,0,0,0,0
dfbf35c19cdf6a9ff063b4413c7a8ade,dg-general,bajju,C,general,5.868979591836735,0.2857142857142857,0,0,0,0,0,0,0,0,0,0,0,0
e1a7ef99d4301ae5fb02a2fdb6290892,dg-general,bini,C,clinical,9.992993197278912,0.14285714285714285,0,0,0,0,1,1,0,0,0,0,0,0
e1c132d095f85bfed63e72a4b98754c7,dg-general,setswana,B,clinical,3.930997732426304,0.3333333333333333,0,0,0,0,0,0,0,0,0,0,0,0
e21c6a3572a320ef6fd314479996dbfe,dg-general,isizulu,B,clinical,9.032,0.6666666666666666,1,1,0,0,0,0,0,0,0,0,0,0
e235ca5879e5ab635a97d0467e147d33,dg-general,swahili,A,clinical,4.502993197278912,0.18181818181818182,0,0,0,0,0,0,0,0,0,1,1,0
e26375e505bd69d631d8e779d4a6c32a,dg-general,tswana,B,clinical,5.706984126984128,0.2857142857142857,0,0,0,0,0,0,0,0,0,0,0,0
e32346ae5bad64b430d42948b2dd4225,dg-general,ibibio,B,clinical,6.673990929705216,0.14285714285714285,0,0,0,0,0,0,0,0,0,1,1,0
e3a7d9091147bd74122b59cb6ba816cd,dg-general,idoma,B,general,9.079,0.3125,0,0,0,0,0,0,0,0,0,1,1,0
e3ae499884ba5b46b1264679259e3e7e,dg-general,bekwarra,C,clinical,3.2389795918367352,0.23076923076923078,0,0,0,0,0,0,0,0,0,1,1,0
e44def0e0c4fb7e4581331126b026d8a,dg-general,kinyarwanda,B,clinical,6.488979591836735,0.4444444444444444,0,0,0,0,0,0,0,0,0,0,0,0
e5ce8868512511ee2359edb7581199ac,dg-general,yoruba,A,general,11.206984126984128,0.2631578947368421,0,0,0,0,0,0,0,0,0,1,1,0
e8b7e1c7a72f411ccac63c301f5e2b21,dg-general,itsekiri,C,clinical,6.708979591836735,0.0,0,0,0,0,1,1,0,0,0,0,0,0
e93bbe4d1f5fec38bdc67bdf4085dacf,dg-general,tswana,B,clinical,4.277,0.14285714285714285,0,0,0,0,0,0,0,0,0,0,0,0
ea0178f69e36f46afc081864d2b648e0,dg-general,ibibio,B,clinical,11.0,0.5,0,0,0,0,1,1,0,0,0,0,0,0
ea252ca5cac42505a2bd8a34e4c85b1f,dg-general,bagi,C,clinical,5.0,0.4444444444444444,0,0,0,0,1,1,0,0,0,0,0,0
eaa66b82d267fa11b54cf412eb32aab3,dg-general,idoma,B,clinical,6.0889795918367335,1.0909090909090908,0,0,0,0,1,0,0,0,1,0,0,0
ec18809717922ca38ceeb713515fbcff,dg-general,sesotho,C,clinical,9.367981859410431,0.2631578947368421,1,0,0,1,0,0,0,0,0,0,0,0
ecc5561dd3b2cec2a760cee4904eb10a,dg-general,agatu,C,clinical,8.347981859410433,0.3333333333333333,0,0,0,0,0,0,0,0,0,1,1,0
eda5cd7e0be3da8b39ad74b2d5c37381,dg-general,igbo,A,general,16.11,0.2692307692307692,0,0,0,0,0,0,0,0,0,1,1,0
edaf4944e378023b5211a41d8ff5fbcf,dg-general,sotho,C,clinical,5.100997732426304,0.0,0,0,0,0,0,0,0,0,0,1,1,0
edcbfd194d2c3327560d151ce1fe8a79,dg-general,akan,C,clinical,11.998979591836736,0.2608695652173913,0,0,0,0,0,0,0,0,0,1,1,0
ee52a0bb537315a9e13798dc8dfbd627,dg-general,idoma,B,clinical,8.0,0.4444444444444444,1,0,0,1,0,0,0,0,0,0,0,0
ee9c796e757ac3a2493c10bd9d7029c5,dg-general,yoruba,A,clinical,7.847981859410432,1.4,0,0,0,0,1,0,0,0,1,0,0,0
efa38753b6f1cbfc85a3645af80e5622,dg-general,fulani,C,clinical,6.015986394557822,0.16666666666666666,0,0,0,0,1,1,0,0,0,0,0,0
efde0eff1bca67a8c55def3095b09e12,dg-general,twi,B,general,9.472,0.8888888888888888,0,0,0,0,0,0,0,0,0,2,2,0
f1c88ce543440298faaed9f743d579de,dg-general,hausa,A,clinical,3.3679818594104307,1.0,1,0,0,1,0,0,0,0,0,0,0,0
f35c3b8b14cbfe94fb29531cf31e2a3b,dg-general,afo,C,general,7.2129931972789105,0.3333333333333333,0,0,0,0,0,0,0,0,0,0,0,0
f36039967f4f81776a24fa5f769152db,dg-general,yoruba,A,clinical,11.31,0.07407407407407407,0,0,0,0,0,0,0,0,0,1,1,0
f3a266a1442b1ddb146734a1dd3de00f,dg-general,kiswahili,B,clinical,7.538979591836735,0.2,0,0,0,0,0,0,0,0,0,0,0,0
f42411fa2e88c397f558c7be352de659,dg-general,setswana,B,clinical,6.626,0.17647058823529413,0,0,0,0,0,0,0,0,0,1,1,0
f50ecd838b405b25f806c9b0805e9463,dg-general,yoruba,A,clinical,3.744988662131519,0.3333333333333333,0,0,0,0,0,0,0,0,0,1,1,0
f5861fe5b8ef2ed843c5a50bbeb7789d,dg-general,akan,C,general,12.378979591836734,0.36,0,0,0,0,0,0,0,0,0,1,1,0
f5cb123d9ff58506553397ea7d69d50a,dg-general,etche,C,clinical,18.0,0.3333333333333333,1,1,0,0,1,0,0,1,0,0,0,0
f5d36926fb98abbddd16fabda29e3a0f,dg-general,hausa,A,general,5.627981859410431,0.4,0,0,0,0,0,0,0,0,0,1,1,0
f685934ebfac5fa0ea4371a3f6cf8c2f,dg-general,ukwuani,C,clinical,7.866,0.5333333333333333,0,0,0,0,1,1,0,0,0,0,0,0
f7eb4020bbab9fb28abf844188cf318f,dg-general,eleme,C,clinical,22.762993197278917,0.3181818181818182,2,2,0,0,1,1,0,0,0,0,0,0
f865a5b4098532da11a3e8ae5fbe9437,dg-general,delta,C,general,9.34,0.32,0,0,0,0,0,0,0,0,0,1,1,0
f90956b98a371a04fb2d01be89fe11cf,dg-general,yoruba,A,clinical,6.411995464852607,0.2857142857142857,0,0,0,0,0,0,0,0,0,1,0,1
f921ed1237445f75f1a9bf01f51d67b5,dg-general,hausa,A,clinical,4.6189795918367365,0.2,0,0,0,0,0,0,0,0,0,1,1,0
f92f66f90ef1f17e7ee8f36bb8789a74,dg-general,pidgin,B,clinical,6.160997732426304,0.16666666666666666,0,0,0,0,0,0,0,0,0,0,0,0
f9895f1dfdd8f6a5125d62fb0c48a239,dg-general,idoma,B,clinical,27.398979591836728,0.20689655172413793,3,3,0,0,1,1,0,0,0,0,0,0
f9d382a85887f71391ed1baeffa37815,dg-general,setswana,B,clinical,4.526984126984127,0.3333333333333333,0,0,0,0,0,0,0,0,0,0,0,0
fb226674b17933ee5365ba61f4e6f578,dg-general,etche,C,clinical,12.076984126984124,0.7,0,0,0,0,2,0,0,0,2,0,0,0
fba01cb73f0d8d871f0853aa7c80967a,dg-general,ijaw,A,clinical,3.340997732426304,0.375,0,0,0,0,0,0,0,0,0,0,0,0
fbb74c6452c0cd8839a84a8e8a6edeab,dg-general,akan,C,clinical,13.588979591836734,0.16666666666666666,2,1,0,1,0,0,0,0,0,0,0,0
fca326ffdcd8311027371f04df2374b8,dg-general,nembe,B,clinical,4.71,0.1,0,0,0,0,0,0,0,0,0,0,0,0
fe691b1c80b20d7f4eefc0066d839b4e,dg-general,swahili,A,general,21.153990929705216,0.17142857142857143,0,0,0,0,0,0,0,0,0,1,1,0
fee673e2873fadc73dd490534e420519,dg-general,twi,B,clinical,14.442993197278913,0.8571428571428571,0,0,0,0,0,0,0,0,0,1,1,0
00a8fbb3c1ab981f953251ab74953aa7,dg-medical,igbo,A,clinical,3.160997732426304,0.5,0,0,0,0,1,1,0,0,0,0,0,0
00cb23d4474de886b096a4121ad06467,dg-medical,igbo,A,clinical,15.79498866213152,0.08333333333333333,0,0,0,0,1,1,0,0,0,0,0,0
00f29afe5b9419051ece6254c7671140,dg-medical,ijaw,A,clinical,4.0,0.6,1,0,0,1,0,0,0,0,0,0,0,0
01cf1c65195a5bf6cfdea2270f27d30f,dg-medical,isizulu,B,clinical,10.213990929705217,0.3076923076923077,1,1,0,0,0,0,0,0,0,0,0,0
0316642537208a2c38571a0598277900,dg-medical,izon,B,general,27.782993197278923,0.4642857142857143,0,0,0,0,1,1,0,0,0,0,0,0
034edeacea0c26990023d688762888cb,dg-medical,igarra,C,general,11.861,0.2,0,0,0,0,0,0,0,0,0,1,1,0
035836ee284849df9969d1dd62f025f6,dg-medical,luganda,B,clinical,6.33498866213152,0.14285714285714285,0,0,0,0,0,0,0,0,0,0,0,0
04a041c8c7f0c63c42e21c23b4739a33,dg-medical,luganda,B,clinical,3.351995464852608,0.3333333333333333,0,0,0,0,0,0,0,0,0,0,0,0
06e79ca6e3f2bc5a6aefbd7be5f1f8e4,dg-medical,hausa,A,clinical,5.0,0.2,1,1,0,0,0,0,0,0,0,0,0,0
0700cda752bd76a9e0094aa81371a166,dg-medical,etsako,C,clinical,4.398979591836736,0.5,2,2,0,0,1,1,0,0,0,0,0,0
0781b542e2bb0461fb14d4e1880ba8a7,dg-medical,obolo,C,clinical,11.061995464852608,0.22727272727272727,1,1,0,0,0,0,0,0,0,0,0,0
08048da2f122e9696d96fe84b6c63d13,dg-medical,esan,B,general,7.022993197278912,0.21428571428571427,0,0,0,0,0,0,0,0,0,0,0,0
084115ff20f2b83589318b1d443d51d2,dg-medical,igala,B,clinical,6.0,0.4444444444444444,0,0,0,0,0,0,0,0,0,0,0,0
0a4896f3691a43baeda611176e154eb2,dg-medical,ika,C,clinical,3.5219954648526075,0.8,0,0,0,0,0,0,0,0,0,1,1,0
0b1afb3f06809ee1a41f4ea19450dfd0,dg-medical,ibani,C,general,11.212,0.3076923076923077,0,0,0,0,0,0,0,0,0,1,1,0
0b698a4e9ec659918686f249a1428360,dg-medical,luganda,B,clinical,6.818979591836735,0.4444444444444444,0,0,0,0,0,0,0,0,0,0,0,0
0bc62a7632b777c66f67cc78b1b032db,dg-medical,swahili,A,clinical,7.602993197278912,1.0,0,0,0,0,1,1,0,0,0,0,0,0
0ce35af951a7a044a001403b6cd2bb60,dg-medical,urhobo,B,clinical,8.0,0.0,0,0,0,0,0,0,0,0,0,1,1,0
0e3380e30506ef3de8547f5a1851253f,dg-medical,igbo,A,general,15.653990929705214,0.3888888888888889,0,0,0,0,0,0,0,0,0,1,1,0
0e810af15dbe05ac2ab931927497b9e3,dg-medical,bajju,C,clinical,9.328979591836736,0.25,0,0,0,0,0,0,0,0,0,1,1,0
0f3414fc7708ee92f8405d95f47cd43b,dg-medical,esan,B,clinical,9.195,0.14285714285714285,0,0,0,0,0,0,0,0,0,0,0,0
0ff27a131661532578989ce2bd77d3ac,dg-medical,xhosa,B,clinical,24.56498866213152,0.36666666666666664,0,0,0,0,0,0,0,0,0,0,0,0
101ba9085997bf5916102caf0e5751d5,dg-medical,zulu,B,general,5.8,0.7272727272727273,0,0,0,0,0,0,0,0,0,1,1,0
10d8ca94d220675578dbbe3e9fb05ce7,dg-medical,zulu,B,clinical,12.122993197278912,0.15384615384615385,1,1,0,0,0,0,0,0,0,0,0,0
11caa8fa466d48bcc966b305b18a3141,dg-medical,ogoni,C,clinical,8.536984126984128,0.07692307692307693,1,0,0,1,0,0,0,0,0,0,0,0
121b405d54487b5f413f30decd198810,dg-medical,berom,C,general,19.553,0.10344827586206896,0,0,0,0,1,1,0,0,0,0,0,0
12dd3ba4bdf61b4f70c93251d1aa6628,dg-medical,igala,B,clinical,4.093990929705217,0.0,0,0,0,0,0,0,0,0,0,0,0,0
131f719fec149dda7cc514e849b65fde,dg-medical,swahili,A,general,8.627981859410431,0.2857142857142857,0,0,0,0,0,0,0,0,0,1,1,0
146112e1981f61c27d28910341447898,dg-medical,afo,C,clinical,7.252993197278912,1.0,1,1,0,0,0,0,0,0,0,0,0,0
154a06c87d686d87171f295a4ce593bc,dg-medical,izon,B,general,16.666984126984126,0.19230769230769232,0,0,0,0,0,0,0,0,0,1,1,0
155360ba5e8ba376e5850862d4a16924,dg-medical,ijaw,A,clinical,10.0,0.6153846153846154,0,0,0,0,0,0,0,0,0,0,0,0
15580a2ba80250f178624f53536ab40a,dg-medical,ekpeye,C,general,16.270997732426302,0.5217391304347826,0,0,0,0,0,0,0,0,0,2,2,0
1564dbff30c4f41d2705b6eab54f261b,dg-medical,ibani,C,clinical,4.650997732426304,0.0,0,0,0,0,1,1,0,0,0,0,0,0
15f37c2dc167e18e93e0e701c5dea67b,dg-medical,anaang,C,clinical,7.0,0.25,2,2,0,0,1,1,0,0,0,0,0,0
1601ea287f90336cc2f535549589024a,dg-medical,bini,C,clinical,3.4979818594104315,0.2,0,0,0,0,1,1,0,0,0,0,0,0
16c2e642a0c9b3dc37e4b944aeeb2de0,dg-medical,angas,C,clinical,9.707981859410433,0.25,0,0,0,0,1,1,0,0,0,0,0,0
1767f075d626c92ebed30b6288ab2ab7,dg-medical,swahili,A,clinical,12.618979591836734,0.125,0,0,0,0,0,0,0,0,0,1,1,0
179596c3ae11859ebda92d8ca8c757d5,dg-medical,igbo,A,clinical,7.58,0.625,0,0,0,0,1,1,0,0,0,0,0,0
18145e1d8eb5f33f3d0ddd3f91352f5f,dg-medical,luganda,B,clinical,8.545986394557824,0.041666666666666664,0,0,0,0,0,0,0,0,0,1,1,0
18361ec4ecc20db368a75ee828e415cc,dg-medical,jaba,C,clinical,11.24,0.625,1,1,0,0,0,0,0,0,0,0,0,0
1a2f61401501f9f0447e63524344eb1d,dg-medical,oklo,C,clinical,18.153990929705216,0.20689655172413793,0,0,0,0,1,1,0,0,0,0,0,0
1a51f3b98694022da2937b78dcceac59,dg-medical,ijaw,A,clinical,7.436984126984128,0.36,0,0,0,0,0,0,0,0,0,0,0,0
1a881d0101672f6596645a1b5ac0f29b,dg-medical,tswana,B,clinical,8.848979591836734,0.45454545454545453,0,0,0,0,0,0,0,0,0,0,0,0
1a91bdf81acf149c03a3c48254cc5273,dg-medical,luhya,B,clinical,15.762993197278911,0.23809523809523808,1,0,0,1,0,0,0,0,0,1,1,0
1ab41137caf537cf2d196c3914d95b48,dg-medical,isizulu,B,clinical,13.070997732426305,0.25,1,0,0,1,0,0,0,0,0,0,0,0
1c71e30de1f98989413636726f093c05,dg-medical,xhosa,B,general,16.863990929705214,0.15151515151515152,0,0,0,0,0,0,0,0,0,1,1,0
1ca8b542d191644cbd70ad4b136fa4ba,dg-medical,igala,B,clinical,3.743990929705216,0.1111111111111111,0,0,0,0,0,0,0,0,0,1,1,0
1dda8dca0b084c03fc5ea2a901de6043,dg-medical,igbo,A,clinical,27.0,0.30303030303030304,0,0,0,0,3,1,0,0,2,0,0,0
1e1f4d7a25294e5853a6c798329b69b9,dg-medical,swahili,A,general,9.162993197278912,0.34782608695652173,0,0,0,0,0,0,0,0,0,1,0,1
1e7230cd634da25dd5ab1f72ad1bde18,dg-medical,xhosa,B,clinical,19.89897959183673,0.3125,0,0,0,0,0,0,0,0,0,2,2,0
1ed939ce62c5672b88f5e3810e0c1757,dg-medical,gbagyi,C,clinical,24.0,0.3333333333333333,0,0,0,0,1,1,0,0,0,0,0,0
1efa1d7cf13f33924ba9fdac9e291aa6,dg-medical,ngas,C,clinical,5.590997732426303,0.4,0,0,0,0,0,0,0,0,0,0,0,0
20523bffa88b473a5842269b698df45f,dg-medical,ijaw,A,general,4.881,0.4444444444444444,0,0,0,0,0,0,0,0,0,1,1,0
20d0b5e49fb27db230bccda1d2c38946,dg-medical,delta,C,clinical,14.202993197278907,0.6,0,0,0,0,1,0,0,0,1,0,0,0
20fdceadef3a23b47cd9a253b156d2d8,dg-medical,fulani,C,general,17.60698412698413,0.2571428571428571,0,0,0,0,0,0,0,0,0,1,1,0
21db7f42514ac22490b63d6887cba22f,dg-medical,isizulu,B,clinical,5.9289795918367325,0.35714285714285715,1,1,0,0,0,0,0,0,0,0,0,0
21dcea0a9c98e415d126fa38c3e09e72,dg-medical,swahili,A,clinical,16.56798185941043,0.42857142857142855,1,1,0,0,0,0,0,0,0,0,0,0
22347a0c96066c23a0b4037028963e8c,dg-medical,kinyarwanda,B,clinical,10.690997732426307,0.3125,1,1,0,0,0,0,0,0,0,0,0,0
225a3473f8acdee624166c0a4024d862,dg-medical,urhobo,B,general,20.21,0.5,0,0,0,0,0,0,0,0,0,2,2,0
233b65fe511818e326eff9bffdc2bf6f,dg-medical,hausa,A,clinical,5.648979591836735,0.2222222222222222,0,0,0,0,1,1,0,0,0,0,0,0
23af1c6428d96f4537acf845c51b9085,dg-medical,ijaw,A,clinical,5.330997732426304,0.3333333333333333,0,0,0,0,0,0,0,0,0,0,0,0
24e4da52fc2d6869251f9c9de581409c,dg-medical,ekpeye,C,clinical,23.05,0.5,0,0,0,0,2,2,0,0,0,0,0,0
2506c71ecd6600407bd2621dd3398bde,dg-medical,ijaw,A,clinical,3.0,0.0,0,0,0,0,0,0,0,0,0,1,1,0
25735aa40f226325a3c0d19bfb711d78,dg-medical,ebira,B,clinical,12.830997732426304,0.09523809523809523,0,0,0,0,0,0,0,0,0,0,0,0
259ef25570bd0721f0c949aefaf69437,dg-medical,bekwarra,C,clinical,3.2910000000000004,0.625,0,0,0,0,0,0,0,0,0,0,0,0
25dead43f9b4f15ff2360caf740a560c,dg-medical,yoruba,A,clinical,10.0,1.1,0,0,0,0,2,1,0,0,1,0,0,0
25e6f14ac3404b1e020eb1279816f8f0,dg-medical,hausa,A,clinical,3.226984126984127,0.2,0,0,0,0,0,0,0,0,0,1,1,0
2642efa06e8a4c32bc730201ae6b8110,dg-medical,xhosa,B,clinical,10.437981859410431,0.5384615384615384,1,0,0,1,0,0,0,0,0,0,0,0
26ca556c583cb56cb91e2549ee5b1899,dg-medical,esan,B,clinical,7.546984126984127,0.2,0,0,0,0,0,0,0,0,0,0,0,0
2724a2c5e5300779ab3ada65f742cd32,dg-medical,kanuri,C,clinical,18.96199546485261,0.2777777777777778,0,0,0,0,1,1,0,0,0,0,0,0
27984ad90703cedf54d2c84bfc6e1a3c,dg-medical,hausa,A,clinical,11.0,0.47619047619047616,0,0,0,0,1,0,0,1,0,0,0,0
27a69c2d378ad815e50f2c5f1c8681c4,dg-medical,hausa,A,general,11.496984126984124,0.2777777777777778,0,0,0,0,0,0,0,0,0,1,1,0
2851fe0a1b43c3baae5bdfdf81096810,dg-medical,isizulu,B,general,7.33,0.2857142857142857,0,0,0,0,0,0,0,0,0,1,1,0
28a0e7c3607b7125515e431edc797640,dg-medical,ebira,B,general,13.531995464852605,0.18181818181818182,0,0,0,0,1,1,0,0,0,0,0,0
294291ec62b0f0bf47d94dcedd2546ec,dg-medical,isixhosa,C,clinical,10.070997732426305,0.125,0,0,0,0,0,0,0,0,0,1,1,0
2a2db36f700c4b370d82f111f4e23096,dg-medical,etsako,C,clinical,16.0,0.027777777777777776,4,4,0,0,1,1,0,0,0,0,0,0
2b1b9ae7cd7fe6f78a8d421c292ec1f9,dg-medical,swahili,A,clinical,13.748979591836736,0.11428571428571428,0,0,0,0,0,0,0,0,0,1,1,0
2b38ff9e6cc429930096779e6805e2fc,dg-medical,english,C,clinical,4.17,0.2222222222222222,0,0,0,0,0,0,0,0,0,1,1,0
2b9e0870d44858a2bdf2d9c5c56f1bcc,dg-medical,luhya,B,clinical,11.74,0.38095238095238093,0,0,0,0,1,1,0,0,0,0,0,0
2c417f9512707188cc0f0aba9d9a80ef,dg-medical,mada,C,clinical,19.518979591836725,0.2727272727272727,2,2,0,0,1,1,0,0,0,0,0,0
2c426ab072756f14159874cb727c3d75,dg-medical,epie,C,clinical,7.688979591836735,0.47368421052631576,1,1,0,0,0,0,0,0,0,0,0,0
2cb670d452cc50d146a3510276df791a,dg-medical,swahili,A,clinical,13.953990929705215,0.043478260869565216,5,5,0,0,0,0,0,0,0,0,0,0
2d08b60a5b597f41bb0a98352a8ffd77,dg-medical,kanuri,C,clinical,18.316984126984128,0.18518518518518517,2,2,0,0,1,1,0,0,0,0,0,0
2e75f34dd0eb98b8bcc2294340dec033,dg-medical,swahili,A,clinical,16.196984126984127,0.0,0,0,0,0,0,0,0,0,0,2,2,0
2eaf4bbff8454dc9f957c29a33be26e5,dg-medical,eleme,C,clinical,16.48,1.0,0,0,0,0,1,1,0,0,0,0,0,0
2eed62adea9bb14af1995a7556a5d67b,dg-medical,yoruba,A,clinical,4.0,0.0,0,0,0,0,0,0,0,0,0,1,1,0
2f11308426efe80f4c4a23795b245383,dg-medical,swahili,A,clinical,5.12498866213152,0.36363636363636365,0,0,0,0,0,0,0,0,0,1,1,0
2f799aea50510fb1c1ed7d9fbca7b165,dg-medical,isizulu,B,clinical,14.11498866213152,0.3333333333333333,2,2,0,0,0,0,0,0,0,0,0,0
314a2b2e71c7ca951b543fd65d4dbe57,dg-medical,pidgin,B,clinical,8.584988662131519,0.35714285714285715,0,0,0,0,0,0,0,0,0,0,0,0
320840b5470cf91679cb154ecddc4d86,dg-medical,hausa,A,clinical,15.0,0.5,0,0,0,0,1,0,1,0,0,0,0,0
3460e423c9c3b90911acf68bc70d3723,dg-medical,hausa,A,general,10.65498866213152,0.16666666666666666,0,0,0,0,0,0,0,0,0,1,1,0
34d37026e4e37ae05622a784be342ac9,dg-medical,ekene,C,general,4.745986394557823,0.42857142857142855,0,0,0,0,0,0,0,0,0,0,0,0
36c14ff38c73d6ebc90db41430b058d1,dg-medical,igbo,A,clinical,7.592993197278911,0.18181818181818182,0,0,0,0,0,0,0,0,0,1,1,0
3877fbcf10c4b36fec186c1dcf7316bf,dg-medical,brass,C,clinical,28.406984126984128,0.22580645161290322,0,0,0,0,0,0,0,0,0,1,1,0
395ab42d7aadfe6bc43ec3db82cc4e69,dg-medical,urhobo,B,clinical,16.608979591836732,0.25,0,0,0,0,0,0,0,0,0,0,0,0
395b59676aa6355fae06bacef67fc140,dg-medical,khana,C,clinical,16.0,0.5263157894736842,0,0,0,0,1,1,0,0,0,0,0,0
399eeb18cb0fb018270ccd9ea1861256,dg-medical,swahili,A,clinical,16.820997732426306,0.15384615384615385,0,0,0,0,0,0,0,0,0,1,0,1
39bf3e3ee7075614072deb7a5280ab60,dg-medical,igbo,A,clinical,7.531995464852607,0.3333333333333333,0,0,0,0,0,0,0,0,0,1,1,0
39f4f92aa0052fef3571ca150c2a3722,dg-medical,kinyarwanda,B,clinical,12.308979591836732,0.0,0,0,0,0,0,0,0,0,0,1,1,0
3ac068335822c731d143a71b517e63fc,dg-medical,isizulu,B,general,11.256984126984127,0.5789473684210527,0,0,0,0,0,0,0,0,0,1,1,0
3aec03bca0a2a5e03e719c2075b5ac18,dg-medical,swahili,A,clinical,6.642993197278911,0.125,0,0,0,0,0,0,0,0,0,1,1,0
3b09d44d3e3adce79a0fb0cfe57e793e,dg-medical,yoruba,A,general,15.579,0.24242424242424243,1,1,0,0,0,0,0,0,0,1,1,0
3c5572142e8029ffb07a9bbe17542aed,dg-medical,khana,C,clinical,10.330997732426304,0.2857142857142857,1,1,0,0,0,0,0,0,0,0,0,0
3dfd04ecb574ea226cdc07a88e9b43d7,dg-medical,igbo,A,clinical,5.486984126984127,0.42857142857142855,2,2,0,0,1,1,0,0,0,0,0,0
3e15362de5160160b9b6dc4a1b7b5173,dg-medical,idah,C,clinical,7.586984126984127,0.6363636363636364,0,0,0,0,1,1,0,0,0,0,0,0
3fd85b94085df416782fb04d0f9da75a,dg-medical,kinyarwanda,B,clinical,12.820997732426305,0.6428571428571429,1,1,0,0,0,0,0,0,0,0,0,0
41300eae9d89c276e32cfe52726db57c,dg-medical,kikuyu,C,clinical,18.035986394557824,0.2894736842105263,0,0,0,0,0,0,0,0,0,1,1,0
417626ea1dc287624ae2085b5e8b80c5,dg-medical,ijaw,A,general,5.825986394557821,0.5555555555555556,0,0,0,0,0,0,0,0,0,1,1,0
425756185ac6e34dd2742f59bc7381f8,dg-medical,hausa,A,clinical,10.061995464852608,0.2777777777777778,1,1,0,0,0,0,0,0,0,0,0,0
439ba5f71d1d55733b83ceb7d3eba324,dg-medical,swahili,A,clinical,8.072993197278912,0.16666666666666666,0,0,0,0,0,0,0,0,0,1,1,0
442ab52663499c4f3917c4842f9c2216,dg-medical,ijaw,A,clinical,6.126984126984127,0.7692307692307693,0,0,0,0,0,0,0,0,0,0,0,0
4452636b3e56b08faeac1310ed0afb45,dg-medical,twi,B,clinical,10.880997732426303,0.17647058823529413,1,1,0,0,0,0,0,0,0,0,0,0
44fce3c7ec19dff506083c8a906750a3,dg-medical,ijaw,A,clinical,22.260997732426304,0.4,1,1,0,0,1,1,0,0,0,0,0,0
4524d44d0b4b586ba5f80bab94a36374,dg-medical,estako,C,clinical,7.1629931972789125,0.6666666666666666,1,1,0,0,1,1,0,0,0,0,0,0
47336a19e6de775ce619938a93f921e7,dg-medical,yoruba,A,clinical,11.292993197278912,0.2631578947368421,0,0,0,0,0,0,0,0,0,1,1,0
47563df782e059f397a062dc9c49dedc,dg-medical,ebira,B,clinical,10.338979591836734,0.6190476190476191,1,1,0,0,2,1,1,0,0,0,0,0
48806c3ddbaa78bf3c285dcf74f01dec,dg-medical,yoruba,A,general,8.745,0.16666666666666666,0,0,0,0,0,0,0,0,0,2,2,0
49361322979184b1e0b395c76128bed1,dg-medical,igbo,A,clinical,13.388979591836732,0.2,1,1,0,0,0,0,0,0,0,0,0,0
4cb9d90085141545a0df8933010b0ff1,dg-medical,pidgin,B,general,10.16798185941043,0.2608695652173913,0,0,0,0,0,0,0,0,0,1,1,0
4dd5b78a61fa2551f8ec92ce5c9c0de6,dg-medical,kiswahili,B,clinical,10.323990929705216,0.2222222222222222,0,0,0,0,0,0,0,0,0,1,1,0
4e3b6e2d9fcb97c87a269b1e0747e762,dg-medical,swahili,A,general,7.67,0.15789473684210525,0,0,0,0,2,2,0,0,0,0,0,0
4fa2a11c05bee4cf37121c3977dfe56d,dg-medical,alago,C,general,14.102993197278913,0.18181818181818182,0,0,0,0,0,0,0,0,0,1,1,0
4fece74d74539de7b4257aa93e5a0f18,dg-medical,yoruba,A,clinical,9.123990929705217,0.2,0,0,0,0,0,0,0,0,0,1,1,0
50dda38735c07990362d85bde0133f84,dg-medical,ikulu,C,clinical,4.0,0.0,2,2,0,0,1,1,0,0,0,0,0,0
50fa7685106848e05f28bd76763ee89d,dg-medical,yoruba,A,clinical,3.505986394557824,0.5555555555555556,0,0,0,0,0,0,0,0,0,1,1,0
52335d4132fe4d672c852becea14a77f,dg-medical,edo,C,general,13.382993197278912,0.26666666666666666,0,0,0,0,0,0,0,0,0,2,2,0
52ad387abe4206177fecb12004fc81c5,dg-medical,pidgin,B,clinical,6.537981859410431,0.3333333333333333,0,0,0,0,1,0,1,0,0,0,0,0
5319903aa7a09544e5f7a2346abe9542,dg-medical,xhosa,B,clinical,4.2589795918367335,0.375,0,0,0,0,0,0,0,0,0,0,0,0
532a2c6223d6cf5a2eef3a35acc106ee,dg-medical,yoruba,A,clinical,4.867981859410431,0.18181818181818182,0,0,0,0,1,1,0,0,0,1,1,0
5356ac8c588f99c3e1616d39ae13eae0,dg-medical,ogbia,C,clinical,4.0,0.3,0,0,0,0,0,0,0,0,0,1,1,0
55b4d1d5f1a75607db12f6b7710f5fea,dg-medical,ijaw,A,clinical,4.940997732426304,0.125,0,0,0,0,0,0,0,0,0,0,0,0
569b4a3a00c81fbfef713bb2cf298288,dg-medical,delta,C,clinical,16.14,0.3125,0,0,0,0,0,0,0,0,0,1,1,0
5726844dc6ed872cbd29dced93713dd1,dg-medical,igbo,A,clinical,3.796984126984128,0.6,0,0,0,0,1,1,0,0,0,0,0,0
574564fbb39afb8f4bfe475ca1209e9b,dg-medical,twi,B,clinical,4.754988662131519,0.3333333333333333,1,1,0,0,0,0,0,0,0,0,0,0
58fb549d14b07c3aae8b252439917dce,dg-medical,idoma,B,clinical,5.445986394557823,0.5714285714285714,0,0,0,0,1,1,0,0,0,0,0,0
59d081768f7130a72f303349f532e0b1,dg-medical,hausa,A,clinical,17.65498866213152,0.029411764705882353,1,1,0,0,1,1,0,0,0,0,0,0
5a34597c9b5e97c136c6b15e1f47350b,dg-medical,luganda,B,clinical,3.173990929705216,0.75,0,0,0,0,0,0,0,0,0,1,1,0
5b5cea61187384389906b36683ffa428,dg-medical,zulu,B,clinical,12.106984126984129,0.4117647058823529,1,0,0,1,0,0,0,0,0,0,0,0
5bf75ed75f6edd7aa81465d27761f147,dg-medical,kinyarwanda,B,clinical,20.275,0.3548387096774194,0,0,0,0,0,0,0,0,0,2,2,0
5c849a9f8db80ed6b81b57ba3d55e07e,dg-medical,xhosa,B,clinical,7.581995464852607,0.375,0,0,0,0,0,0,0,0,0,0,0,0
5dce81d882d87594aaa93edfd369a364,dg-medical,swahili,A,clinical,3.5869841269841274,0.2857142857142857,0,0,0,0,0,0,0,0,0,1,1,0
5ec5dbfeea5ef5e77ff6cf07c73a49df,dg-medical,ijaw,A,general,7.1379818594104325,0.0,0,0,0,0,0,0,0,0,0,1,1,0
5edf769b6919fac4f5f4ade730fd1bb6,dg-medical,ishan,C,clinical,4.0,0.125,0,0,0,0,1,1,0,0,0,0,0,0
5f123125342c9260ae61b6afc746c116,dg-medical,isizulu,B,clinical,9.402993197278912,0.21428571428571427,1,1,0,0,0,0,0,0,0,0,0,0
5f6166b9974aacf66ecec0d39f992fd9,dg-medical,bekwarra,C,general,8.940997732426307,0.18181818181818182,1,1,0,0,0,0,0,0,0,0,0,0
5f64f9fc4a594adc778f0a2700d116e6,dg-medical,yoruba,A,clinical,17.11498866213152,0.09375,1,1,0,0,1,1,0,0,0,0,0,0
638d52a920b7ec4ac12b7b6d46746ea7,dg-medical,ibani,C,clinical,4.877981859410431,0.0,0,0,0,0,0,0,0,0,0,1,1,0
63a2e9a375b665c32e1a176423c8fbdd,dg-medical,yoruba,A,clinical,7.350997732426304,0.6,1,1,0,0,0,0,0,0,0,1,1,0
63bd1f04d01007bf1a829bf3a0248cf9,dg-medical,ijaw,A,clinical,6.314988662131518,0.45454545454545453,0,0,0,0,0,0,0,0,0,0,0,0
63bd3c234d1d89a65ce8563f55787ac8,dg-medical,swahili,A,clinical,4.138979591836734,0.5714285714285714,0,0,0,0,0,0,0,0,0,1,1,0
63c979f2f450a7598ab6d706308c5e72,dg-medical,luhya,B,general,14.34,0.2631578947368421,0,0,0,0,0,0,0,0,0,1,1,0
660a4f125c61654b1ccc5df0cdd955bd,dg-medical,yoruba,A,clinical,10.613990929705215,0.4166666666666667,0,0,0,0,0,0,0,0,0,1,1,0
66b5e37d3c6fb622de9b645a11e45b87,dg-medical,luganda,B,clinical,9.0,0.0,0,0,0,0,0,0,0,0,0,1,1,0
66c7d017a7af1535c058dcb212c785fd,dg-medical,zulu,B,clinical,11.388979591836732,0.13333333333333333,1,1,0,0,0,0,0,0,0,0,0,0
681828fe9911e1c031e3a1023f5cba16,dg-medical,igbo,A,clinical,15.0,0.12,2,2,0,0,1,1,0,0,0,0,0,0
68d7b378f686a4ea235df042be92df7c,dg-medical,yoruba,A,clinical,10.105986394557824,1.0,0,0,0,0,1,0,0,0,1,0,0,0
690e5686be737d2bbc1ef25ff48022e5,dg-medical,urhobo,B,clinical,18.18,0.13636363636363635,0,0,0,0,1,1,0,0,0,0,0,0
6934807f8bcbf16699578867c7a078e3,dg-medical,ijaw,A,clinical,3.132993197278912,0.1,0,0,0,0,0,0,0,0,0,0,0,0
695771856cc6a19aadcc9c02daeb816b,dg-medical,estako,C,clinical,21.156984126984128,0.14814814814814814,2,2,0,0,2,2,0,0,0,0,0,0
69b6cd5f741af0799aed46db39c2b3ce,dg-medical,jukun,C,clinical,3.9049886621315193,0.25,0,0,0,0,0,0,0,0,0,0,0,0
6afed7fe39a177c3d510b925d8267a94,dg-medical,swahili,A,general,12.713990929705217,0.5454545454545454,2,2,0,0,0,0,0,0,0,0,0,0
6b04e26e9a6a0c78b1b053f3bc86534e,dg-medical,ijaw,A,clinical,4.593990929705216,0.4444444444444444,0,0,0,0,0,0,0,0,0,1,1,0
6b06a665f4acd27ba438a1e8410936ab,dg-medical,igbo,A,general,13.686984126984129,0.20689655172413793,0,0,0,0,0,0,0,0,0,1,1,0
6b1ac9fd68036319be02c4d34443986a,dg-medical,ngas,C,clinical,7.603990929705215,0.2,0,0,0,0,0,0,0,0,0,0,0,0
6b5cffdaf93ef9014d308fa283eb3d10,dg-medical,ibibio,B,general,11.521,0.2,0,0,0,0,0,0,0,0,0,1,1,0
6b651083464881a4c3cad2643975b853,dg-medical,kinyarwanda,B,clinical,14.020997732426304,0.2,0,0,0,0,0,0,0,0,0,1,1,0
6b6bd6a9b36dbd20ca8ba0b48a0e83c0,dg-medical,igbo,A,clinical,15.0,0.5,1,0,0,1,1,1,0,0,0,0,0,0
6beb2687f186291440c994f823236222,dg-medical,igbo,A,clinical,7.561995464852607,0.0,0,0,0,0,0,0,0,0,0,1,1,0
6d8bcf78963a218d83e6514022c3bfbd,dg-medical,nembe,B,clinical,6.014988662131518,0.4,0,0,0,0,0,0,0,0,0,0,0,0
6df3ac41f44b547ed01c14cca6e07142,dg-medical,kinyarwanda,B,clinical,11.108979591836734,0.17647058823529413,1,1,0,0,0,0,0,0,0,0,0,0
6dfb3c7d7c44a0fa82fd35cf7b94e239,dg-medical,pidgin,B,clinical,12.152,0.25925925925925924,0,0,0,0,0,0,0,0,0,1,1,0
6f4df41f65cb3bc1a951f0277c7b80f2,dg-medical,angas,C,clinical,10.13,0.0,0,0,0,0,0,0,0,0,0,1,1,0
718546c938f593549d7ffd1649434328,dg-medical,tswana,B,clinical,24.14299319727891,0.2916666666666667,0,0,0,0,0,0,0,0,0,0,0,0
71a02c51cf938a571f90748316897775,dg-medical,pidgin,B,clinical,4.703990929705215,0.2222222222222222,0,0,0,0,0,0,0,0,0,1,1,0
723a3ec3156f72ef6828899f45206964,dg-medical,swahili,A,clinical,5.850997732426304,0.2222222222222222,0,0,0,0,0,0,0,0,0,1,1,0
725b8d8321a1685407b896624a741d82,dg-medical,urhobo,B,clinical,8.87498866213152,0.6,0,0,0,0,0,0,0,0,0,0,0,0
740097459dffea7514558527c4f0bec7,dg-medical,jukun,C,clinical,11.84,0.375,0,0,0,0,0,0,0,0,0,0,0,0
741c693e00ab4b2bd2fc3bc6ab3e8012,dg-medical,igala,B,clinical,8.340997732426304,0.2857142857142857,0,0,0,0,0,0,0,0,0,0,0,0
75b69526057d0cd656a09edae54921a7,dg-medical,twi,B,clinical,8.818979591836733,0.18181818181818182,0,0,0,0,0,0,0,0,0,0,0,0
795fbbcc55dad655ff683752f4b1030c,dg-medical,brass,C,clinical,6.696984126984128,0.18181818181818182,0,0,0,0,1,1,0,0,0,0,0,0
796f61c973ea9e398d6e61d525aa5995,dg-medical,eggon,C,general,9.66498866213152,0.23529411764705882,0,0,0,0,0,0,0,0,0,1,1,0
79fc4fcd5b516d1eb53d23875b4af44a,dg-medical,kalabari,C,clinical,23.0,0.55,1,1,0,0,0,0,0,0,0,2,2,0
7abb65293b6eb423ce5ca2b5a9f238f2,dg-medical,igbo,A,general,20.133990929705213,0.2413793103448276,0,0,0,0,0,0,0,0,0,1,1,0
7ac2b7f21b9550f6de49f8047e0c0e19,dg-medical,luo,C,clinical,17.048979591836734,0.3,2,1,1,0,0,0,0,0,0,0,0,0
7ad13a1008d4186fe4da2865ae07757c,dg-medical,ebiobo,C,clinical,9.525986394557822,0.2222222222222222,0,0,0,0,0,0,0,0,0,0,0,0
7af04897c7229728b4ee63de71d1b373,dg-medical,kiswahili,B,clinical,6.488979591836735,0.15384615384615385,1,1,0,0,0,0,0,0,0,0,0,0
7c5f40347f781ccf22c7db328f23df70,dg-medical,ibibio,B,general,8.343,0.15,0,0,0,0,0,0,0,0,0,1,1,0
7ecb769ffb1875b51a824aec75d2f79c,dg-medical,kinyarwanda,B,general,8.618979591836736,0.1875,0,0,0,0,0,0,0,0,0,1,1,0
80229e0e60981f9013a0046669edd32a,dg-medical,berom,C,clinical,15.46,0.13793103448275862,0,0,0,0,0,0,0,0,0,1,1,0
8132758125fa0e3156821052a383f9ef,dg-medical,hausa,A,clinical,9.738979591836737,0.9,2,0,0,2,5,0,0,0,5,0,0,0
813cbfeecdbdffe46ec94b654e54df4a,dg-medical,igbo,A,clinical,16.81299319727891,0.14814814814814814,0,0,0,0,0,0,0,0,0,1,1,0
81734eaf48d8000675f3f458b2ae298b,dg-medical,eggon,C,clinical,4.697981859410431,0.7142857142857143,0,0,0,0,1,1,0,0,0,0,0,0
81801908431abd57e0f026230d6c8459,dg-medical,igala,B,general,15.300997732426303,0.8846153846153846,0,0,0,0,0,0,0,0,0,0,0,0
81cd00461db37fd41edd15076468d9c2,dg-medical,twi,B,clinical,6.1779818594104325,0.18181818181818182,0,0,0,0,0,0,0,0,0,1,1,0
81d460da9e2df1462d19d603f0e57a15,dg-medical,luo,C,clinical,8.648979591836735,0.3125,0,0,0,0,0,0,0,0,0,1,1,0
824c7c4c945e6189c231341493d25e5d,dg-medical,sepedi,C,clinical,10.90498866213152,0.29411764705882354,1,1,0,0,0,0,0,0,0,0,0,0
82faa4bc24f3ce811e8e07503edfbebb,dg-medical,yoruba,A,clinical,21.54698412698413,1.0,0,0,0,0,0,0,0,0,0,2,0,2
834197895f5298110f61cfbba51ae350,dg-medical,bajju,C,clinical,16.160997732426306,0.0967741935483871,0,0,0,0,2,2,0,0,0,0,0,0
8367b56fc0d340cd7238c649b78d37de,dg-medical,tswana,B,clinical,5.083990929705215,0.1,0,0,0,0,0,0,0,0,0,0,0,0
83712a6a1289c7dd746f2b3d7689f8ce,dg-medical,nembe,B,general,8.375986394557824,0.3333333333333333,0,0,0,0,0,0,0,0,0,0,0,0
83828cab9a761f48fafe9f38ecfa6554,dg-medical,english,C,general,24.68199546485261,0.391304347826087,0,0,0,0,0,0,0,0,0,2,2,0
83a7819ff8d4e56d1cb5c58d5ea14a28,dg-medical,igbo,A,clinical,10.050997732426303,0.2222222222222222,0,0,0,0,0,0,0,0,0,2,2,0
848d8e540d19383c326cbc913d0f1c0b,dg-medical,ijaw,A,clinical,6.738979591836735,0.0,0,0,0,0,0,0,0,0,0,1,1,0
867e4b92a79ab543ec87ea8de579525a,dg-medical,ebira,B,clinical,25.43897959183673,0.35135135135135137,0,0,0,0,2,2,0,0,0,0,0,0
868cbb2849424d087eb7b0b2dd76e3c6,dg-medical,bassa,C,clinical,18.500997732426303,0.14814814814814814,4,4,0,0,2,1,1,0,0,0,0,0
868ed2786d8b2dedffe5b5358c2c529d,dg-medical,agatu,C,clinical,8.0,1.1428571428571428,0,0,0,0,1,0,0,0,1,0,0,0
875b9f741ca6fe9ce531dae23c363556,dg-medical,igbo,A,clinical,3.394,0.6666666666666666,0,0,0,0,0,0,0,0,0,1,1,0
8869f1eeb5bc976ec0121bbfb7e71228,dg-medical,igarra,C,clinical,17.153990929705216,0.21875,0,0,0,0,1,1,0,0,0,0,0,0
88ced2ecd0c03497c15314839b452bdc,dg-medical,anaang,C,clinical,8.362993197278909,0.15384615384615385,0,0,0,0,0,0,0,0,0,1,1,0
88fff98f24f6cf178ac806f158823ebb,dg-medical,swahili,A,clinical,7.930997732426302,0.2222222222222222,0,0,0,0,1,1,0,0,0,0,0,0
89329d8ccf699d749378e316d5da474d,dg-medical,luganda,B,general,5.772993197278912,0.16666666666666666,0,0,0,0,0,0,0,0,0,1,1,0
8976dc7ac0cf57b7d29b4c988b7f1253,dg-medical,benin,C,general,17.646984126984123,1.6,0,0,0,0,0,0,0,0,0,0,0,0
8a9cea52e9b59a3a21705dc3c2885d04,dg-medical,nyandang,C,clinical,16.0,1.0,0,0,0,0,1,1,0,0,0,0,0,0
8b05bff172782a130ebf50e8aeba14a8,dg-medical,hausa,A,clinical,13.126984126984128,0.17391304347826086,1,1,0,0,0,0,0,0,0,0,0,0
8cb3809701786ccfebe73b788fdbf219,dg-medical,setswana,B,general,14.48498866213152,0.36363636363636365,2,2,0,0,0,0,0,0,0,0,0,0
8d34da67104c808c64ab42eb49a251aa,dg-medical,hausa,A,clinical,20.35498866213152,0.6875,0,0,0,0,1,1,0,0,0,0,0,0
8dca912479bc6176b1434eaf497653e5,dg-medical,zulu,B,clinical,12.791995464852608,0.2608695652173913,0,0,0,0,1,1,0,0,0,0,0,0
8e067faa1909e8c3674558e0f28874d2,dg-medical,isoko,C,clinical,6.0,0.2222222222222222,0,0,0,0,0,0,0,0,0,0,0,0
8edfb1fdb8384702d1edb2995b99f128,dg-medical,ebira,B,clinical,3.775986394557824,0.25,0,0,0,0,1,1,0,0,0,0,0,0
8f0b5eaf4c3efac9966188653abf9958,dg-medical,afrikaans,B,general,4.0489795918367335,0.4,0,0,0,0,0,0,0,0,0,1,1,0
8f7597e46eb38afa0d5ea20bbc785540,dg-medical,urhobo,B,clinical,3.920997732426304,0.0,0,0,0,0,0,0,0,0,0,1,1,0
8f938b62694f880c6488230b1a167846,dg-medical,hausa,A,clinical,14.372993197278912,0.2631578947368421,0,0,0,0,0,0,0,0,0,1,1,0
8f96acfb2f96d743f369f9d800711ea4,dg-medical,eket,C,clinical,5.70498866213152,0.0,3,3,0,0,0,0,0,0,0,0,0,0
90e3c94c91b77cbb0007c5478c9bc7d0,dg-medical,isoko,C,clinical,10.026984126984129,0.1111111111111111,1,1,0,0,1,1,0,0,0,0,0,0
9259dde6b27dc39fcc0779e36d0bec02,dg-medical,kikuyu,C,clinical,13.447981859410431,0.125,0,0,0,0,0,0,0,0,0,1,1,0
927f85be5b655d2292720b02da67a9f2,dg-medical,pidgin,B,clinical,9.99,0.3684210526315789,1,0,0,1,0,0,0,0,0,0,0,0
93c43bd94eaaab1cb53328ea72a27dcf,dg-medical,yoruba,A,clinical,13.222993197278912,0.041666666666666664,2,2,0,0,1,1,0,0,0,0,0,0
93cd3ed3b7a6575d02bb23a2594b31d9,dg-medical,yoruba,A,general,13.272993197278913,0.3333333333333333,0,0,0,0,1,1,0,0,0,0,0,0
94a84a0f3f82fccfb5d198d9398ac92d,dg-medical,ijaw,A,clinical,4.612993197278912,0.8333333333333334,1,1,0,0,1,1,0,0,0,0,0,0
9505e3e628561706ade58cb28cbf9571,dg-medical,etche,C,general,8.697981859410431,0.2,0,0,0,0,0,0,0,0,0,1,1,0
950669fd990036359a84fc27a609d98b,dg-medical,hausa,A,clinical,18.23698412698413,0.2692307692307692,1,1,0,0,1,1,0,0,0,0,0,0
957f35f6f15f3598a944d8e025c18c1e,dg-medical,hausa,A,clinical,6.780997732426304,0.5,0,0,0,0,1,0,1,0,0,0,0,0
95db94bcf9a5dca2090b618996026b61,dg-medical,mada,C,clinical,20.990997732426305,0.8823529411764706,1,0,0,1,1,1,0,0,0,0,0,0
95fa8e2c87066c1af0f44e735ee21a99,dg-medical,hausa,A,general,11.317981859410429,0.13793103448275862,0,0,0,0,1,1,0,0,0,0,0,0
96c0239bebf9812f391113c433a60ac3,dg-medical,swahili,A,clinical,5.814988662131518,0.7777777777777778,0,0,0,0,1,1,0,0,0,1,0,1
97936c2d37f2f43efc1a3f0b0b3c0ca9,dg-medical,ijaw,A,clinical,9.66498866213152,0.3125,0,0,0,0,2,2,0,0,0,0,0,0
98aa283c0ebaafc5a1021d01ba1bdb5b,dg-medical,igala,B,general,5.274988662131519,0.2,0,0,0,0,0,0,0,0,0,0,0,0
997f3e37861b711e251f7700dab7d53a,dg-medical,tshivenda,C,clinical,4.538979591836736,0.14285714285714285,0,0,0,0,0,0,0,0,0,1,1,0
9a375dac7ab12b6d59cffdb932f4d50b,dg-medical,hausa,A,clinical,9.162993197278912,0.0,1,1,0,0,0,0,0,0,0,0,0,0
9aaf2cdb126cc34675679f50c7ff2bfb,dg-medical,afrikaans,B,general,14.677981859410432,0.3333333333333333,0,0,0,0,0,0,0,0,0,1,1,0
9b77c0e08123645da710316db5a2a744,dg-medical,zulu,B,clinical,8.968979591836733,0.10526315789473684,0,0,0,0,0,0,0,0,0,1,1,0
9b7de9c3315540a63648b9c1212db787,dg-medical,jaba,C,clinical,6.871995464852607,0.3333333333333333,1,1,0,0,0,0,0,0,0,0,0,0
9b9b2265f35006044cd94c19382172a2,dg-medical,eggon,C,clinical,19.874,0.34285714285714286,0,0,0,0,0,0,0,0,0,0,0,0
9c9e25effae29bb7faa7f6b5abafd60f,dg-medical,ebiobo,C,general,15.058979591836732,0.28125,0,0,0,0,0,0,0,0,0,1,1,0
9d62c73869bfa4589aee1a01b7a44c1a,dg-medical,yoruba,A,general,14.159,0.2962962962962963,0,0,0,0,0,0,0,0,0,1,1,0
9d77d58566ed0e963ae1123e3ab50cee,dg-medical,idoma,B,clinical,9.138979591836735,0.47058823529411764,0,0,0,0,2,1,1,0,0,0,0,0
9dea8cff438f7e22cf9a4d61087d16ab,dg-medical,ebira,B,clinical,10.545986394557824,0.3333333333333333,0,0,0,0,0,0,0,0,0,0,0,0
a118dd3124494bfe59ab23ed58e83735,dg-medical,idah,C,clinical,12.0,0.6842105263157895,0,0,0,0,3,2,0,0,1,0,0,0
a2fb0dd7428a4afcfef9223224d462ad,dg-medical,ijaw,A,clinical,11.867981859410431,0.125,0,0,0,0,0,0,0,0,0,1,1,0
a353deca19dba9aaadeba0044ccefe20,dg-medical,hausa,A,clinical,10.531995464852606,0.24,0,0,0,0,0,0,0,0,0,1,1,0
a3b4630a9a8ccf82303417432c662d3f,dg-medical,berom,C,clinical,13.0,0.14285714285714285,0,0,0,0,1,1,0,0,0,0,0,0
a46605b3fdc92295cbd88bb861487e58,dg-medical,ijaw,A,general,7.959,0.23529411764705882,0,0,0,0,0,0,0,0,0,1,1,0
a52cc1bdf941a9b4d76061ddbda05072,dg-medical,igbo,A,clinical,9.0,0.5294117647058824,1,0,1,0,1,1,0,0,0,0,0,0
a5798eafcf34ba74b77d75babf9453f4,dg-medical,ibibio,B,clinical,9.503,0.1111111111111111,0,0,0,0,0,0,0,0,0,1,1,0
a7046fce47c40b1fd7e5e841203d129f,dg-medical,urhobo,B,clinical,6.163990929705213,0.8,0,0,0,0,0,0,0,0,0,0,0,0
a725f065187b21c5cda1720bc7307bac,dg-medical,ijaw,A,clinical,7.512993197278911,0.5,0,0,0,0,1,1,0,0,0,0,0,0
a8b08dfb2d86e274967be71c137de2c2,dg-medical,idoma,B,general,12.248979591836736,0.8125,1,0,0,1,0,0,0,0,0,0,0,0
a8c855fb76476df248ee0277b5d8b74a,dg-medical,hausa,A,clinical,20.98897959183673,0.14285714285714285,2,2,0,0,1,1,0,0,0,0,0,0
a8e2b5e688be73125346995ac9c7e3b9,dg-medical,angas,C,general,17.781,0.5925925925925926,0,0,0,0,0,0,0,0,0,3,3,0
a9929f0f04802faa3110256ee76330c7,dg-medical,ekpeye,C,clinical,6.576984126984128,0.4166666666666667,0,0,0,0,1,1,0,0,0,0,0,0
a9a96ccbe9944292c08bc630aaee1d78,dg-medical,idoma,B,clinical,12.12498866213152,0.05263157894736842,3,3,0,0,2,2,0,0,0,0,0,0
aa3d0d5b66d4e3ae1d00cd720b8a0fb7,dg-medical,mwaghavul,C,clinical,16.00498866213152,0.0,2,2,0,0,1,1,0,0,0,0,0,0
aa6e5d8125f7b4f9c74f5b74eed331d8,dg-medical,ika,C,clinical,5.746984126984128,0.18181818181818182,0,0,0,0,1,1,0,0,0,0,0,0
abbacd486f68114d3be9c86359b1e565,dg-medical,igala,B,clinical,6.033990929705213,0.2857142857142857,0,0,0,0,0,0,0,0,0,0,0,0
ae325b61688d7cdf1c957b28284fab2b,dg-medical,swahili,A,clinical,12.295986394557824,0.07142857142857142,0,0,0,0,0,0,0,0,0,1,1,0
aeffc6466b2f3e6a60d1a381c6688d62,dg-medical,igbo,A,general,6.988979591836735,0.7777777777777778,0,0,0,0,1,1,0,0,0,0,0,0
af4fbadeeb6f189c5d29e6526fa0b02c,dg-medical,idoma,B,clinical,3.92,0.75,2,1,1,0,0,0,0,0,0,0,0,0
b24705a3414d9d448da6c5d657098adc,dg-medical,ikulu,C,clinical,5.472993197278911,0.0,0,0,0,0,0,0,0,0,0,1,1,0
b29c9ccbdadf5706af0da73171953752,dg-medical,ijaw,A,clinical,3.0,0.2,0,0,0,0,0,0,0,0,0,0,0,0
b2f73812d854cc5de1224b16333c2edd,dg-medical,bassa,C,clinical,12.925986394557825,0.125,0,0,0,0,1,1,0,0,0,0,0,0
b3a46c19d0e26a91d003c51e4d40b66e,dg-medical,epie,C,general,3.5789795918367338,0.16666666666666666,0,0,0,0,0,0,0,0,0,1,1,0
b4b5d6f2dce941b2f1d22953049bb28a,dg-medical,setswana,B,clinical,13.51,0.14285714285714285,0,0,0,0,0,0,0,0,0,0,0,0
b4c2f327368753233244635f8bd0e980,dg-medical,hausa,A,general,20.922993197278917,0.5555555555555556,0,0,0,0,0,0,0,0,0,3,3,0
b53fd41101f96b2aea36486ef2cf32d1,dg-medical,igbo,A,general,16.473,0.32608695652173914,0,0,0,0,0,0,0,0,0,1,1,0
b5537cc2227d417320c5c9b624c7d7e3,dg-medical,anaang,C,general,12.588979591836734,0.05,0,0,0,0,0,0,0,0,0,2,2,0
b5ac61338506de6f0dfc1419176d52e1,dg-medical,eket,C,clinical,3.0,0.25,0,0,0,0,1,1,0,0,0,0,0,0
b5c1bb84af7f05994706e272a24dea4f,dg-medical,ibibio,B,clinical,12.0,0.23076923076923078,0,0,0,0,0,0,0,0,0,1,1,0
b60b6db14f8aa8fc2ea581d656cc9b84,dg-medical,tswana,B,clinical,12.248979591836736,0.375,0,0,0,0,0,0,0,0,0,0,0,0
b6c10264bc38c5cce35f58fba4d4ac93,dg-medical,tswana,B,general,7.414988662131518,0.2,0,0,0,0,1,1,0,0,0,0,0,0
b6dc046fa03571546013240f45550672,dg-medical,afemai,C,general,14.606984126984129,0.36,0,0,0,0,1,1,0,0,0,0,0,0
b89670db369c7e025fb0d74ca94533af,dg-medical,hausa,A,clinical,8.254988662131518,0.46153846153846156,2,0,0,2,2,1,0,0,1,0,0,0
b985d09f630047d9a23f4b60488cf2df,dg-medical,ebiobo,C,clinical,8.171995464852607,0.23809523809523808,0,0,0,0,0,0,0,0,0,0,0,0
b9fbfa440d2ba2a19ff2e1f37ee2edf4,dg-medical,yoruba,A,clinical,27.0,0.32432432432432434,1,1,0,0,1,1,0,0,0,0,0,0
ba4536f44ae1cc6bddd1d886a68e77a2,dg-medical,bini,C,general,17.893,0.4166666666666667,0,0,0,0,0,0,0,0,0,0,0,0
bb3702b2a7ae80986cc8dcd132ff2928,dg-medical,kalabari,C,clinical,7.512993197278911,0.0,1,1,0,0,0,0,0,0,0,0,0,0
bba103cc3c5381ab96a3534523d83143,dg-medical,igbo,A,clinical,6.463990929705216,0.2,0,0,0,0,2,2,0,0,0,0,0,0
bc0fcabcbdffb9b9c95fb48c01a78fa4,dg-medical,esan,B,general,10.978,0.17647058823529413,0,0,0,0,0,0,0,0,0,0,0,0
bc60654d276884a19cbba4a0bf10264b,dg-medical,fulani,C,clinical,6.014988662131518,0.16666666666666666,0,0,0,0,0,0,0,0,0,1,1,0
bd6c36ca7dfb7303fc8ca6e11274a52f,dg-medical,isixhosa,C,clinical,15.852993197278913,0.12,2,2,0,0,0,0,0,0,0,0,0,0
bd7164ebfc3bc1eb03c9bc65c4eee3ea,dg-medical,igbo,A,clinical,8.0,0.09090909090909091,0,0,0,0,2,2,0,0,0,0,0,0
bde569d1c5436b9011e7291e0591791d,dg-medical,itsekiri,C,clinical,7.268979591836735,0.2,1,1,0,0,1,0,0,0,1,0,0,0
beddeac62f5277f00a937c79f65eaa98,dg-medical,igbo,A,clinical,3.3079818594104307,0.0,0,0,0,0,0,0,0,0,0,1,1,0
bf2e25f55b7c3f78fa0971450e093825,dg-medical,igala,B,clinical,5.743990929705213,0.0,1,1,0,0,0,0,0,0,0,0,0,0
bf51a31d5dd31e4cf53a49972014a88a,dg-medical,mwaghavul,C,clinical,20.0,0.46153846153846156,0,0,0,0,1,1,0,0,0,0,0,0
bf5c981afa3eaf5cf847e9a91c4dcb83,dg-medical,ishan,C,clinical,11.0,0.75,0,0,0,0,1,1,0,0,0,0,0,0
bf5dddc0e1db7a94bae1da89c7e8b641,dg-medical,ebira,B,general,5.734988662131518,0.4,0,0,0,0,0,0,0,0,0,1,1,0
bfd411fa6e39fb7fb11f7264221e139a,dg-medical,ekene,C,clinical,15.750997732426304,0.56,0,0,0,0,1,1,0,0,0,0,0,0
bfe3e8e78193cbd5085be65385a200f4,dg-medical,ijaw,A,clinical,9.598979591836734,0.15384615384615385,0,0,0,0,0,0,0,0,0,0,0,0
bfeb15fa6cda5bc99eca0dfa907afdfd,dg-medical,igarra,C,clinical,9.383990929705217,0.7272727272727273,1,0,0,1,1,0,0,0,1,0,0,0
c0129f011c7f51034d4049452fcc1841,dg-medical,ibibio,B,clinical,15.578979591836736,0.13043478260869565,0,0,0,0,0,0,0,0,0,1,1,0
c08715672b66e97854b8d32304a36be0,dg-medical,kiswahili,B,clinical,15.862993197278907,0.2,0,0,0,0,1,1,0,0,0,0,0,0
c0a962e9ab1e4b0165f645072d036ce7,dg-medical,ebira,B,clinical,5.558979591836735,0.2727272727272727,0,0,0,0,1,1,0,0,0,0,0,0
c0a9d8722ec57a9d7c0014132185a05a,dg-medical,hausa,A,clinical,6.0,0.2222222222222222,2,2,0,0,0,0,0,0,0,0,0,0
c18453be6b19c1812bdbeb7e32666683,dg-medical,hausa,A,clinical,23.62299319727891,0.21428571428571427,0,0,0,0,0,0,0,0,0,2,2,0
c1e3308cab67e506b32e54dd90442496,dg-medical,esan,B,clinical,11.58498866213152,0.1,0,0,0,0,0,0,0,0,0,0,0,0
c1f7f12ce0f372096b7ff58acc8a0da1,dg-medical,bagi,C,clinical,17.07498866213152,0.24,1,1,0,0,1,1,0,0,0,0,0,0
c2093acb790a4bbcaf0367cecfa15793,dg-medical,igbo,A,clinical,6.99498866213152,0.0,0,0,0,0,0,0,0,0,0,2,2,0
c24ca3c05f7a3ea93c9730277869ed87,dg-medical,setswana,B,clinical,15.407981859410429,0.09090909090909091,1,1,0,0,0,0,0,0,0,1,1,0
c2cc345671d456fb13daafe8657d0b7c,dg-medical,yoruba,A,clinical,5.0,0.5,0,0,0,0,2,2,0,0,0,0,0,0
c34acbbf1a1226d808f10333aaca4bf4,dg-medical,luhya,B,clinical,16.961995464852606,0.375,1,1,0,0,0,0,0,0,0,0,0,0
c361cf1ef4cfa79c13cac6ea5f92ff83,dg-medical,swahili,A,clinical,15.348979591836734,0.1875,2,2,0,0,0,0,0,0,0,0,0,0
c43d8faa6efe9020bdd669a67ba1e988,dg-medical,efik,C,clinical,20.207981859410427,1.2307692307692308,2,0,0,2,3,3,0,0,0,0,0,0
c47e225f1fdd18aa59a04019c6f785d8,dg-medical,igbo,A,clinical,6.095986394557822,0.2222222222222222,1,1,0,0,0,0,0,0,0,0,0,0
c4e5db30026158b54bfc69f86dcc3258,dg-medical,ijaw,A,general,13.038979591836734,0.3333333333333333,0,0,0,0,0,0,0,0,0,1,1,0
c55c2f342f2c47bf07bc91edf2aa07db,dg-medical,luhya,B,clinical,9.97,0.15384615384615385,0,0,0,0,0,0,0,0,0,1,1,0
c57908e428d843a4751c1d649dde1178,dg-medical,kubi,C,clinical,26.02498866213152,0.16216216216216217,0,0,0,0,0,0,0,0,0,1,1,0
c6073369acecc5ec76f8510e65ef8614,dg-medical,zulu,B,clinical,3.8859863945578232,0.2222222222222222,0,0,0,0,0,0,0,0,0,1,1,0
c638fd27f4d7996caa3ec3583be2bb60,dg-medical,yoruba,A,clinical,12.211995464852608,0.125,0,0,0,0,0,0,0,0,0,1,1,0
c68f2256b87f8a4adc634437ca9b0f0e,dg-medical,hausa,A,clinical,7.142993197278911,0.25,0,0,0,0,1,1,0,0,0,0,0,0
c6e4a13479f20b955c13a901233174be,dg-medical,hausa,A,general,13.992993197278912,0.34782608695652173,0,0,0,0,0,0,0,0,0,2,2,0
c80332f56b08b4af535215343ffdb008,dg-medical,ijaw,A,clinical,4.0,0.25,0,0,0,0,0,0,0,0,0,0,0,0
c81f7d7f5506ebee6b071632c19f6a74,dg-medical,kiswahili,B,clinical,4.044988662131519,0.8,0,0,0,0,0,0,0,0,0,0,0,0
c8bc671bb9c88eb4ee2f3f7acf2b2d83,dg-medical,swahili,A,clinical,9.706984126984128,0.16666666666666666,1,1,0,0,0,0,0,0,0,0,0,0
c90270fe8da819633527fc66957c3e0e,dg-medical,epie,C,clinical,10.266984126984129,0.38461538461538464,0,0,0,0,2,2,0,0,0,0,0,0
c9af813320164ec2d868bb1bc7107012,dg-medical,twi,B,clinical,15.130997732426303,0.05714285714285714,0,0,0,0,0,0,0,0,0,0,0,0
c9b1aa14e33d19190eb01cb073e67ca5,dg-medical,xhosa,B,clinical,18.89698412698413,0.3888888888888889,1,1,0,0,0,0,0,0,0,0,0,0
c9e6be5a8915f5ac8ee4ff3732b8e27d,dg-medical,ijaw,A,clinical,13.1,0.13793103448275862,0,0,0,0,0,0,0,0,0,0,0,0
ca5a139af5252ba9ef0157f1e4b22f7e,dg-medical,gbagyi,C,general,12.820997732426305,0.48,0,0,0,0,1,1,0,0,0,0,0,0
cab8b585c413020c52712fa86d9487f2,dg-medical,kubi,C,clinical,14.596984126984127,0.29411764705882354,1,1,0,0,0,0,0,0,0,0,0,0
cbae4b87a1f5bc0e8de8a2e61063c7cc,dg-medical,nembe,B,clinical,6.1379818594104325,0.2857142857142857,0,0,0,0,0,0,0,0,0,0,0,0
cc47565e8d7adaaaf7309137e1c21d0c,dg-medical,swahili,A,clinical,9.356984126984129,0.09090909090909091,0,0,0,0,0,0,0,0,0,1,1,0
cd46e47931741d1adcb0e5ba77a8d010,dg-medical,ijaw,A,clinical,3.17498866213152,0.5,0,0,0,0,0,0,0,0,0,1,1,0
cdad5949ae6301810466710c9fa591b7,dg-medical,gbagyi,C,clinical,7.198979591836735,0.5,1,1,0,0,1,1,0,0,0,0,0,0
ce1c6816a2d6aece987ed5c0f8fb8c67,dg-medical,luhya,B,clinical,12.33498866213152,0.0,0,0,0,0,0,0,0,0,0,1,1,0
ce44e5e5a82a4afd35c8538c0c3cbeee,dg-medical,igbo,A,clinical,12.760997732426304,0.3888888888888889,1,1,0,0,0,0,0,0,0,0,0,0
ce9a55efb983e8cf0a58ab235b03459b,dg-medical,english,C,clinical,23.14199546485261,0.23076923076923078,1,1,0,0,0,0,0,0,0,0,0,0
cee69f2a5332655a8e0bf4626e3c67c5,dg-medical,ibibio,B,clinical,10.0,0.4,2,2,0,0,0,0,0,0,0,0,0,0
cf42ee5d7ae6579d20f480a8cf8dc00f,dg-medical,ibibio,B,clinical,13.421995464852609,0.4117647058823529,0,0,0,0,1,1,0,0,0,0,0,0
cf605b3aaadbd365452e997fbc78122d,dg-medical,efik,C,clinical,7.005986394557822,0.625,1,0,0,1,1,1,0,0,0,0,0,0
cf9e560da122091075155bf203bc061b,dg-medical,ekene,C,clinical,27.58,0.16,2,2,0,0,1,1,0,0,0,0,0,0
cff6c42bb0e070671ce4482817dacae6,dg-medical,esan,B,clinical,7.4289795918367325,0.3076923076923077,0,0,0,0,0,0,0,0,0,0,0,0
cffb22f74419c3c64c0eb8234d12bdcd,dg-medical,afo,C,clinical,9.0,0.1875,0,0,0,0,0,0,0,0,0,1,1,0
d025ca163e46bd07f76b54c80e2d7562,dg-medical,luhya,B,clinical,24.85698412698413,0.28125,2,2,0,0,0,0,0,0,0,0,0,0
d04a848381afea5745f98dbcbf9ee80f,dg-medical,isizulu,B,clinical,16.11,0.5238095238095238,0,0,0,0,0,0,0,0,0,1,1,0
d51141cb8b8c69ccbae5e69b3a85832f,dg-medical,swahili,A,clinical,11.951995464852608,0.23809523809523808,0,0,0,0,0,0,0,0,0,1,1,0
d53c251ca9fcee3437d49bf595de21af,dg-medical,brass,C,general,11.813990929705216,0.07692307692307693,1,1,0,0,0,0,0,0,0,0,0,0
d5df2d0d9bc0b327323e86a090a5afaf,dg-medical,ebira,B,clinical,17.368979591836734,0.3448275862068966,0,0,0,0,0,0,0,0,0,1,1,0
d64ef7571efd986614e51b3f967dc538,dg-medical,kiswahili,B,clinical,6.910997732426304,0.25,0,0,0,0,0,0,0,0,0,0,0,0
d82cec807957c626355a5aa710d2c1e9,dg-medical,ika,C,general,15.050999999999998,0.25,0,0,0,0,1,1,0,0,0,0,0,0
da96d824075f3a27194aa3105fabdb3f,dg-medical,yoruba,A,clinical,4.0,0.0,0,0,0,0,0,0,0,0,0,1,1,0
dca135e2059101c69a99b599fefb2e63,dg-medical,yoruba,A,clinical,10.706984126984128,0.5555555555555556,0,0,0,0,1,1,0,0,0,0,0,0
dce11a83cfa477b7e54bace09a6c72ab,dg-medical,setswana,B,clinical,9.73,0.4666666666666667,0,0,0,0,0,0,0,0,0,0,0,0
dfbf35c19cdf6a9ff063b4413c7a8ade,dg-medical,bajju,C,general,5.868979591836735,0.2857142857142857,0,0,0,0,0,0,0,0,0,0,0,0
e1a7ef99d4301ae5fb02a2fdb6290892,dg-medical,bini,C,clinical,9.992993197278912,0.5714285714285714,0,0,0,0,1,1,0,0,0,0,0,0
e1c132d095f85bfed63e72a4b98754c7,dg-medical,setswana,B,clinical,3.930997732426304,0.3333333333333333,0,0,0,0,0,0,0,0,0,0,0,0
e21c6a3572a320ef6fd314479996dbfe,dg-medical,isizulu,B,clinical,9.032,0.6666666666666666,1,1,0,0,0,0,0,0,0,0,0,0
e235ca5879e5ab635a97d0467e147d33,dg-medical,swahili,A,clinical,4.502993197278912,0.18181818181818182,0,0,0,0,0,0,0,0,0,1,1,0
e26375e505bd69d631d8e779d4a6c32a,dg-medical,tswana,B,clinical,5.706984126984128,0.2857142857142857,0,0,0,0,0,0,0,0,0,0,0,0
e32346ae5bad64b430d42948b2dd4225,dg-medical,ibibio,B,clinical,6.673990929705216,0.14285714285714285,0,0,0,0,0,0,0,0,0,1,1,0
e3a7d9091147bd74122b59cb6ba816cd,dg-medical,idoma,B,general,9.079,0.375,0,0,0,0,0,0,0,0,0,1,1,0
e3ae499884ba5b46b1264679259e3e7e,dg-medical,bekwarra,C,clinical,3.2389795918367352,0.3076923076923077,0,0,0,0,0,0,0,0,0,1,1,0
e44def0e0c4fb7e4581331126b026d8a,dg-medical,kinyarwanda,B,clinical,6.488979591836735,0.4444444444444444,0,0,0,0,0,0,0,0,0,0,0,0
e5ce8868512511ee2359edb7581199ac,dg-medical,yoruba,A,general,11.206984126984128,0.21052631578947367,0,0,0,0,0,0,0,0,0,1,1,0
e8b7e1c7a72f411ccac63c301f5e2b21,dg-medical,itsekiri,C,clinical,6.708979591836735,0.0,0,0,0,0,1,1,0,0,0,0,0,0
e93bbe4d1f5fec38bdc67bdf4085dacf,dg-medical,tswana,B,clinical,4.277,0.7142857142857143,0,0,0,0,0,0,0,0,0,0,0,0
ea0178f69e36f46afc081864d2b648e0,dg-medical,ibibio,B,clinical,11.0,0.375,0,0,0,0,1,1,0,0,0,0,0,0
ea252ca5cac42505a2bd8a34e4c85b1f,dg-medical,bagi,C,clinical,5.0,1.0,0,0,0,0,1,0,0,0,1,0,0,0
eaa66b82d267fa11b54cf412eb32aab3,dg-medical,idoma,B,clinical,6.0889795918367335,0.2727272727272727,0,0,0,0,1,0,0,0,1,0,0,0
ec18809717922ca38ceeb713515fbcff,dg-medical,sesotho,C,clinical,9.367981859410431,0.2631578947368421,1,0,0,1,0,0,0,0,0,0,0,0
ecc5561dd3b2cec2a760cee4904eb10a,dg-medical,agatu,C,clinical,8.347981859410433,0.25,0,0,0,0,0,0,0,0,0,1,1,0
eda5cd7e0be3da8b39ad74b2d5c37381,dg-medical,igbo,A,general,16.11,0.23076923076923078,0,0,0,0,0,0,0,0,0,1,1,0
edaf4944e378023b5211a41d8ff5fbcf,dg-medical,sotho,C,clinical,5.100997732426304,0.0,0,0,0,0,0,0,0,0,0,1,1,0
edcbfd194d2c3327560d151ce1fe8a79,dg-medical,akan,C,clinical,11.998979591836736,0.2608695652173913,0,0,0,0,0,0,0,0,0,1,1,0
ee52a0bb537315a9e13798dc8dfbd627,dg-medical,idoma,B,clinical,8.0,0.3333333333333333,1,1,0,0,0,0,0,0,0,0,0,0
ee9c796e757ac3a2493c10bd9d7029c5,dg-medical,yoruba,A,clinical,7.847981859410432,1.4,0,0,0,0,1,0,0,0,1,0,0,0
efa38753b6f1cbfc85a3645af80e5622,dg-medical,fulani,C,clinical,6.015986394557822,0.3333333333333333,0,0,0,0,1,1,0,0,0,0,0,0
efde0eff1bca67a8c55def3095b09e12,dg-medical,twi,B,general,9.472,0.8888888888888888,0,0,0,0,0,0,0,0,0,2,2,0
f1c88ce543440298faaed9f743d579de,dg-medical,hausa,A,clinical,3.3679818594104307,0.6666666666666666,1,0,0,1,0,0,0,0,0,0,0,0
f35c3b8b14cbfe94fb29531cf31e2a3b,dg-medical,afo,C,general,7.2129931972789105,0.2777777777777778,0,0,0,0,0,0,0,0,0,0,0,0
f36039967f4f81776a24fa5f769152db,dg-medical,yoruba,A,clinical,11.31,0.07407407407407407,0,0,0,0,0,0,0,0,0,1,1,0
f3a266a1442b1ddb146734a1dd3de00f,dg-medical,kiswahili,B,clinical,7.538979591836735,0.2,0,0,0,0,0,0,0,0,0,0,0,0
f42411fa2e88c397f558c7be352de659,dg-medical,setswana,B,clinical,6.626,0.17647058823529413,0,0,0,0,0,0,0,0,0,1,1,0
f50ecd838b405b25f806c9b0805e9463,dg-medical,yoruba,A,clinical,3.744988662131519,0.2222222222222222,0,0,0,0,0,0,0,0,0,1,1,0
f5861fe5b8ef2ed843c5a50bbeb7789d,dg-medical,akan,C,general,12.378979591836734,0.4,0,0,0,0,0,0,0,0,0,1,1,0
f5cb123d9ff58506553397ea7d69d50a,dg-medical,etche,C,clinical,18.0,0.3333333333333333,1,1,0,0,1,0,0,1,0,0,0,0
f5d36926fb98abbddd16fabda29e3a0f,dg-medical,hausa,A,general,5.627981859410431,0.4,0,0,0,0,0,0,0,0,0,1,1,0
f685934ebfac5fa0ea4371a3f6cf8c2f,dg-medical,ukwuani,C,clinical,7.866,0.5333333333333333,0,0,0,0,1,1,0,0,0,0,0,0
f7eb4020bbab9fb28abf844188cf318f,dg-medical,eleme,C,clinical,22.762993197278917,0.22727272727272727,2,2,0,0,1,1,0,0,0,0,0,0
f865a5b4098532da11a3e8ae5fbe9437,dg-medical,delta,C,general,9.34,0.32,0,0,0,0,0,0,0,0,0,1,1,0
f90956b98a371a04fb2d01be89fe11cf,dg-medical,yoruba,A,clinical,6.411995464852607,0.2857142857142857,0,0,0,0,0,0,0,0,0,1,0,1
f921ed1237445f75f1a9bf01f51d67b5,dg-medical,hausa,A,clinical,4.6189795918367365,0.2,0,0,0,0,0,0,0,0,0,1,1,0
f92f66f90ef1f17e7ee8f36bb8789a74,dg-medical,pidgin,B,clinical,6.160997732426304,0.2222222222222222,0,0,0,0,0,0,0,0,0,0,0,0
f9895f1dfdd8f6a5125d62fb0c48a239,dg-medical,idoma,B,clinical,27.398979591836728,0.10344827586206896,3,3,0,0,1,1,0,0,0,0,0,0
f9d382a85887f71391ed1baeffa37815,dg-medical,setswana,B,clinical,4.526984126984127,0.3333333333333333,0,0,0,0,0,0,0,0,0,0,0,0
fb226674b17933ee5365ba61f4e6f578,dg-medical,etche,C,clinical,12.076984126984124,0.6,0,0,0,0,2,0,0,0,2,0,0,0
fba01cb73f0d8d871f0853aa7c80967a,dg-medical,ijaw,A,clinical,3.340997732426304,0.375,0,0,0,0,0,0,0,0,0,0,0,0
fbb74c6452c0cd8839a84a8e8a6edeab,dg-medical,akan,C,clinical,13.588979591836734,0.16666666666666666,2,1,0,1,0,0,0,0,0,0,0,0
fca326ffdcd8311027371f04df2374b8,dg-medical,nembe,B,clinical,4.71,0.1,0,0,0,0,0,0,0,0,0,0,0,0
fe691b1c80b20d7f4eefc0066d839b4e,dg-medical,swahili,A,general,21.153990929705216,0.17142857142857143,0,0,0,0,0,0,0,0,0,1,1,0
fee673e2873fadc73dd490534e420519,dg-medical,twi,B,clinical,14.442993197278913,0.8571428571428571,0,0,0,0,0,0,0,0,0,1,1,0
00a8fbb3c1ab981f953251ab74953aa7,gemini,igbo,A,clinical,3.160997732426304,0.0,0,0,0,0,1,1,0,0,0,0,0,0
00cb23d4474de886b096a4121ad06467,gemini,igbo,A,clinical,15.79498866213152,0.08333333333333333,0,0,0,0,1,1,0,0,0,0,0,0
00f29afe5b9419051ece6254c7671140,gemini,ijaw,A,clinical,4.0,0.8,1,0,0,1,0,0,0,0,0,0,0,0
01cf1c65195a5bf6cfdea2270f27d30f,gemini,isizulu,B,clinical,10.213990929705217,0.3076923076923077,1,1,0,0,0,0,0,0,0,0,0,0
0316642537208a2c38571a0598277900,gemini,izon,B,general,27.782993197278923,0.6071428571428571,0,0,0,0,1,1,0,0,0,0,0,0
034edeacea0c26990023d688762888cb,gemini,igarra,C,general,11.861,0.4,0,0,0,0,0,0,0,0,0,1,1,0
035836ee284849df9969d1dd62f025f6,gemini,luganda,B,clinical,6.33498866213152,0.07142857142857142,0,0,0,0,0,0,0,0,0,0,0,0
04a041c8c7f0c63c42e21c23b4739a33,gemini,luganda,B,clinical,3.351995464852608,1.0,0,0,0,0,0,0,0,0,0,0,0,0
06e79ca6e3f2bc5a6aefbd7be5f1f8e4,gemini,hausa,A,clinical,5.0,0.8,1,0,0,1,0,0,0,0,0,0,0,0
0700cda752bd76a9e0094aa81371a166,gemini,etsako,C,clinical,4.398979591836736,1.1666666666666667,2,0,0,2,1,1,0,0,0,0,0,0
0781b542e2bb0461fb14d4e1880ba8a7,gemini,obolo,C,clinical,11.061995464852608,0.22727272727272727,1,1,0,0,0,0,0,0,0,0,0,0
08048da2f122e9696d96fe84b6c63d13,gemini,esan,B,general,7.022993197278912,0.5,0,0,0,0,0,0,0,0,0,0,0,0
084115ff20f2b83589318b1d443d51d2,gemini,igala,B,clinical,6.0,0.3333333333333333,0,0,0,0,0,0,0,0,0,0,0,0
0a4896f3691a43baeda611176e154eb2,gemini,ika,C,clinical,3.5219954648526075,0.4,0,0,0,0,0,0,0,0,0,1,1,0
0b1afb3f06809ee1a41f4ea19450dfd0,gemini,ibani,C,general,11.212,0.3076923076923077,0,0,0,0,0,0,0,0,0,1,1,0
0b698a4e9ec659918686f249a1428360,gemini,luganda,B,clinical,6.818979591836735,0.4444444444444444,0,0,0,0,0,0,0,0,0,0,0,0
0bc62a7632b777c66f67cc78b1b032db,gemini,swahili,A,clinical,7.602993197278912,0.6,0,0,0,0,1,1,0,0,0,0,0,0
0ce35af951a7a044a001403b6cd2bb60,gemini,urhobo,B,clinical,8.0,0.0,0,0,0,0,0,0,0,0,0,1,1,0
0e3380e30506ef3de8547f5a1851253f,gemini,igbo,A,general,15.653990929705214,0.5833333333333334,0,0,0,0,0,0,0,0,0,1,1,0
0e810af15dbe05ac2ab931927497b9e3,gemini,bajju,C,clinical,9.328979591836736,0.1875,0,0,0,0,0,0,0,0,0,1,1,0
0f3414fc7708ee92f8405d95f47cd43b,gemini,esan,B,clinical,9.195,0.07142857142857142,0,0,0,0,0,0,0,0,0,0,0,0
0ff27a131661532578989ce2bd77d3ac,gemini,xhosa,B,clinical,24.56498866213152,0.5666666666666667,0,0,0,0,0,0,0,0,0,0,0,0
101ba9085997bf5916102caf0e5751d5,gemini,zulu,B,general,5.8,0.36363636363636365,0,0,0,0,0,0,0,0,0,1,1,0
10d8ca94d220675578dbbe3e9fb05ce7,gemini,zulu,B,clinical,12.122993197278912,0.15384615384615385,1,1,0,0,0,0,0,0,0,0,0,0
11caa8fa466d48bcc966b305b18a3141,gemini,ogoni,C,clinical,8.536984126984128,0.3076923076923077,1,0,0,1,0,0,0,0,0,0,0,0
121b405d54487b5f413f30decd198810,gemini,berom,C,general,19.553,0.13793103448275862,0,0,0,0,1,0,0,0,1,0,0,0
12dd3ba4bdf61b4f70c93251d1aa6628,gemini,igala,B,clinical,4.093990929705217,0.125,0,0,0,0,0,0,0,0,0,0,0,0
131f719fec149dda7cc514e849b65fde,gemini,swahili,A,general,8.627981859410431,0.2857142857142857,0,0,0,0,0,0,0,0,0,1,1,0
146112e1981f61c27d28910341447898,gemini,afo,C,clinical,7.252993197278912,0.16666666666666666,1,1,0,0,0,0,0,0,0,0,0,0
154a06c87d686d87171f295a4ce593bc,gemini,izon,B,general,16.666984126984126,0.19230769230769232,0,0,0,0,0,0,0,0,0,1,1,0
155360ba5e8ba376e5850862d4a16924,gemini,ijaw,A,clinical,10.0,0.3076923076923077,0,0,0,0,0,0,0,0,0,0,0,0
15580a2ba80250f178624f53536ab40a,gemini,ekpeye,C,general,16.270997732426302,0.43478260869565216,0,0,0,0,0,0,0,0,0,2,2,0
1564dbff30c4f41d2705b6eab54f261b,gemini,ibani,C,clinical,4.650997732426304,0.0,0,0,0,0,1,1,0,0,0,0,0,0
15f37c2dc167e18e93e0e701c5dea67b,gemini,anaang,C,clinical,7.0,0.25,2,2,0,0,1,1,0,0,0,0,0,0
1601ea287f90336cc2f535549589024a,gemini,bini,C,clinical,3.4979818594104315,0.2,0,0,0,0,1,1,0,0,0,0,0,0
16c2e642a0c9b3dc37e4b944aeeb2de0,gemini,angas,C,clinical,9.707981859410433,0.8333333333333334,0,0,0,0,1,0,0,0,1,0,0,0
1767f075d626c92ebed30b6288ab2ab7,gemini,swahili,A,clinical,12.618979591836734,0.125,0,0,0,0,0,0,0,0,0,1,1,0
179596c3ae11859ebda92d8ca8c757d5,gemini,igbo,A,clinical,7.58,0.5,0,0,0,0,1,1,0,0,0,0,0,0
18145e1d8eb5f33f3d0ddd3f91352f5f,gemini,luganda,B,clinical,8.545986394557824,0.041666666666666664,0,0,0,0,0,0,0,0,0,1,1,0
18361ec4ecc20db368a75ee828e415cc,gemini,jaba,C,clinical,11.24,0.75,1,1,0,0,0,0,0,0,0,0,0,0
1a2f61401501f9f0447e63524344eb1d,gemini,oklo,C,clinical,18.153990929705216,0.13793103448275862,0,0,0,0,1,1,0,0,0,0,0,0
1a51f3b98694022da2937b78dcceac59,gemini,ijaw,A,clinical,7.436984126984128,0.4,0,0,0,0,0,0,0,0,0,0,0,0
1a881d0101672f6596645a1b5ac0f29b,gemini,tswana,B,clinical,8.848979591836734,0.5454545454545454,0,0,0,0,0,0,0,0,0,0,0,0
1a91bdf81acf149c03a3c48254cc5273,gemini,luhya,B,clinical,15.762993197278911,0.047619047619047616,1,1,0,0,0,0,0,0,0,1,1,0
1ab41137caf537cf2d196c3914d95b48,gemini,isizulu,B,clinical,13.070997732426305,0.2,1,0,0,1,0,0,0,0,0,0,0,0
1c71e30de1f98989413636726f093c05,gemini,xhosa,B,general,16.863990929705214,0.15151515151515152,0,0,0,0,0,0,0,0,0,1,1,0
1ca8b542d191644cbd70ad4b136fa4ba,gemini,igala,B,clinical,3.743990929705216,0.1111111111111111,0,0,0,0,0,0,0,0,0,1,1,0
1dda8dca0b084c03fc5ea2a901de6043,gemini,igbo,A,clinical,27.0,0.18181818181818182,0,0,0,0,3,3,0,0,0,0,0,0
1e1f4d7a25294e5853a6c798329b69b9,gemini,swahili,A,general,9.162993197278912,0.5652173913043478,0,0,0,0,0,0,0,0,0,1,0,1
1e7230cd634da25dd5ab1f72ad1bde18,gemini,xhosa,B,clinical,19.89897959183673,0.21875,0,0,0,0,0,0,0,0,0,2,2,0
1ed939ce62c5672b88f5e3810e0c1757,gemini,gbagyi,C,clinical,24.0,0.16666666666666666,0,0,0,0,1,1,0,0,0,0,0,0
1efa1d7cf13f33924ba9fdac9e291aa6,gemini,ngas,C,clinical,5.590997732426303,0.4,0,0,0,0,0,0,0,0,0,0,0,0
20523bffa88b473a5842269b698df45f,gemini,ijaw,A,general,4.881,0.3333333333333333,0,0,0,0,0,0,0,0,0,1,1,0
20d0b5e49fb27db230bccda1d2c38946,gemini,delta,C,clinical,14.202993197278907,0.4,0,0,0,0,1,0,0,0,1,0,0,0
20fdceadef3a23b47cd9a253b156d2d8,gemini,fulani,C,general,17.60698412698413,0.2857142857142857,0,0,0,0,0,0,0,0,0,1,1,0
21db7f42514ac22490b63d6887cba22f,gemini,isizulu,B,clinical,5.9289795918367325,0.21428571428571427,1,0,0,1,0,0,0,0,0,0,0,0
21dcea0a9c98e415d126fa38c3e09e72,gemini,swahili,A,clinical,16.56798185941043,0.38095238095238093,1,1,0,0,0,0,0,0,0,0,0,0
22347a0c96066c23a0b4037028963e8c,gemini,kinyarwanda,B,clinical,10.690997732426307,0.3125,1,0,0,1,0,0,0,0,0,0,0,0
225a3473f8acdee624166c0a4024d862,gemini,urhobo,B,general,20.21,0.5416666666666666,0,0,0,0,0,0,0,0,0,2,2,0
233b65fe511818e326eff9bffdc2bf6f,gemini,hausa,A,clinical,5.648979591836735,0.2222222222222222,0,0,0,0,1,1,0,0,0,0,0,0
23af1c6428d96f4537acf845c51b9085,gemini,ijaw,A,clinical,5.330997732426304,0.6666666666666666,0,0,0,0,0,0,0,0,0,0,0,0
24e4da52fc2d6869251f9c9de581409c,gemini,ekpeye,C,clinical,23.05,0.4583333333333333,0,0,0,0,2,2,0,0,0,0,0,0
2506c71ecd6600407bd2621dd3398bde,gemini,ijaw,A,clinical,3.0,0.0,0,0,0,0,0,0,0,0,0,1,1,0
25735aa40f226325a3c0d19bfb711d78,gemini,ebira,B,clinical,12.830997732426304,0.047619047619047616,0,0,0,0,0,0,0,0,0,0,0,0
259ef25570bd0721f0c949aefaf69437,gemini,bekwarra,C,clinical,3.2910000000000004,0.5,0,0,0,0,0,0,0,0,0,0,0,0
25dead43f9b4f15ff2360caf740a560c,gemini,yoruba,A,clinical,10.0,0.7,0,0,0,0,2,2,0,0,0,0,0,0
25e6f14ac3404b1e020eb1279816f8f0,gemini,hausa,A,clinical,3.226984126984127,0.2,0,0,0,0,0,0,0,0,0,1,1,0
2642efa06e8a4c32bc730201ae6b8110,gemini,xhosa,B,clinical,10.437981859410431,0.5384615384615384,1,0,0,1,0,0,0,0,0,0,0,0
26ca556c583cb56cb91e2549ee5b1899,gemini,esan,B,clinical,7.546984126984127,0.2,0,0,0,0,0,0,0,0,0,0,0,0
2724a2c5e5300779ab3ada65f742cd32,gemini,kanuri,C,clinical,18.96199546485261,0.9444444444444444,0,0,0,0,1,1,0,0,0,0,0,0
27984ad90703cedf54d2c84bfc6e1a3c,gemini,hausa,A,clinical,11.0,0.7619047619047619,0,0,0,0,1,0,0,0,1,0,0,0
27a69c2d378ad815e50f2c5f1c8681c4,gemini,hausa,A,general,11.496984126984124,0.3888888888888889,0,0,0,0,0,0,0,0,0,1,1,0
2851fe0a1b43c3baae5bdfdf81096810,gemini,isizulu,B,general,7.33,0.2857142857142857,0,0,0,0,0,0,0,0,0,1,1,0
28a0e7c3607b7125515e431edc797640,gemini,ebira,B,general,13.531995464852605,0.24242424242424243,0,0,0,0,1,1,0,0,0,0,0,0
294291ec62b0f0bf47d94dcedd2546ec,gemini,isixhosa,C,clinical,10.070997732426305,0.125,0,0,0,0,0,0,0,0,0,1,1,0
2a2db36f700c4b370d82f111f4e23096,gemini,etsako,C,clinical,16.0,0.027777777777777776,4,4,0,0,1,1,0,0,0,0,0,0
2b1b9ae7cd7fe6f78a8d421c292ec1f9,gemini,swahili,A,clinical,13.748979591836736,0.2,0,0,0,0,0,0,0,0,0,1,1,0
2b38ff9e6cc429930096779e6805e2fc,gemini,english,C,clinical,4.17,0.2222222222222222,0,0,0,0,0,0,0,0,0,1,1,0
2b9e0870d44858a2bdf2d9c5c56f1bcc,gemini,luhya,B,clinical,11.74,0.3333333333333333,0,0,0,0,1,1,0,0,0,0,0,0
2c417f9512707188cc0f0aba9d9a80ef,gemini,mada,C,clinical,19.518979591836725,0.2727272727272727,2,2,0,0,1,1,0,0,0,0,0,0
2c426ab072756f14159874cb727c3d75,gemini,epie,C,clinical,7.688979591836735,0.47368421052631576,1,1,0,0,0,0,0,0,0,0,0,0
2cb670d452cc50d146a3510276df791a,gemini,swahili,A,clinical,13.953990929705215,0.043478260869565216,5,5,0,0,0,0,0,0,0,0,0,0
2d08b60a5b597f41bb0a98352a8ffd77,gemini,kanuri,C,clinical,18.316984126984128,0.0,2,2,0,0,1,1,0,0,0,0,0,0
2e75f34dd0eb98b8bcc2294340dec033,gemini,swahili,A,clinical,16.196984126984127,0.0,0,0,0,0,0,0,0,0,0,2,2,0
2eaf4bbff8454dc9f957c29a33be26e5,gemini,eleme,C,clinical,16.48,0.9,0,0,0,0,1,1,0,0,0,0,0,0
2eed62adea9bb14af1995a7556a5d67b,gemini,yoruba,A,clinical,4.0,0.0,0,0,0,0,0,0,0,0,0,1,1,0
2f11308426efe80f4c4a23795b245383,gemini,swahili,A,clinical,5.12498866213152,0.36363636363636365,0,0,0,0,0,0,0,0,0,1,1,0
2f799aea50510fb1c1ed7d9fbca7b165,gemini,isizulu,B,clinical,14.11498866213152,0.2222222222222222,2,2,0,0,0,0,0,0,0,0,0,0
314a2b2e71c7ca951b543fd65d4dbe57,gemini,pidgin,B,clinical,8.584988662131519,0.21428571428571427,0,0,0,0,0,0,0,0,0,0,0,0
320840b5470cf91679cb154ecddc4d86,gemini,hausa,A,clinical,15.0,0.6875,0,0,0,0,1,0,0,0,1,0,0,0
3460e423c9c3b90911acf68bc70d3723,gemini,hausa,A,general,10.65498866213152,0.125,0,0,0,0,0,0,0,0,0,1,1,0
34d37026e4e37ae05622a784be342ac9,gemini,ekene,C,general,4.745986394557823,0.21428571428571427,0,0,0,0,0,0,0,0,0,0,0,0
36c14ff38c73d6ebc90db41430b058d1,gemini,igbo,A,clinical,7.592993197278911,0.0,0,0,0,0,0,0,0,0,0,1,1,0
3877fbcf10c4b36fec186c1dcf7316bf,gemini,brass,C,clinical,28.406984126984128,0.22580645161290322,0,0,0,0,0,0,0,0,0,1,1,0
395ab42d7aadfe6bc43ec3db82cc4e69,gemini,urhobo,B,clinical,16.608979591836732,0.0625,0,0,0,0,0,0,0,0,0,0,0,0
395b59676aa6355fae06bacef67fc140,gemini,khana,C,clinical,16.0,0.6842105263157895,0,0,0,0,1,1,0,0,0,0,0,0
399eeb18cb0fb018270ccd9ea1861256,gemini,swahili,A,clinical,16.820997732426306,0.15384615384615385,0,0,0,0,0,0,0,0,0,1,1,0
39bf3e3ee7075614072deb7a5280ab60,gemini,igbo,A,clinical,7.531995464852607,1.0,0,0,0,0,0,0,0,0,0,1,1,0
39f4f92aa0052fef3571ca150c2a3722,gemini,kinyarwanda,B,clinical,12.308979591836732,0.0,0,0,0,0,0,0,0,0,0,1,1,0
3ac068335822c731d143a71b517e63fc,gemini,isizulu,B,general,11.256984126984127,0.5263157894736842,0,0,0,0,0,0,0,0,0,1,1,0
3aec03bca0a2a5e03e719c2075b5ac18,gemini,swahili,A,clinical,6.642993197278911,0.0625,0,0,0,0,0,0,0,0,0,1,1,0
3b09d44d3e3adce79a0fb0cfe57e793e,gemini,yoruba,A,general,15.579,0.15151515151515152,1,1,0,0,0,0,0,0,0,1,1,0
3c5572142e8029ffb07a9bbe17542aed,gemini,khana,C,clinical,10.330997732426304,0.8571428571428571,1,1,0,0,0,0,0,0,0,0,0,0
3dfd04ecb574ea226cdc07a88e9b43d7,gemini,igbo,A,clinical,5.486984126984127,0.2857142857142857,2,2,0,0,1,1,0,0,0,0,0,0
3e15362de5160160b9b6dc4a1b7b5173,gemini,idah,C,clinical,7.586984126984127,0.7272727272727273,0,0,0,0,1,1,0,0,0,0,0,0
3fd85b94085df416782fb04d0f9da75a,gemini,kinyarwanda,B,clinical,12.820997732426305,0.5714285714285714,1,1,0,0,0,0,0,0,0,0,0,0
41300eae9d89c276e32cfe52726db57c,gemini,kikuyu,C,clinical,18.035986394557824,0.2894736842105263,0,0,0,0,0,0,0,0,0,1,1,0
417626ea1dc287624ae2085b5e8b80c5,gemini,ijaw,A,general,5.825986394557821,0.5555555555555556,0,0,0,0,0,0,0,0,0,1,1,0
425756185ac6e34dd2742f59bc7381f8,gemini,hausa,A,clinical,10.061995464852608,0.2222222222222222,1,1,0,0,0,0,0,0,0,0,0,0
439ba5f71d1d55733b83ceb7d3eba324,gemini,swahili,A,clinical,8.072993197278912,0.16666666666666666,0,0,0,0,0,0,0,0,0,1,1,0
442ab52663499c4f3917c4842f9c2216,gemini,ijaw,A,clinical,6.126984126984127,0.7692307692307693,0,0,0,0,0,0,0,0,0,0,0,0
4452636b3e56b08faeac1310ed0afb45,gemini,twi,B,clinical,10.880997732426303,0.17647058823529413,1,1,0,0,0,0,0,0,0,0,0,0
44fce3c7ec19dff506083c8a906750a3,gemini,ijaw,A,clinical,22.260997732426304,0.36,1,1,0,0,1,1,0,0,0,0,0,0
4524d44d0b4b586ba5f80bab94a36374,gemini,estako,C,clinical,7.1629931972789125,1.0,1,0,1,0,1,1,0,0,0,0,0,0
47336a19e6de775ce619938a93f921e7,gemini,yoruba,A,clinical,11.292993197278912,0.42105263157894735,0,0,0,0,0,0,0,0,0,1,1,0
47563df782e059f397a062dc9c49dedc,gemini,ebira,B,clinical,10.338979591836734,0.19047619047619047,1,1,0,0,2,1,1,0,0,0,0,0
48806c3ddbaa78bf3c285dcf74f01dec,gemini,yoruba,A,general,8.745,0.16666666666666666,0,0,0,0,0,0,0,0,0,2,2,0
49361322979184b1e0b395c76128bed1,gemini,igbo,A,clinical,13.388979591836732,0.2,1,1,0,0,0,0,0,0,0,0,0,0
4cb9d90085141545a0df8933010b0ff1,gemini,pidgin,B,general,10.16798185941043,0.2608695652173913,0,0,0,0,0,0,0,0,0,1,1,0
4dd5b78a61fa2551f8ec92ce5c9c0de6,gemini,kiswahili,B,clinical,10.323990929705216,0.1111111111111111,0,0,0,0,0,0,0,0,0,1,1,0
4e3b6e2d9fcb97c87a269b1e0747e762,gemini,swahili,A,general,7.67,0.0,0,0,0,0,2,2,0,0,0,0,0,0
4fa2a11c05bee4cf37121c3977dfe56d,gemini,alago,C,general,14.102993197278913,0.36363636363636365,0,0,0,0,0,0,0,0,0,1,1,0
4fece74d74539de7b4257aa93e5a0f18,gemini,yoruba,A,clinical,9.123990929705217,0.2,0,0,0,0,0,0,0,0,0,1,1,0
50dda38735c07990362d85bde0133f84,gemini,ikulu,C,clinical,4.0,0.3333333333333333,2,2,0,0,1,1,0,0,0,0,0,0
50fa7685106848e05f28bd76763ee89d,gemini,yoruba,A,clinical,3.505986394557824,0.6666666666666666,0,0,0,0,0,0,0,0,0,1,1,0
52335d4132fe4d672c852becea14a77f,gemini,edo,C,general,13.382993197278912,0.2,0,0,0,0,0,0,0,0,0,2,2,0
52ad387abe4206177fecb12004fc81c5,gemini,pidgin,B,clinical,6.537981859410431,0.3333333333333333,0,0,0,0,1,0,1,0,0,0,0,0
5319903aa7a09544e5f7a2346abe9542,gemini,xhosa,B,clinical,4.2589795918367335,0.875,0,0,0,0,0,0,0,0,0,0,0,0
532a2c6223d6cf5a2eef3a35acc106ee,gemini,yoruba,A,clinical,4.867981859410431,0.0,0,0,0,0,1,1,0,0,0,1,1,0
5356ac8c588f99c3e1616d39ae13eae0,gemini,ogbia,C,clinical,4.0,0.3,0,0,0,0,0,0,0,0,0,1,1,0
55b4d1d5f1a75607db12f6b7710f5fea,gemini,ijaw,A,clinical,4.940997732426304,0.375,0,0,0,0,0,0,0,0,0,0,0,0
569b4a3a00c81fbfef713bb2cf298288,gemini,delta,C,clinical,16.14,0.4375,0,0,0,0,0,0,0,0,0,1,1,0
5726844dc6ed872cbd29dced93713dd1,gemini,igbo,A,clinical,3.796984126984128,0.6,0,0,0,0,1,1,0,0,0,0,0,0
574564fbb39afb8f4bfe475ca1209e9b,gemini,twi,B,clinical,4.754988662131519,0.3333333333333333,1,1,0,0,0,0,0,0,0,0,0,0
58fb549d14b07c3aae8b252439917dce,gemini,idoma,B,clinical,5.445986394557823,0.5714285714285714,0,0,0,0,1,0,0,0,1,0,0,0
59d081768f7130a72f303349f532e0b1,gemini,hausa,A,clinical,17.65498866213152,0.14705882352941177,1,1,0,0,1,1,0,0,0,0,0,0
5a34597c9b5e97c136c6b15e1f47350b,gemini,luganda,B,clinical,3.173990929705216,1.0,0,0,0,0,0,0,0,0,0,1,1,0
5b5cea61187384389906b36683ffa428,gemini,zulu,B,clinical,12.106984126984129,0.4117647058823529,1,0,1,0,0,0,0,0,0,0,0,0
5bf75ed75f6edd7aa81465d27761f147,gemini,kinyarwanda,B,clinical,20.275,0.2903225806451613,0,0,0,0,0,0,0,0,0,2,2,0
5c849a9f8db80ed6b81b57ba3d55e07e,gemini,xhosa,B,clinical,7.581995464852607,0.75,0,0,0,0,0,0,0,0,0,0,0,0
5dce81d882d87594aaa93edfd369a364,gemini,swahili,A,clinical,3.5869841269841274,0.2857142857142857,0,0,0,0,0,0,0,0,0,1,1,0
5ec5dbfeea5ef5e77ff6cf07c73a49df,gemini,ijaw,A,general,7.1379818594104325,0.0,0,0,0,0,0,0,0,0,0,1,1,0
5edf769b6919fac4f5f4ade730fd1bb6,gemini,ishan,C,clinical,4.0,0.25,0,0,0,0,1,1,0,0,0,0,0,0
5f123125342c9260ae61b6afc746c116,gemini,isizulu,B,clinical,9.402993197278912,0.0,1,1,0,0,0,0,0,0,0,0,0,0
5f6166b9974aacf66ecec0d39f992fd9,gemini,bekwarra,C,general,8.940997732426307,0.22727272727272727,1,1,0,0,0,0,0,0,0,0,0,0
5f64f9fc4a594adc778f0a2700d116e6,gemini,yoruba,A,clinical,17.11498866213152,0.0625,1,1,0,0,1,1,0,0,0,0,0,0
638d52a920b7ec4ac12b7b6d46746ea7,gemini,ibani,C,clinical,4.877981859410431,0.2222222222222222,0,0,0,0,0,0,0,0,0,1,1,0
63a2e9a375b665c32e1a176423c8fbdd,gemini,yoruba,A,clinical,7.350997732426304,0.6666666666666666,1,1,0,0,0,0,0,0,0,1,1,0
63bd1f04d01007bf1a829bf3a0248cf9,gemini,ijaw,A,clinical,6.314988662131518,0.5454545454545454,0,0,0,0,0,0,0,0,0,0,0,0
63bd3c234d1d89a65ce8563f55787ac8,gemini,swahili,A,clinical,4.138979591836734,0.5714285714285714,0,0,0,0,0,0,0,0,0,1,0,1
63c979f2f450a7598ab6d706308c5e72,gemini,luhya,B,general,14.34,0.2631578947368421,0,0,0,0,0,0,0,0,0,1,1,0
660a4f125c61654b1ccc5df0cdd955bd,gemini,yoruba,A,clinical,10.613990929705215,0.375,0,0,0,0,0,0,0,0,0,1,1,0
66b5e37d3c6fb622de9b645a11e45b87,gemini,luganda,B,clinical,9.0,0.0,0,0,0,0,0,0,0,0,0,1,1,0
66c7d017a7af1535c058dcb212c785fd,gemini,zulu,B,clinical,11.388979591836732,0.26666666666666666,1,1,0,0,0,0,0,0,0,0,0,0
681828fe9911e1c031e3a1023f5cba16,gemini,igbo,A,clinical,15.0,0.08,2,2,0,0,1,1,0,0,0,0,0,0
68d7b378f686a4ea235df042be92df7c,gemini,yoruba,A,clinical,10.105986394557824,0.375,0,0,0,0,1,0,0,0,1,0,0,0
690e5686be737d2bbc1ef25ff48022e5,gemini,urhobo,B,clinical,18.18,0.13636363636363635,0,0,0,0,1,1,0,0,0,0,0,0
6934807f8bcbf16699578867c7a078e3,gemini,ijaw,A,clinical,3.132993197278912,0.4,0,0,0,0,0,0,0,0,0,0,0,0
695771856cc6a19aadcc9c02daeb816b,gemini,estako,C,clinical,21.156984126984128,0.2962962962962963,2,1,1,0,2,1,1,0,0,0,0,0
69b6cd5f741af0799aed46db39c2b3ce,gemini,jukun,C,clinical,3.9049886621315193,0.125,0,0,0,0,0,0,0,0,0,0,0,0
6afed7fe39a177c3d510b925d8267a94,gemini,swahili,A,general,12.713990929705217,0.8181818181818182,2,1,0,1,0,0,0,0,0,0,0,0
6b04e26e9a6a0c78b1b053f3bc86534e,gemini,ijaw,A,clinical,4.593990929705216,0.6666666666666666,0,0,0,0,0,0,0,0,0,1,1,0
6b06a665f4acd27ba438a1e8410936ab,gemini,igbo,A,general,13.686984126984129,0.3103448275862069,0,0,0,0,0,0,0,0,0,1,1,0
6b1ac9fd68036319be02c4d34443986a,gemini,ngas,C,clinical,7.603990929705215,0.2,0,0,0,0,0,0,0,0,0,0,0,0
6b5cffdaf93ef9014d308fa283eb3d10,gemini,ibibio,B,general,11.521,0.45,0,0,0,0,0,0,0,0,0,1,1,0
6b651083464881a4c3cad2643975b853,gemini,kinyarwanda,B,clinical,14.020997732426304,0.4,0,0,0,0,0,0,0,0,0,1,1,0
6b6bd6a9b36dbd20ca8ba0b48a0e83c0,gemini,igbo,A,clinical,15.0,0.6666666666666666,1,1,0,0,1,1,0,0,0,0,0,0
6beb2687f186291440c994f823236222,gemini,igbo,A,clinical,7.561995464852607,0.0,0,0,0,0,0,0,0,0,0,1,1,0
6d8bcf78963a218d83e6514022c3bfbd,gemini,nembe,B,clinical,6.014988662131518,1.0,0,0,0,0,0,0,0,0,0,0,0,0
6df3ac41f44b547ed01c14cca6e07142,gemini,kinyarwanda,B,clinical,11.108979591836734,0.35294117647058826,1,1,0,0,0,0,0,0,0,0,0,0
6dfb3c7d7c44a0fa82fd35cf7b94e239,gemini,pidgin,B,clinical,12.152,0.18518518518518517,0,0,0,0,0,0,0,0,0,1,1,0
6f4df41f65cb3bc1a951f0277c7b80f2,gemini,angas,C,clinical,10.13,0.05,0,0,0,0,0,0,0,0,0,1,1,0
718546c938f593549d7ffd1649434328,gemini,tswana,B,clinical,24.14299319727891,0.125,0,0,0,0,0,0,0,0,0,0,0,0
71a02c51cf938a571f90748316897775,gemini,pidgin,B,clinical,4.703990929705215,0.1111111111111111,0,0,0,0,0,0,0,0,0,1,1,0
723a3ec3156f72ef6828899f45206964,gemini,swahili,A,clinical,5.850997732426304,0.2222222222222222,0,0,0,0,0,0,0,0,0,1,1,0
725b8d8321a1685407b896624a741d82,gemini,urhobo,B,clinical,8.87498866213152,1.0,0,0,0,0,0,0,0,0,0,0,0,0
740097459dffea7514558527c4f0bec7,gemini,jukun,C,clinical,11.84,0.5625,0,0,0,0,0,0,0,0,0,0,0,0
741c693e00ab4b2bd2fc3bc6ab3e8012,gemini,igala,B,clinical,8.340997732426304,0.2857142857142857,0,0,0,0,0,0,0,0,0,0,0,0
75b69526057d0cd656a09edae54921a7,gemini,twi,B,clinical,8.818979591836733,0.18181818181818182,0,0,0,0,0,0,0,0,0,0,0,0
795fbbcc55dad655ff683752f4b1030c,gemini,brass,C,clinical,6.696984126984128,0.18181818181818182,0,0,0,0,1,1,0,0,0,0,0,0
796f61c973ea9e398d6e61d525aa5995,gemini,eggon,C,general,9.66498866213152,0.23529411764705882,0,0,0,0,0,0,0,0,0,1,1,0
79fc4fcd5b516d1eb53d23875b4af44a,gemini,kalabari,C,clinical,23.0,0.45,1,1,0,0,0,0,0,0,0,2,2,0
7abb65293b6eb423ce5ca2b5a9f238f2,gemini,igbo,A,general,20.133990929705213,0.20689655172413793,0,0,0,0,0,0,0,0,0,1,1,0
7ac2b7f21b9550f6de49f8047e0c0e19,gemini,luo,C,clinical,17.048979591836734,0.2,2,2,0,0,0,0,0,0,0,0,0,0
7ad13a1008d4186fe4da2865ae07757c,gemini,ebiobo,C,clinical,9.525986394557822,0.2222222222222222,0,0,0,0,0,0,0,0,0,0,0,0
7af04897c7229728b4ee63de71d1b373,gemini,kiswahili,B,clinical,6.488979591836735,0.3076923076923077,1,1,0,0,0,0,0,0,0,0,0,0
7c5f40347f781ccf22c7db328f23df70,gemini,ibibio,B,general,8.343,0.2,0,0,0,0,0,0,0,0,0,1,1,0
7ecb769ffb1875b51a824aec75d2f79c,gemini,kinyarwanda,B,general,8.618979591836736,0.3125,0,0,0,0,0,0,0,0,0,1,0,1
80229e0e60981f9013a0046669edd32a,gemini,berom,C,clinical,15.46,0.3793103448275862,0,0,0,0,0,0,0,0,0,1,1,0
8132758125fa0e3156821052a383f9ef,gemini,hausa,A,clinical,9.738979591836737,0.9,2,0,0,2,5,0,0,0,5,0,0,0
813cbfeecdbdffe46ec94b654e54df4a,gemini,igbo,A,clinical,16.81299319727891,0.14814814814814814,0,0,0,0,0,0,0,0,0,1,1,0
81734eaf48d8000675f3f458b2ae298b,gemini,eggon,C,clinical,4.697981859410431,0.2857142857142857,0,0,0,0,1,1,0,0,0,0,0,0
81801908431abd57e0f026230d6c8459,gemini,igala,B,general,15.300997732426303,0.6153846153846154,0,0,0,0,0,0,0,0,0,0,0,0
81cd00461db37fd41edd15076468d9c2,gemini,twi,B,clinical,6.1779818594104325,0.18181818181818182,0,0,0,0,0,0,0,0,0,1,1,0
81d460da9e2df1462d19d603f0e57a15,gemini,luo,C,clinical,8.648979591836735,0.25,0,0,0,0,0,0,0,0,0,1,1,0
824c7c4c945e6189c231341493d25e5d,gemini,sepedi,C,clinical,10.90498866213152,0.4117647058823529,1,0,0,1,0,0,0,0,0,0,0,0
82faa4bc24f3ce811e8e07503edfbebb,gemini,yoruba,A,clinical,21.54698412698413,0.5,0,0,0,0,0,0,0,0,0,2,2,0
834197895f5298110f61cfbba51ae350,gemini,bajju,C,clinical,16.160997732426306,0.0967741935483871,0,0,0,0,2,2,0,0,0,0,0,0
8367b56fc0d340cd7238c649b78d37de,gemini,tswana,B,clinical,5.083990929705215,0.1,0,0,0,0,0,0,0,0,0,0,0,0
83712a6a1289c7dd746f2b3d7689f8ce,gemini,nembe,B,general,8.375986394557824,0.4,0,0,0,0,0,0,0,0,0,0,0,0
83828cab9a761f48fafe9f38ecfa6554,gemini,english,C,general,24.68199546485261,0.34782608695652173,0,0,0,0,0,0,0,0,0,2,2,0
83a7819ff8d4e56d1cb5c58d5ea14a28,gemini,igbo,A,clinical,10.050997732426303,0.2777777777777778,0,0,0,0,0,0,0,0,0,2,2,0
848d8e540d19383c326cbc913d0f1c0b,gemini,ijaw,A,clinical,6.738979591836735,0.0,0,0,0,0,0,0,0,0,0,1,1,0
867e4b92a79ab543ec87ea8de579525a,gemini,ebira,B,clinical,25.43897959183673,0.35135135135135137,0,0,0,0,2,2,0,0,0,0,0,0
868cbb2849424d087eb7b0b2dd76e3c6,gemini,bassa,C,clinical,18.500997732426303,0.1111111111111111,4,4,0,0,2,2,0,0,0,0,0,0
868ed2786d8b2dedffe5b5358c2c529d,gemini,agatu,C,clinical,8.0,0.7142857142857143,0,0,0,0,1,1,0,0,0,0,0,0
875b9f741ca6fe9ce531dae23c363556,gemini,igbo,A,clinical,3.394,0.8888888888888888,0,0,0,0,0,0,0,0,0,1,1,0
8869f1eeb5bc976ec0121bbfb7e71228,gemini,igarra,C,clinical,17.153990929705216,0.1875,0,0,0,0,1,1,0,0,0,0,0,0
88ced2ecd0c03497c15314839b452bdc,gemini,anaang,C,clinical,8.362993197278909,0.15384615384615385,0,0,0,0,0,0,0,0,0,1,1,0
88fff98f24f6cf178ac806f158823ebb,gemini,swahili,A,clinical,7.930997732426302,0.2222222222222222,0,0,0,0,1,1,0,0,0,0,0,0
89329d8ccf699d749378e316d5da474d,gemini,luganda,B,general,5.772993197278912,0.05555555555555555,0,0,0,0,0,0,0,0,0,1,1,0
8976dc7ac0cf57b7d29b4c988b7f1253,gemini,benin,C,general,17.646984126984123,0.5,0,0,0,0,0,0,0,0,0,0,0,0
8a9cea52e9b59a3a21705dc3c2885d04,gemini,nyandang,C,clinical,16.0,0.6,0,0,0,0,1,0,0,0,1,0,0,0
8b05bff172782a130ebf50e8aeba14a8,gemini,hausa,A,clinical,13.126984126984128,0.0,1,1,0,0,0,0,0,0,0,0,0,0
8cb3809701786ccfebe73b788fdbf219,gemini,setswana,B,general,14.48498866213152,0.09090909090909091,2,2,0,0,0,0,0,0,0,0,0,0
8d34da67104c808c64ab42eb49a251aa,gemini,hausa,A,clinical,20.35498866213152,0.0625,0,0,0,0,1,1,0,0,0,0,0,0
8dca912479bc6176b1434eaf497653e5,gemini,zulu,B,clinical,12.791995464852608,0.13043478260869565,0,0,0,0,1,1,0,0,0,0,0,0
8e067faa1909e8c3674558e0f28874d2,gemini,isoko,C,clinical,6.0,0.3333333333333333,0,0,0,0,0,0,0,0,0,0,0,0
8edfb1fdb8384702d1edb2995b99f128,gemini,ebira,B,clinical,3.775986394557824,0.5,0,0,0,0,1,1,0,0,0,0,0,0
8f0b5eaf4c3efac9966188653abf9958,gemini,afrikaans,B,general,4.0489795918367335,0.6,0,0,0,0,0,0,0,0,0,1,1,0
8f7597e46eb38afa0d5ea20bbc785540,gemini,urhobo,B,clinical,3.920997732426304,0.0,0,0,0,0,0,0,0,0,0,1,1,0
8f938b62694f880c6488230b1a167846,gemini,hausa,A,clinical,14.372993197278912,0.2631578947368421,0,0,0,0,0,0,0,0,0,1,1,0
8f96acfb2f96d743f369f9d800711ea4,gemini,eket,C,clinical,5.70498866213152,0.0,3,3,0,0,0,0,0,0,0,0,0,0
90e3c94c91b77cbb0007c5478c9bc7d0,gemini,isoko,C,clinical,10.026984126984129,0.16666666666666666,1,1,0,0,1,1,0,0,0,0,0,0
9259dde6b27dc39fcc0779e36d0bec02,gemini,kikuyu,C,clinical,13.447981859410431,0.125,0,0,0,0,0,0,0,0,0,1,1,0
927f85be5b655d2292720b02da67a9f2,gemini,pidgin,B,clinical,9.99,0.5789473684210527,1,0,0,1,0,0,0,0,0,0,0,0
93c43bd94eaaab1cb53328ea72a27dcf,gemini,yoruba,A,clinical,13.222993197278912,0.0,2,2,0,0,1,1,0,0,0,0,0,0
93cd3ed3b7a6575d02bb23a2594b31d9,gemini,yoruba,A,general,13.272993197278913,0.23809523809523808,0,0,0,0,1,1,0,0,0,0,0,0
94a84a0f3f82fccfb5d198d9398ac92d,gemini,ijaw,A,clinical,4.612993197278912,0.8333333333333334,1,1,0,0,1,1,0,0,0,0,0,0
9505e3e628561706ade58cb28cbf9571,gemini,etche,C,general,8.697981859410431,0.3,0,0,0,0,0,0,0,0,0,1,1,0
950669fd990036359a84fc27a609d98b,gemini,hausa,A,clinical,18.23698412698413,0.19230769230769232,1,1,0,0,1,1,0,0,0,0,0,0
957f35f6f15f3598a944d8e025c18c1e,gemini,hausa,A,clinical,6.780997732426304,0.375,0,0,0,0,1,1,0,0,0,0,0,0
95db94bcf9a5dca2090b618996026b61,gemini,mada,C,clinical,20.990997732426305,0.5882352941176471,1,1,0,0,1,1,0,0,0,0,0,0
95fa8e2c87066c1af0f44e735ee21a99,gemini,hausa,A,general,11.317981859410429,0.06896551724137931,0,0,0,0,1,1,0,0,0,0,0,0
96c0239bebf9812f391113c433a60ac3,gemini,swahili,A,clinical,5.814988662131518,0.4444444444444444,0,0,0,0,1,1,0,0,0,1,0,1
97936c2d37f2f43efc1a3f0b0b3c0ca9,gemini,ijaw,A,clinical,9.66498866213152,0.1875,0,0,0,0,2,2,0,0,0,0,0,0
98aa283c0ebaafc5a1021d01ba1bdb5b,gemini,igala,B,general,5.274988662131519,0.4,0,0,0,0,0,0,0,0,0,0,0,0
997f3e37861b711e251f7700dab7d53a,gemini,tshivenda,C,clinical,4.538979591836736,0.14285714285714285,0,0,0,0,0,0,0,0,0,1,1,0
9a375dac7ab12b6d59cffdb932f4d50b,gemini,hausa,A,clinical,9.162993197278912,0.05263157894736842,1,0,0,1,0,0,0,0,0,0,0,0
9aaf2cdb126cc34675679f50c7ff2bfb,gemini,afrikaans,B,general,14.677981859410432,0.375,0,0,0,0,0,0,0,0,0,1,1,0
9b77c0e08123645da710316db5a2a744,gemini,zulu,B,clinical,8.968979591836733,0.21052631578947367,0,0,0,0,0,0,0,0,0,1,1,0
9b7de9c3315540a63648b9c1212db787,gemini,jaba,C,clinical,6.871995464852607,0.5555555555555556,1,0,0,1,0,0,0,0,0,0,0,0
9b9b2265f35006044cd94c19382172a2,gemini,eggon,C,clinical,19.874,0.3142857142857143,0,0,0,0,0,0,0,0,0,0,0,0
9c9e25effae29bb7faa7f6b5abafd60f,gemini,ebiobo,C,general,15.058979591836732,0.4375,0,0,0,0,0,0,0,0,0,1,1,0
9d62c73869bfa4589aee1a01b7a44c1a,gemini,yoruba,A,general,14.159,0.2222222222222222,0,0,0,0,0,0,0,0,0,1,1,0
9d77d58566ed0e963ae1123e3ab50cee,gemini,idoma,B,clinical,9.138979591836735,0.4117647058823529,0,0,0,0,2,2,0,0,0,0,0,0
9dea8cff438f7e22cf9a4d61087d16ab,gemini,ebira,B,clinical,10.545986394557824,0.3333333333333333,0,0,0,0,0,0,0,0,0,0,0,0
a118dd3124494bfe59ab23ed58e83735,gemini,idah,C,clinical,12.0,0.6842105263157895,0,0,0,0,3,2,0,0,1,0,0,0
a2fb0dd7428a4afcfef9223224d462ad,gemini,ijaw,A,clinical,11.867981859410431,0.041666666666666664,0,0,0,0,0,0,0,0,0,1,1,0
a353deca19dba9aaadeba0044ccefe20,gemini,hausa,A,clinical,10.531995464852606,0.16,0,0,0,0,0,0,0,0,0,1,1,0
a3b4630a9a8ccf82303417432c662d3f,gemini,berom,C,clinical,13.0,0.21428571428571427,0,0,0,0,1,1,0,0,0,0,0,0
a46605b3fdc92295cbd88bb861487e58,gemini,ijaw,A,general,7.959,0.7058823529411765,0,0,0,0,0,0,0,0,0,1,0,1
a52cc1bdf941a9b4d76061ddbda05072,gemini,igbo,A,clinical,9.0,0.7647058823529411,1,0,0,1,1,0,1,0,0,0,0,0
a5798eafcf34ba74b77d75babf9453f4,gemini,ibibio,B,clinical,9.503,0.0,0,0,0,0,0,0,0,0,0,1,1,0
a7046fce47c40b1fd7e5e841203d129f,gemini,urhobo,B,clinical,6.163990929705213,0.0,0,0,0,0,0,0,0,0,0,0,0,0
a725f065187b21c5cda1720bc7307bac,gemini,ijaw,A,clinical,7.512993197278911,0.25,0,0,0,0,1,1,0,0,0,0,0,0
a8b08dfb2d86e274967be71c137de2c2,gemini,idoma,B,general,12.248979591836736,0.625,1,0,0,1,0,0,0,0,0,0,0,0
a8c855fb76476df248ee0277b5d8b74a,gemini,hausa,A,clinical,20.98897959183673,0.10714285714285714,2,2,0,0,1,0,1,0,0,0,0,0
a8e2b5e688be73125346995ac9c7e3b9,gemini,angas,C,general,17.781,0.48148148148148145,0,0,0,0,0,0,0,0,0,3,3,0
a9929f0f04802faa3110256ee76330c7,gemini,ekpeye,C,clinical,6.576984126984128,0.4166666666666667,0,0,0,0,1,1,0,0,0,0,0,0
a9a96ccbe9944292c08bc630aaee1d78,gemini,idoma,B,clinical,12.12498866213152,0.05263157894736842,3,3,0,0,2,2,0,0,0,0,0,0
aa3d0d5b66d4e3ae1d00cd720b8a0fb7,gemini,mwaghavul,C,clinical,16.00498866213152,0.09523809523809523,2,0,0,2,1,1,0,0,0,0,0,0
aa6e5d8125f7b4f9c74f5b74eed331d8,gemini,ika,C,clinical,5.746984126984128,0.0,0,0,0,0,1,1,0,0,0,0,0,0
abbacd486f68114d3be9c86359b1e565,gemini,igala,B,clinical,6.033990929705213,0.2857142857142857,0,0,0,0,0,0,0,0,0,0,0,0
ae325b61688d7cdf1c957b28284fab2b,gemini,swahili,A,clinical,12.295986394557824,0.10714285714285714,0,0,0,0,0,0,0,0,0,1,1,0
aeffc6466b2f3e6a60d1a381c6688d62,gemini,igbo,A,general,6.988979591836735,0.7777777777777778,0,0,0,0,1,0,1,0,0,0,0,0
af4fbadeeb6f189c5d29e6526fa0b02c,gemini,idoma,B,clinical,3.92,0.875,2,0,0,2,0,0,0,0,0,0,0,0
b24705a3414d9d448da6c5d657098adc,gemini,ikulu,C,clinical,5.472993197278911,0.0,0,0,0,0,0,0,0,0,0,1,1,0
b29c9ccbdadf5706af0da73171953752,gemini,ijaw,A,clinical,3.0,0.4,0,0,0,0,0,0,0,0,0,0,0,0
b2f73812d854cc5de1224b16333c2edd,gemini,bassa,C,clinical,12.925986394557825,0.125,0,0,0,0,1,1,0,0,0,0,0,0
b3a46c19d0e26a91d003c51e4d40b66e,gemini,epie,C,general,3.5789795918367338,0.25,0,0,0,0,0,0,0,0,0,1,1,0
b4b5d6f2dce941b2f1d22953049bb28a,gemini,setswana,B,clinical,13.51,0.14285714285714285,0,0,0,0,0,0,0,0,0,0,0,0
b4c2f327368753233244635f8bd0e980,gemini,hausa,A,general,20.922993197278917,0.5185185185185185,0,0,0,0,0,0,0,0,0,3,3,0
b53fd41101f96b2aea36486ef2cf32d1,gemini,igbo,A,general,16.473,0.2608695652173913,0,0,0,0,0,0,0,0,0,1,1,0
b5537cc2227d417320c5c9b624c7d7e3,gemini,anaang,C,general,12.588979591836734,0.05,0,0,0,0,0,0,0,0,0,2,2,0
b5ac61338506de6f0dfc1419176d52e1,gemini,eket,C,clinical,3.0,0.5,0,0,0,0,1,1,0,0,0,0,0,0
b5c1bb84af7f05994706e272a24dea4f,gemini,ibibio,B,clinical,12.0,0.23076923076923078,0,0,0,0,0,0,0,0,0,1,1,0
b60b6db14f8aa8fc2ea581d656cc9b84,gemini,tswana,B,clinical,12.248979591836736,0.125,0,0,0,0,0,0,0,0,0,0,0,0
b6c10264bc38c5cce35f58fba4d4ac93,gemini,tswana,B,general,7.414988662131518,0.0,0,0,0,0,1,1,0,0,0,0,0,0
b6dc046fa03571546013240f45550672,gemini,afemai,C,general,14.606984126984129,0.48,0,0,0,0,1,1,0,0,0,0,0,0
b89670db369c7e025fb0d74ca94533af,gemini,hausa,A,clinical,8.254988662131518,0.5384615384615384,2,0,0,2,2,2,0,0,0,0,0,0
b985d09f630047d9a23f4b60488cf2df,gemini,ebiobo,C,clinical,8.171995464852607,0.6666666666666666,0,0,0,0,0,0,0,0,0,0,0,0
b9fbfa440d2ba2a19ff2e1f37ee2edf4,gemini,yoruba,A,clinical,27.0,0.1891891891891892,1,1,0,0,1,1,0,0,0,0,0,0
ba4536f44ae1cc6bddd1d886a68e77a2,gemini,bini,C,general,17.893,0.4166666666666667,0,0,0,0,0,0,0,0,0,0,0,0
bb3702b2a7ae80986cc8dcd132ff2928,gemini,kalabari,C,clinical,7.512993197278911,0.8888888888888888,1,0,0,1,0,0,0,0,0,0,0,0
bba103cc3c5381ab96a3534523d83143,gemini,igbo,A,clinical,6.463990929705216,0.4,0,0,0,0,2,2,0,0,0,0,0,0
bc0fcabcbdffb9b9c95fb48c01a78fa4,gemini,esan,B,general,10.978,0.23529411764705882,0,0,0,0,0,0,0,0,0,0,0,0
bc60654d276884a19cbba4a0bf10264b,gemini,fulani,C,clinical,6.014988662131518,0.08333333333333333,0,0,0,0,0,0,0,0,0,1,1,0
bd6c36ca7dfb7303fc8ca6e11274a52f,gemini,isixhosa,C,clinical,15.852993197278913,0.08,2,1,1,0,0,0,0,0,0,0,0,0
bd7164ebfc3bc1eb03c9bc65c4eee3ea,gemini,igbo,A,clinical,8.0,0.09090909090909091,0,0,0,0,2,2,0,0,0,0,0,0
bde569d1c5436b9011e7291e0591791d,gemini,itsekiri,C,clinical,7.268979591836735,0.3,1,1,0,0,1,0,1,0,0,0,0,0
beddeac62f5277f00a937c79f65eaa98,gemini,igbo,A,clinical,3.3079818594104307,0.2,0,0,0,0,0,0,0,0,0,1,0,1
bf2e25f55b7c3f78fa0971450e093825,gemini,igala,B,clinical,5.743990929705213,0.3333333333333333,1,1,0,0,0,0,0,0,0,0,0,0
bf51a31d5dd31e4cf53a49972014a88a,gemini,mwaghavul,C,clinical,20.0,0.5,0,0,0,0,1,1,0,0,0,0,0,0
bf5c981afa3eaf5cf847e9a91c4dcb83,gemini,ishan,C,clinical,11.0,0.3333333333333333,0,0,0,0,1,1,0,0,0,0,0,0
bf5dddc0e1db7a94bae1da89c7e8b641,gemini,ebira,B,general,5.734988662131518,0.6,0,0,0,0,0,0,0,0,0,1,1,0
bfd411fa6e39fb7fb11f7264221e139a,gemini,ekene,C,clinical,15.750997732426304,0.48,0,0,0,0,1,1,0,0,0,0,0,0
bfe3e8e78193cbd5085be65385a200f4,gemini,ijaw,A,clinical,9.598979591836734,0.15384615384615385,0,0,0,0,0,0,0,0,0,0,0,0
bfeb15fa6cda5bc99eca0dfa907afdfd,gemini,igarra,C,clinical,9.383990929705217,1.0,1,0,0,1,1,0,0,0,1,0,0,0
c0129f011c7f51034d4049452fcc1841,gemini,ibibio,B,clinical,15.578979591836736,0.17391304347826086,0,0,0,0,0,0,0,0,0,1,1,0
c08715672b66e97854b8d32304a36be0,gemini,kiswahili,B,clinical,15.862993197278907,0.16666666666666666,0,0,0,0,1,1,0,0,0,0,0,0
c0a962e9ab1e4b0165f645072d036ce7,gemini,ebira,B,clinical,5.558979591836735,0.36363636363636365,0,0,0,0,1,1,0,0,0,0,0,0
c0a9d8722ec57a9d7c0014132185a05a,gemini,hausa,A,clinical,6.0,0.3333333333333333,2,1,1,0,0,0,0,0,0,0,0,0
c18453be6b19c1812bdbeb7e32666683,gemini,hausa,A,clinical,23.62299319727891,0.35714285714285715,0,0,0,0,0,0,0,0,0,2,1,1
c1e3308cab67e506b32e54dd90442496,gemini,esan,B,clinical,11.58498866213152,0.1,0,0,0,0,0,0,0,0,0,0,0,0
c1f7f12ce0f372096b7ff58acc8a0da1,gemini,bagi,C,clinical,17.07498866213152,0.28,1,1,0,0,1,1,0,0,0,0,0,0
c2093acb790a4bbcaf0367cecfa15793,gemini,igbo,A,clinical,6.99498866213152,0.125,0,0,0,0,0,0,0,0,0,2,1,1
c24ca3c05f7a3ea93c9730277869ed87,gemini,setswana,B,clinical,15.407981859410429,0.13636363636363635,1,1,0,0,0,0,0,0,0,1,1,0
c2cc345671d456fb13daafe8657d0b7c,gemini,yoruba,A,clinical,5.0,0.5,0,0,0,0,2,2,0,0,0,0,0,0
c34acbbf1a1226d808f10333aaca4bf4,gemini,luhya,B,clinical,16.961995464852606,0.375,1,1,0,0,0,0,0,0,0,0,0,0
c361cf1ef4cfa79c13cac6ea5f92ff83,gemini,swahili,A,clinical,15.348979591836734,0.375,2,0,0,2,0,0,0,0,0,0,0,0
c43d8faa6efe9020bdd669a67ba1e988,gemini,efik,C,clinical,20.207981859410427,1.6153846153846154,2,1,1,0,3,3,0,0,0,0,0,0
c47e225f1fdd18aa59a04019c6f785d8,gemini,igbo,A,clinical,6.095986394557822,0.3333333333333333,1,1,0,0,0,0,0,0,0,0,0,0
c4e5db30026158b54bfc69f86dcc3258,gemini,ijaw,A,general,13.038979591836734,0.08333333333333333,0,0,0,0,0,0,0,0,0,1,1,0
c55c2f342f2c47bf07bc91edf2aa07db,gemini,luhya,B,clinical,9.97,0.23076923076923078,0,0,0,0,0,0,0,0,0,1,1,0
c57908e428d843a4751c1d649dde1178,gemini,kubi,C,clinical,26.02498866213152,0.1891891891891892,0,0,0,0,0,0,0,0,0,1,1,0
c6073369acecc5ec76f8510e65ef8614,gemini,zulu,B,clinical,3.8859863945578232,0.3333333333333333,0,0,0,0,0,0,0,0,0,1,1,0
c638fd27f4d7996caa3ec3583be2bb60,gemini,yoruba,A,clinical,12.211995464852608,0.08333333333333333,0,0,0,0,0,0,0,0,0,1,1,0
c68f2256b87f8a4adc634437ca9b0f0e,gemini,hausa,A,clinical,7.142993197278911,0.1875,0,0,0,0,1,1,0,0,0,0,0,0
c6e4a13479f20b955c13a901233174be,gemini,hausa,A,general,13.992993197278912,0.34782608695652173,0,0,0,0,0,0,0,0,0,2,2,0
c80332f56b08b4af535215343ffdb008,gemini,ijaw,A,clinical,4.0,0.25,0,0,0,0,0,0,0,0,0,0,0,0
c81f7d7f5506ebee6b071632c19f6a74,gemini,kiswahili,B,clinical,4.044988662131519,0.6,0,0,0,0,0,0,0,0,0,0,0,0
c8bc671bb9c88eb4ee2f3f7acf2b2d83,gemini,swahili,A,clinical,9.706984126984128,0.16666666666666666,1,1,0,0,0,0,0,0,0,0,0,0
c90270fe8da819633527fc66957c3e0e,gemini,epie,C,clinical,10.266984126984129,0.23076923076923078,0,0,0,0,2,2,0,0,0,0,0,0
c9af813320164ec2d868bb1bc7107012,gemini,twi,B,clinical,15.130997732426303,0.05714285714285714,0,0,0,0,0,0,0,0,0,0,0,0
c9b1aa14e33d19190eb01cb073e67ca5,gemini,xhosa,B,clinical,18.89698412698413,0.2777777777777778,1,1,0,0,0,0,0,0,0,0,0,0
c9e6be5a8915f5ac8ee4ff3732b8e27d,gemini,ijaw,A,clinical,13.1,0.06896551724137931,0,0,0,0,0,0,0,0,0,0,0,0
ca5a139af5252ba9ef0157f1e4b22f7e,gemini,gbagyi,C,general,12.820997732426305,0.44,0,0,0,0,1,1,0,0,0,0,0,0
cab8b585c413020c52712fa86d9487f2,gemini,kubi,C,clinical,14.596984126984127,0.47058823529411764,1,1,0,0,0,0,0,0,0,0,0,0
cbae4b87a1f5bc0e8de8a2e61063c7cc,gemini,nembe,B,clinical,6.1379818594104325,0.42857142857142855,0,0,0,0,0,0,0,0,0,0,0,0
cc47565e8d7adaaaf7309137e1c21d0c,gemini,swahili,A,clinical,9.356984126984129,0.09090909090909091,0,0,0,0,0,0,0,0,0,1,1,0
cd46e47931741d1adcb0e5ba77a8d010,gemini,ijaw,A,clinical,3.17498866213152,0.625,0,0,0,0,0,0,0,0,0,1,1,0
cdad5949ae6301810466710c9fa591b7,gemini,gbagyi,C,clinical,7.198979591836735,0.3333333333333333,1,0,0,1,1,1,0,0,0,0,0,0
ce1c6816a2d6aece987ed5c0f8fb8c67,gemini,luhya,B,clinical,12.33498866213152,0.0,0,0,0,0,0,0,0,0,0,1,1,0
ce44e5e5a82a4afd35c8538c0c3cbeee,gemini,igbo,A,clinical,12.760997732426304,0.3888888888888889,1,1,0,0,0,0,0,0,0,0,0,0
ce9a55efb983e8cf0a58ab235b03459b,gemini,english,C,clinical,23.14199546485261,0.19230769230769232,1,1,0,0,0,0,0,0,0,0,0,0
cee69f2a5332655a8e0bf4626e3c67c5,gemini,ibibio,B,clinical,10.0,0.5,2,1,0,1,0,0,0,0,0,0,0,0
cf42ee5d7ae6579d20f480a8cf8dc00f,gemini,ibibio,B,clinical,13.421995464852609,0.6470588235294118,0,0,0,0,1,1,0,0,0,0,0,0
cf605b3aaadbd365452e997fbc78122d,gemini,efik,C,clinical,7.005986394557822,1.0,1,0,0,1,1,1,0,0,0,0,0,0
cf9e560da122091075155bf203bc061b,gemini,ekene,C,clinical,27.58,0.16,2,2,0,0,1,1,0,0,0,0,0,0
cff6c42bb0e070671ce4482817dacae6,gemini,esan,B,clinical,7.4289795918367325,0.15384615384615385,0,0,0,0,0,0,0,0,0,0,0,0
cffb22f74419c3c64c0eb8234d12bdcd,gemini,afo,C,clinical,9.0,0.1875,0,0,0,0,0,0,0,0,0,1,1,0
d025ca163e46bd07f76b54c80e2d7562,gemini,luhya,B,clinical,24.85698412698413,0.25,2,2,0,0,0,0,0,0,0,0,0,0
d04a848381afea5745f98dbcbf9ee80f,gemini,isizulu,B,clinical,16.11,0.3333333333333333,0,0,0,0,0,0,0,0,0,1,1,0
d51141cb8b8c69ccbae5e69b3a85832f,gemini,swahili,A,clinical,11.951995464852608,0.23809523809523808,0,0,0,0,0,0,0,0,0,1,1,0
d53c251ca9fcee3437d49bf595de21af,gemini,brass,C,general,11.813990929705216,0.07692307692307693,1,1,0,0,0,0,0,0,0,0,0,0
d5df2d0d9bc0b327323e86a090a5afaf,gemini,ebira,B,clinical,17.368979591836734,0.3448275862068966,0,0,0,0,0,0,0,0,0,1,1,0
d64ef7571efd986614e51b3f967dc538,gemini,kiswahili,B,clinical,6.910997732426304,0.25,0,0,0,0,0,0,0,0,0,0,0,0
d82cec807957c626355a5aa710d2c1e9,gemini,ika,C,general,15.050999999999998,0.2,0,0,0,0,1,1,0,0,0,0,0,0
da96d824075f3a27194aa3105fabdb3f,gemini,yoruba,A,clinical,4.0,0.0,0,0,0,0,0,0,0,0,0,1,1,0
dca135e2059101c69a99b599fefb2e63,gemini,yoruba,A,clinical,10.706984126984128,0.4444444444444444,0,0,0,0,1,1,0,0,0,0,0,0
dce11a83cfa477b7e54bace09a6c72ab,gemini,setswana,B,clinical,9.73,0.4666666666666667,0,0,0,0,0,0,0,0,0,0,0,0
dfbf35c19cdf6a9ff063b4413c7a8ade,gemini,bajju,C,general,5.868979591836735,0.2857142857142857,0,0,0,0,0,0,0,0,0,0,0,0
e1a7ef99d4301ae5fb02a2fdb6290892,gemini,bini,C,clinical,9.992993197278912,0.2857142857142857,0,0,0,0,1,1,0,0,0,0,0,0
e1c132d095f85bfed63e72a4b98754c7,gemini,setswana,B,clinical,3.930997732426304,0.3333333333333333,0,0,0,0,0,0,0,0,0,0,0,0
e21c6a3572a320ef6fd314479996dbfe,gemini,isizulu,B,clinical,9.032,0.3333333333333333,1,1,0,0,0,0,0,0,0,0,0,0
e235ca5879e5ab635a97d0467e147d33,gemini,swahili,A,clinical,4.502993197278912,0.18181818181818182,0,0,0,0,0,0,0,0,0,1,1,0
e26375e505bd69d631d8e779d4a6c32a,gemini,tswana,B,clinical,5.706984126984128,0.2857142857142857,0,0,0,0,0,0,0,0,0,0,0,0
e32346ae5bad64b430d42948b2dd4225,gemini,ibibio,B,clinical,6.673990929705216,0.14285714285714285,0,0,0,0,0,0,0,0,0,1,1,0
e3a7d9091147bd74122b59cb6ba816cd,gemini,idoma,B,general,9.079,0.1875,0,0,0,0,0,0,0,0,0,1,1,0
e3ae499884ba5b46b1264679259e3e7e,gemini,bekwarra,C,clinical,3.2389795918367352,0.3076923076923077,0,0,0,0,0,0,0,0,0,1,1,0
e44def0e0c4fb7e4581331126b026d8a,gemini,kinyarwanda,B,clinical,6.488979591836735,0.2222222222222222,0,0,0,0,0,0,0,0,0,0,0,0
e5ce8868512511ee2359edb7581199ac,gemini,yoruba,A,general,11.206984126984128,0.2631578947368421,0,0,0,0,0,0,0,0,0,1,1,0
e8b7e1c7a72f411ccac63c301f5e2b21,gemini,itsekiri,C,clinical,6.708979591836735,0.0,0,0,0,0,1,1,0,0,0,0,0,0
e93bbe4d1f5fec38bdc67bdf4085dacf,gemini,tswana,B,clinical,4.277,0.5714285714285714,0,0,0,0,0,0,0,0,0,0,0,0
ea0178f69e36f46afc081864d2b648e0,gemini,ibibio,B,clinical,11.0,0.125,0,0,0,0,1,1,0,0,0,0,0,0
ea252ca5cac42505a2bd8a34e4c85b1f,gemini,bagi,C,clinical,5.0,0.2222222222222222,0,0,0,0,1,1,0,0,0,0,0,0
eaa66b82d267fa11b54cf412eb32aab3,gemini,idoma,B,clinical,6.0889795918367335,0.2727272727272727,0,0,0,0,1,0,1,0,0,0,0,0
ec18809717922ca38ceeb713515fbcff,gemini,sesotho,C,clinical,9.367981859410431,0.3157894736842105,1,1,0,0,0,0,0,0,0,0,0,0
ecc5561dd3b2cec2a760cee4904eb10a,gemini,agatu,C,clinical,8.347981859410433,0.4166666666666667,0,0,0,0,0,0,0,0,0,1,1,0
eda5cd7e0be3da8b39ad74b2d5c37381,gemini,igbo,A,general,16.11,0.2692307692307692,0,0,0,0,0,0,0,0,0,1,1,0
edaf4944e378023b5211a41d8ff5fbcf,gemini,sotho,C,clinical,5.100997732426304,0.14285714285714285,0,0,0,0,0,0,0,0,0,1,1,0
edcbfd194d2c3327560d151ce1fe8a79,gemini,akan,C,clinical,11.998979591836736,0.2608695652173913,0,0,0,0,0,0,0,0,0,1,1,0
ee52a0bb537315a9e13798dc8dfbd627,gemini,idoma,B,clinical,8.0,0.7777777777777778,1,0,0,1,0,0,0,0,0,0,0,0
ee9c796e757ac3a2493c10bd9d7029c5,gemini,yoruba,A,clinical,7.847981859410432,1.0,0,0,0,0,1,0,0,0,1,0,0,0
efa38753b6f1cbfc85a3645af80e5622,gemini,fulani,C,clinical,6.015986394557822,0.5,0,0,0,0,1,1,0,0,0,0,0,0
efde0eff1bca67a8c55def3095b09e12,gemini,twi,B,general,9.472,0.6666666666666666,0,0,0,0,0,0,0,0,0,2,2,0
f1c88ce543440298faaed9f743d579de,gemini,hausa,A,clinical,3.3679818594104307,0.6666666666666666,1,0,0,1,0,0,0,0,0,0,0,0
f35c3b8b14cbfe94fb29531cf31e2a3b,gemini,afo,C,general,7.2129931972789105,0.2222222222222222,0,0,0,0,0,0,0,0,0,0,0,0
f36039967f4f81776a24fa5f769152db,gemini,yoruba,A,clinical,11.31,0.1111111111111111,0,0,0,0,0,0,0,0,0,1,1,0
f3a266a1442b1ddb146734a1dd3de00f,gemini,kiswahili,B,clinical,7.538979591836735,0.2,0,0,0,0,0,0,0,0,0,0,0,0
f42411fa2e88c397f558c7be352de659,gemini,setswana,B,clinical,6.626,0.17647058823529413,0,0,0,0,0,0,0,0,0,1,1,0
f50ecd838b405b25f806c9b0805e9463,gemini,yoruba,A,clinical,3.744988662131519,0.2222222222222222,0,0,0,0,0,0,0,0,0,1,1,0
f5861fe5b8ef2ed843c5a50bbeb7789d,gemini,akan,C,general,12.378979591836734,0.44,0,0,0,0,0,0,0,0,0,1,1,0
f5cb123d9ff58506553397ea7d69d50a,gemini,etche,C,clinical,18.0,1.25,1,0,0,1,1,0,0,1,0,0,0,0
f5d36926fb98abbddd16fabda29e3a0f,gemini,hausa,A,general,5.627981859410431,0.2,0,0,0,0,0,0,0,0,0,1,1,0
f685934ebfac5fa0ea4371a3f6cf8c2f,gemini,ukwuani,C,clinical,7.866,0.5333333333333333,0,0,0,0,1,1,0,0,0,0,0,0
f7eb4020bbab9fb28abf844188cf318f,gemini,eleme,C,clinical,22.762993197278917,0.045454545454545456,2,2,0,0,1,1,0,0,0,0,0,0
f865a5b4098532da11a3e8ae5fbe9437,gemini,delta,C,general,9.34,0.4,0,0,0,0,0,0,0,0,0,1,1,0
f90956b98a371a04fb2d01be89fe11cf,gemini,yoruba,A,clinical,6.411995464852607,0.42857142857142855,0,0,0,0,0,0,0,0,0,1,0,1
f921ed1237445f75f1a9bf01f51d67b5,gemini,hausa,A,clinical,4.6189795918367365,0.2,0,0,0,0,0,0,0,0,0,1,1,0
f92f66f90ef1f17e7ee8f36bb8789a74,gemini,pidgin,B,clinical,6.160997732426304,0.2222222222222222,0,0,0,0,0,0,0,0,0,0,0,0
f9895f1dfdd8f6a5125d62fb0c48a239,gemini,idoma,B,clinical,27.398979591836728,0.10344827586206896,3,3,0,0,1,1,0,0,0,0,0,0
f9d382a85887f71391ed1baeffa37815,gemini,setswana,B,clinical,4.526984126984127,0.3333333333333333,0,0,0,0,0,0,0,0,0,0,0,0
fb226674b17933ee5365ba61f4e6f578,gemini,etche,C,clinical,12.076984126984124,0.9,0,0,0,0,2,0,0,0,2,0,0,0
fba01cb73f0d8d871f0853aa7c80967a,gemini,ijaw,A,clinical,3.340997732426304,0.5,0,0,0,0,0,0,0,0,0,0,0,0
fbb74c6452c0cd8839a84a8e8a6edeab,gemini,akan,C,clinical,13.588979591836734,0.125,2,2,0,0,0,0,0,0,0,0,0,0
fca326ffdcd8311027371f04df2374b8,gemini,nembe,B,clinical,4.71,0.3,0,0,0,0,0,0,0,0,0,0,0,0
fe691b1c80b20d7f4eefc0066d839b4e,gemini,swahili,A,general,21.153990929705216,0.14285714285714285,0,0,0,0,0,0,0,0,0,1,1,0
fee673e2873fadc73dd490534e420519,gemini,twi,B,clinical,14.442993197278913,0.8571428571428571,0,0,0,0,0,0,0,0,0,1,1,0
00a8fbb3c1ab981f953251ab74953aa7,whisper,igbo,A,clinical,3.160997732426304,0.0,0,0,0,0,1,1,0,0,0,0,0,0
00cb23d4474de886b096a4121ad06467,whisper,igbo,A,clinical,15.79498866213152,0.041666666666666664,0,0,0,0,1,1,0,0,0,0,0,0
00f29afe5b9419051ece6254c7671140,whisper,ijaw,A,clinical,4.0,0.8,1,0,0,1,0,0,0,0,0,0,0,0
01cf1c65195a5bf6cfdea2270f27d30f,whisper,isizulu,B,clinical,10.213990929705217,0.07692307692307693,1,1,0,0,0,0,0,0,0,0,0,0
0316642537208a2c38571a0598277900,whisper,izon,B,general,27.782993197278923,0.35714285714285715,0,0,0,0,1,1,0,0,0,0,0,0
034edeacea0c26990023d688762888cb,whisper,igarra,C,general,11.861,0.35,0,0,0,0,0,0,0,0,0,1,1,0
035836ee284849df9969d1dd62f025f6,whisper,luganda,B,clinical,6.33498866213152,0.07142857142857142,0,0,0,0,0,0,0,0,0,0,0,0
04a041c8c7f0c63c42e21c23b4739a33,whisper,luganda,B,clinical,3.351995464852608,0.5,0,0,0,0,0,0,0,0,0,0,0,0
06e79ca6e3f2bc5a6aefbd7be5f1f8e4,whisper,hausa,A,clinical,5.0,0.4,1,1,0,0,0,0,0,0,0,0,0,0
0700cda752bd76a9e0094aa81371a166,whisper,etsako,C,clinical,4.398979591836736,0.8333333333333334,2,2,0,0,1,0,0,0,1,0,0,0
0781b542e2bb0461fb14d4e1880ba8a7,whisper,obolo,C,clinical,11.061995464852608,0.22727272727272727,1,0,0,1,0,0,0,0,0,0,0,0
08048da2f122e9696d96fe84b6c63d13,whisper,esan,B,general,7.022993197278912,0.14285714285714285,0,0,0,0,0,0,0,0,0,0,0,0
084115ff20f2b83589318b1d443d51d2,whisper,igala,B,clinical,6.0,0.4444444444444444,0,0,0,0,0,0,0,0,0,0,0,0
0a4896f3691a43baeda611176e154eb2,whisper,ika,C,clinical,3.5219954648526075,0.6,0,0,0,0,0,0,0,0,0,1,1,0
0b1afb3f06809ee1a41f4ea19450dfd0,whisper,ibani,C,general,11.212,0.2692307692307692,0,0,0,0,0,0,0,0,0,1,1,0
0b698a4e9ec659918686f249a1428360,whisper,luganda,B,clinical,6.818979591836735,0.5555555555555556,0,0,0,0,0,0,0,0,0,0,0,0
0bc62a7632b777c66f67cc78b1b032db,whisper,swahili,A,clinical,7.602993197278912,0.8,0,0,0,0,1,1,0,0,0,0,0,0
0ce35af951a7a044a001403b6cd2bb60,whisper,urhobo,B,clinical,8.0,0.0,0,0,0,0,0,0,0,0,0,1,1,0
0e3380e30506ef3de8547f5a1851253f,whisper,igbo,A,general,15.653990929705214,0.4166666666666667,0,0,0,0,0,0,0,0,0,1,1,0
0e810af15dbe05ac2ab931927497b9e3,whisper,bajju,C,clinical,9.328979591836736,0.1875,0,0,0,0,0,0,0,0,0,1,1,0
0f3414fc7708ee92f8405d95f47cd43b,whisper,esan,B,clinical,9.195,0.21428571428571427,0,0,0,0,0,0,0,0,0,0,0,0
0ff27a131661532578989ce2bd77d3ac,whisper,xhosa,B,clinical,24.56498866213152,0.23333333333333334,0,0,0,0,0,0,0,0,0,0,0,0
101ba9085997bf5916102caf0e5751d5,whisper,zulu,B,general,5.8,0.7272727272727273,0,0,0,0,0,0,0,0,0,1,1,0
10d8ca94d220675578dbbe3e9fb05ce7,whisper,zulu,B,clinical,12.122993197278912,0.07692307692307693,1,0,0,1,0,0,0,0,0,0,0,0
11caa8fa466d48bcc966b305b18a3141,whisper,ogoni,C,clinical,8.536984126984128,0.23076923076923078,1,0,0,1,0,0,0,0,0,0,0,0
121b405d54487b5f413f30decd198810,whisper,berom,C,general,19.553,0.10344827586206896,0,0,0,0,1,1,0,0,0,0,0,0
12dd3ba4bdf61b4f70c93251d1aa6628,whisper,igala,B,clinical,4.093990929705217,0.0,0,0,0,0,0,0,0,0,0,0,0,0
131f719fec149dda7cc514e849b65fde,whisper,swahili,A,general,8.627981859410431,0.23809523809523808,0,0,0,0,0,0,0,0,0,1,1,0
146112e1981f61c27d28910341447898,whisper,afo,C,clinical,7.252993197278912,0.16666666666666666,1,1,0,0,0,0,0,0,0,0,0,0
154a06c87d686d87171f295a4ce593bc,whisper,izon,B,general,16.666984126984126,0.15384615384615385,0,0,0,0,0,0,0,0,0,1,1,0
155360ba5e8ba376e5850862d4a16924,whisper,ijaw,A,clinical,10.0,0.46153846153846156,0,0,0,0,0,0,0,0,0,0,0,0
15580a2ba80250f178624f53536ab40a,whisper,ekpeye,C,general,16.270997732426302,0.5217391304347826,0,0,0,0,0,0,0,0,0,2,2,0
1564dbff30c4f41d2705b6eab54f261b,whisper,ibani,C,clinical,4.650997732426304,0.0,0,0,0,0,1,1,0,0,0,0,0,0
15f37c2dc167e18e93e0e701c5dea67b,whisper,anaang,C,clinical,7.0,0.25,2,2,0,0,1,1,0,0,0,0,0,0
1601ea287f90336cc2f535549589024a,whisper,bini,C,clinical,3.4979818594104315,0.0,0,0,0,0,1,1,0,0,0,0,0,0
16c2e642a0c9b3dc37e4b944aeeb2de0,whisper,angas,C,clinical,9.707981859410433,0.16666666666666666,0,0,0,0,1,1,0,0,0,0,0,0
1767f075d626c92ebed30b6288ab2ab7,whisper,swahili,A,clinical,12.618979591836734,0.125,0,0,0,0,0,0,0,0,0,1,1,0
179596c3ae11859ebda92d8ca8c757d5,whisper,igbo,A,clinical,7.58,0.5,0,0,0,0,1,1,0,0,0,0,0,0
18145e1d8eb5f33f3d0ddd3f91352f5f,whisper,luganda,B,clinical,8.545986394557824,0.041666666666666664,0,0,0,0,0,0,0,0,0,1,1,0
18361ec4ecc20db368a75ee828e415cc,whisper,jaba,C,clinical,11.24,0.6875,1,1,0,0,0,0,0,0,0,0,0,0
1a2f61401501f9f0447e63524344eb1d,whisper,oklo,C,clinical,18.153990929705216,0.06896551724137931,0,0,0,0,1,1,0,0,0,0,0,0
1a51f3b98694022da2937b78dcceac59,whisper,ijaw,A,clinical,7.436984126984128,0.32,0,0,0,0,0,0,0,0,0,0,0,0
1a881d0101672f6596645a1b5ac0f29b,whisper,tswana,B,clinical,8.848979591836734,0.36363636363636365,0,0,0,0,0,0,0,0,0,0,0,0
1a91bdf81acf149c03a3c48254cc5273,whisper,luhya,B,clinical,15.762993197278911,1.1428571428571428,1,0,0,1,0,0,0,0,0,1,0,1
1ab41137caf537cf2d196c3914d95b48,whisper,isizulu,B,clinical,13.070997732426305,0.3,1,1,0,0,0,0,0,0,0,0,0,0
1c71e30de1f98989413636726f093c05,whisper,xhosa,B,general,16.863990929705214,0.15151515151515152,0,0,0,0,0,0,0,0,0,1,1,0
1ca8b542d191644cbd70ad4b136fa4ba,whisper,igala,B,clinical,3.743990929705216,0.1111111111111111,0,0,0,0,0,0,0,0,0,1,1,0
1dda8dca0b084c03fc5ea2a901de6043,whisper,igbo,A,clinical,27.0,0.24242424242424243,0,0,0,0,3,1,0,0,2,0,0,0
1e1f4d7a25294e5853a6c798329b69b9,whisper,swahili,A,general,9.162993197278912,0.30434782608695654,0,0,0,0,0,0,0,0,0,1,0,1
1e7230cd634da25dd5ab1f72ad1bde18,whisper,xhosa,B,clinical,19.89897959183673,0.3125,0,0,0,0,0,0,0,0,0,2,2,0
1ed939ce62c5672b88f5e3810e0c1757,whisper,gbagyi,C,clinical,24.0,0.16666666666666666,0,0,0,0,1,1,0,0,0,0,0,0
1efa1d7cf13f33924ba9fdac9e291aa6,whisper,ngas,C,clinical,5.590997732426303,0.4,0,0,0,0,0,0,0,0,0,0,0,0
20523bffa88b473a5842269b698df45f,whisper,ijaw,A,general,4.881,0.0,0,0,0,0,0,0,0,0,0,1,1,0
20d0b5e49fb27db230bccda1d2c38946,whisper,delta,C,clinical,14.202993197278907,0.4,0,0,0,0,1,0,0,0,1,0,0,0
20fdceadef3a23b47cd9a253b156d2d8,whisper,fulani,C,general,17.60698412698413,0.2571428571428571,0,0,0,0,0,0,0,0,0,1,1,0
21db7f42514ac22490b63d6887cba22f,whisper,isizulu,B,clinical,5.9289795918367325,0.42857142857142855,1,1,0,0,0,0,0,0,0,0,0,0
21dcea0a9c98e415d126fa38c3e09e72,whisper,swahili,A,clinical,16.56798185941043,0.2857142857142857,1,0,0,1,0,0,0,0,0,0,0,0
22347a0c96066c23a0b4037028963e8c,whisper,kinyarwanda,B,clinical,10.690997732426307,0.4375,1,0,0,1,0,0,0,0,0,0,0,0
225a3473f8acdee624166c0a4024d862,whisper,urhobo,B,general,20.21,0.5416666666666666,0,0,0,0,0,0,0,0,0,2,2,0
233b65fe511818e326eff9bffdc2bf6f,whisper,hausa,A,clinical,5.648979591836735,0.3333333333333333,0,0,0,0,1,0,0,0,1,0,0,0
23af1c6428d96f4537acf845c51b9085,whisper,ijaw,A,clinical,5.330997732426304,1.0,0,0,0,0,0,0,0,0,0,0,0,0
24e4da52fc2d6869251f9c9de581409c,whisper,ekpeye,C,clinical,23.05,0.5,0,0,0,0,2,2,0,0,0,0,0,0
2506c71ecd6600407bd2621dd3398bde,whisper,ijaw,A,clinical,3.0,0.0,0,0,0,0,0,0,0,0,0,1,1,0
25735aa40f226325a3c0d19bfb711d78,whisper,ebira,B,clinical,12.830997732426304,0.047619047619047616,0,0,0,0,0,0,0,0,0,0,0,0
259ef25570bd0721f0c949aefaf69437,whisper,bekwarra,C,clinical,3.2910000000000004,0.5,0,0,0,0,0,0,0,0,0,0,0,0
25dead43f9b4f15ff2360caf740a560c,whisper,yoruba,A,clinical,10.0,0.9,0,0,0,0,2,2,0,0,0,0,0,0
25e6f14ac3404b1e020eb1279816f8f0,whisper,hausa,A,clinical,3.226984126984127,0.2,0,0,0,0,0,0,0,0,0,1,1,0
2642efa06e8a4c32bc730201ae6b8110,whisper,xhosa,B,clinical,10.437981859410431,0.6153846153846154,1,0,0,1,0,0,0,0,0,0,0,0
26ca556c583cb56cb91e2549ee5b1899,whisper,esan,B,clinical,7.546984126984127,0.2,0,0,0,0,0,0,0,0,0,0,0,0
2724a2c5e5300779ab3ada65f742cd32,whisper,kanuri,C,clinical,18.96199546485261,0.2222222222222222,0,0,0,0,1,1,0,0,0,0,0,0
27984ad90703cedf54d2c84bfc6e1a3c,whisper,hausa,A,clinical,11.0,0.6190476190476191,0,0,0,0,1,0,0,0,1,0,0,0
27a69c2d378ad815e50f2c5f1c8681c4,whisper,hausa,A,general,11.496984126984124,0.16666666666666666,0,0,0,0,0,0,0,0,0,1,1,0
2851fe0a1b43c3baae5bdfdf81096810,whisper,isizulu,B,general,7.33,0.2857142857142857,0,0,0,0,0,0,0,0,0,1,1,0
28a0e7c3607b7125515e431edc797640,whisper,ebira,B,general,13.531995464852605,0.09090909090909091,0,0,0,0,1,1,0,0,0,0,0,0
294291ec62b0f0bf47d94dcedd2546ec,whisper,isixhosa,C,clinical,10.070997732426305,0.125,0,0,0,0,0,0,0,0,0,1,1,0
2a2db36f700c4b370d82f111f4e23096,whisper,etsako,C,clinical,16.0,0.08333333333333333,4,3,1,0,1,1,0,0,0,0,0,0
2b1b9ae7cd7fe6f78a8d421c292ec1f9,whisper,swahili,A,clinical,13.748979591836736,0.11428571428571428,0,0,0,0,0,0,0,0,0,1,1,0
2b38ff9e6cc429930096779e6805e2fc,whisper,english,C,clinical,4.17,0.2222222222222222,0,0,0,0,0,0,0,0,0,1,1,0
2b9e0870d44858a2bdf2d9c5c56f1bcc,whisper,luhya,B,clinical,11.74,0.2857142857142857,0,0,0,0,1,1,0,0,0,0,0,0
2c417f9512707188cc0f0aba9d9a80ef,whisper,mada,C,clinical,19.518979591836725,0.36363636363636365,2,0,0,2,1,1,0,0,0,0,0,0
2c426ab072756f14159874cb727c3d75,whisper,epie,C,clinical,7.688979591836735,0.47368421052631576,1,1,0,0,0,0,0,0,0,0,0,0
2cb670d452cc50d146a3510276df791a,whisper,swahili,A,clinical,13.953990929705215,0.0,5,5,0,0,0,0,0,0,0,0,0,0
2d08b60a5b597f41bb0a98352a8ffd77,whisper,kanuri,C,clinical,18.316984126984128,0.1111111111111111,2,2,0,0,1,1,0,0,0,0,0,0
2e75f34dd0eb98b8bcc2294340dec033,whisper,swahili,A,clinical,16.196984126984127,0.0,0,0,0,0,0,0,0,0,0,2,2,0
2eaf4bbff8454dc9f957c29a33be26e5,whisper,eleme,C,clinical,16.48,0.5,0,0,0,0,1,1,0,0,0,0,0,0
2eed62adea9bb14af1995a7556a5d67b,whisper,yoruba,A,clinical,4.0,0.0,0,0,0,0,0,0,0,0,0,1,1,0
2f11308426efe80f4c4a23795b245383,whisper,swahili,A,clinical,5.12498866213152,0.36363636363636365,0,0,0,0,0,0,0,0,0,1,1,0
2f799aea50510fb1c1ed7d9fbca7b165,whisper,isizulu,B,clinical,14.11498866213152,0.1111111111111111,2,2,0,0,0,0,0,0,0,0,0,0
314a2b2e71c7ca951b543fd65d4dbe57,whisper,pidgin,B,clinical,8.584988662131519,0.21428571428571427,0,0,0,0,0,0,0,0,0,0,0,0
320840b5470cf91679cb154ecddc4d86,whisper,hausa,A,clinical,15.0,0.3125,0,0,0,0,1,1,0,0,0,0,0,0
3460e423c9c3b90911acf68bc70d3723,whisper,hausa,A,general,10.65498866213152,0.08333333333333333,0,0,0,0,0,0,0,0,0,1,1,0
34d37026e4e37ae05622a784be342ac9,whisper,ekene,C,general,4.745986394557823,0.21428571428571427,0,0,0,0,0,0,0,0,0,0,0,0
36c14ff38c73d6ebc90db41430b058d1,whisper,igbo,A,clinical,7.592993197278911,0.18181818181818182,0,0,0,0,0,0,0,0,0,1,0,1
3877fbcf10c4b36fec186c1dcf7316bf,whisper,brass,C,clinical,28.406984126984128,0.03225806451612903,0,0,0,0,0,0,0,0,0,1,1,0
395ab42d7aadfe6bc43ec3db82cc4e69,whisper,urhobo,B,clinical,16.608979591836732,0.1875,0,0,0,0,0,0,0,0,0,0,0,0
395b59676aa6355fae06bacef67fc140,whisper,khana,C,clinical,16.0,0.8421052631578947,0,0,0,0,1,1,0,0,0,0,0,0
399eeb18cb0fb018270ccd9ea1861256,whisper,swahili,A,clinical,16.820997732426306,0.07692307692307693,0,0,0,0,0,0,0,0,0,1,1,0
39bf3e3ee7075614072deb7a5280ab60,whisper,igbo,A,clinical,7.531995464852607,1.1666666666666667,0,0,0,0,0,0,0,0,0,1,1,0
39f4f92aa0052fef3571ca150c2a3722,whisper,kinyarwanda,B,clinical,12.308979591836732,0.0,0,0,0,0,0,0,0,0,0,1,1,0
3ac068335822c731d143a71b517e63fc,whisper,isizulu,B,general,11.256984126984127,0.2631578947368421,0,0,0,0,0,0,0,0,0,1,1,0
3aec03bca0a2a5e03e719c2075b5ac18,whisper,swahili,A,clinical,6.642993197278911,0.125,0,0,0,0,0,0,0,0,0,1,1,0
3b09d44d3e3adce79a0fb0cfe57e793e,whisper,yoruba,A,general,15.579,0.21212121212121213,1,1,0,0,0,0,0,0,0,1,1,0
3c5572142e8029ffb07a9bbe17542aed,whisper,khana,C,clinical,10.330997732426304,0.42857142857142855,1,0,0,1,0,0,0,0,0,0,0,0
3dfd04ecb574ea226cdc07a88e9b43d7,whisper,igbo,A,clinical,5.486984126984127,0.42857142857142855,2,2,0,0,1,1,0,0,0,0,0,0
3e15362de5160160b9b6dc4a1b7b5173,whisper,idah,C,clinical,7.586984126984127,0.8181818181818182,0,0,0,0,1,1,0,0,0,0,0,0
3fd85b94085df416782fb04d0f9da75a,whisper,kinyarwanda,B,clinical,12.820997732426305,0.5714285714285714,1,0,0,1,0,0,0,0,0,0,0,0
41300eae9d89c276e32cfe52726db57c,whisper,kikuyu,C,clinical,18.035986394557824,0.3157894736842105,0,0,0,0,0,0,0,0,0,1,1,0
417626ea1dc287624ae2085b5e8b80c5,whisper,ijaw,A,general,5.825986394557821,0.5555555555555556,0,0,0,0,0,0,0,0,0,1,1,0
425756185ac6e34dd2742f59bc7381f8,whisper,hausa,A,clinical,10.061995464852608,0.1111111111111111,1,1,0,0,0,0,0,0,0,0,0,0
439ba5f71d1d55733b83ceb7d3eba324,whisper,swahili,A,clinical,8.072993197278912,0.1111111111111111,0,0,0,0,0,0,0,0,0,1,1,0
442ab52663499c4f3917c4842f9c2216,whisper,ijaw,A,clinical,6.126984126984127,0.9230769230769231,0,0,0,0,0,0,0,0,0,0,0,0
4452636b3e56b08faeac1310ed0afb45,whisper,twi,B,clinical,10.880997732426303,0.17647058823529413,1,1,0,0,0,0,0,0,0,0,0,0
44fce3c7ec19dff506083c8a906750a3,whisper,ijaw,A,clinical,22.260997732426304,0.36,1,0,0,1,1,1,0,0,0,0,0,0
4524d44d0b4b586ba5f80bab94a36374,whisper,estako,C,clinical,7.1629931972789125,0.8333333333333334,1,0,0,1,1,1,0,0,0,0,0,0
47336a19e6de775ce619938a93f921e7,whisper,yoruba,A,clinical,11.292993197278912,0.3684210526315789,0,0,0,0,0,0,0,0,0,1,1,0
47563df782e059f397a062dc9c49dedc,whisper,ebira,B,clinical,10.338979591836734,0.5238095238095238,1,1,0,0,2,2,0,0,0,0,0,0
48806c3ddbaa78bf3c285dcf74f01dec,whisper,yoruba,A,general,8.745,0.041666666666666664,0,0,0,0,0,0,0,0,0,2,2,0
49361322979184b1e0b395c76128bed1,whisper,igbo,A,clinical,13.388979591836732,0.08,1,1,0,0,0,0,0,0,0,0,0,0
4cb9d90085141545a0df8933010b0ff1,whisper,pidgin,B,general,10.16798185941043,0.13043478260869565,0,0,0,0,0,0,0,0,0,1,1,0
4dd5b78a61fa2551f8ec92ce5c9c0de6,whisper,kiswahili,B,clinical,10.323990929705216,1.0,0,0,0,0,0,0,0,0,0,1,0,1
4e3b6e2d9fcb97c87a269b1e0747e762,whisper,swahili,A,general,7.67,1.0,0,0,0,0,2,0,0,0,2,0,0,0
4fa2a11c05bee4cf37121c3977dfe56d,whisper,alago,C,general,14.102993197278913,0.22727272727272727,0,0,0,0,0,0,0,0,0,1,1,0
4fece74d74539de7b4257aa93e5a0f18,whisper,yoruba,A,clinical,9.123990929705217,0.15,0,0,0,0,0,0,0,0,0,1,1,0
50dda38735c07990362d85bde0133f84,whisper,ikulu,C,clinical,4.0,0.6666666666666666,2,2,0,0,1,1,0,0,0,0,0,0
50fa7685106848e05f28bd76763ee89d,whisper,yoruba,A,clinical,3.505986394557824,0.5555555555555556,0,0,0,0,0,0,0,0,0,1,1,0
52335d4132fe4d672c852becea14a77f,whisper,edo,C,general,13.382993197278912,0.2,0,0,0,0,0,0,0,0,0,2,2,0
52ad387abe4206177fecb12004fc81c5,whisper,pidgin,B,clinical,6.537981859410431,0.0,0,0,0,0,1,1,0,0,0,0,0,0
5319903aa7a09544e5f7a2346abe9542,whisper,xhosa,B,clinical,4.2589795918367335,0.25,0,0,0,0,0,0,0,0,0,0,0,0
532a2c6223d6cf5a2eef3a35acc106ee,whisper,yoruba,A,clinical,4.867981859410431,0.18181818181818182,0,0,0,0,1,1,0,0,0,1,1,0
5356ac8c588f99c3e1616d39ae13eae0,whisper,ogbia,C,clinical,4.0,0.3,0,0,0,0,0,0,0,0,0,1,1,0
55b4d1d5f1a75607db12f6b7710f5fea,whisper,ijaw,A,clinical,4.940997732426304,0.25,0,0,0,0,0,0,0,0,0,0,0,0
569b4a3a00c81fbfef713bb2cf298288,whisper,delta,C,clinical,16.14,0.09375,0,0,0,0,0,0,0,0,0,1,1,0
5726844dc6ed872cbd29dced93713dd1,whisper,igbo,A,clinical,3.796984126984128,0.6,0,0,0,0,1,1,0,0,0,0,0,0
574564fbb39afb8f4bfe475ca1209e9b,whisper,twi,B,clinical,4.754988662131519,0.5,1,1,0,0,0,0,0,0,0,0,0,0
58fb549d14b07c3aae8b252439917dce,whisper,idoma,B,clinical,5.445986394557823,0.5714285714285714,0,0,0,0,1,0,0,0,1,0,0,0
59d081768f7130a72f303349f532e0b1,whisper,hausa,A,clinical,17.65498866213152,0.14705882352941177,1,1,0,0,1,1,0,0,0,0,0,0
5a34597c9b5e97c136c6b15e1f47350b,whisper,luganda,B,clinical,3.173990929705216,0.75,0,0,0,0,0,0,0,0,0,1,1,0
5b5cea61187384389906b36683ffa428,whisper,zulu,B,clinical,12.106984126984129,0.6470588235294118,1,0,0,1,0,0,0,0,0,0,0,0
5bf75ed75f6edd7aa81465d27761f147,whisper,kinyarwanda,B,clinical,20.275,0.3548387096774194,0,0,0,0,0,0,0,0,0,2,2,0
5c849a9f8db80ed6b81b57ba3d55e07e,whisper,xhosa,B,clinical,7.581995464852607,0.375,0,0,0,0,0,0,0,0,0,0,0,0
5dce81d882d87594aaa93edfd369a364,whisper,swahili,A,clinical,3.5869841269841274,0.0,0,0,0,0,0,0,0,0,0,1,1,0
5ec5dbfeea5ef5e77ff6cf07c73a49df,whisper,ijaw,A,general,7.1379818594104325,0.0,0,0,0,0,0,0,0,0,0,1,1,0
5edf769b6919fac4f5f4ade730fd1bb6,whisper,ishan,C,clinical,4.0,0.125,0,0,0,0,1,1,0,0,0,0,0,0
5f123125342c9260ae61b6afc746c116,whisper,isizulu,B,clinical,9.402993197278912,0.21428571428571427,1,1,0,0,0,0,0,0,0,0,0,0
5f6166b9974aacf66ecec0d39f992fd9,whisper,bekwarra,C,general,8.940997732426307,0.22727272727272727,1,1,0,0,0,0,0,0,0,0,0,0
5f64f9fc4a594adc778f0a2700d116e6,whisper,yoruba,A,clinical,17.11498866213152,0.0625,1,1,0,0,1,1,0,0,0,0,0,0
638d52a920b7ec4ac12b7b6d46746ea7,whisper,ibani,C,clinical,4.877981859410431,0.2222222222222222,0,0,0,0,0,0,0,0,0,1,1,0
63a2e9a375b665c32e1a176423c8fbdd,whisper,yoruba,A,clinical,7.350997732426304,0.5333333333333333,1,1,0,0,0,0,0,0,0,1,1,0
63bd1f04d01007bf1a829bf3a0248cf9,whisper,ijaw,A,clinical,6.314988662131518,0.7272727272727273,0,0,0,0,0,0,0,0,0,0,0,0
63bd3c234d1d89a65ce8563f55787ac8,whisper,swahili,A,clinical,4.138979591836734,0.14285714285714285,0,0,0,0,0,0,0,0,0,1,1,0
63c979f2f450a7598ab6d706308c5e72,whisper,luhya,B,general,14.34,0.2631578947368421,0,0,0,0,0,0,0,0,0,1,1,0
660a4f125c61654b1ccc5df0cdd955bd,whisper,yoruba,A,clinical,10.613990929705215,0.3333333333333333,0,0,0,0,0,0,0,0,0,1,1,0
66b5e37d3c6fb622de9b645a11e45b87,whisper,luganda,B,clinical,9.0,0.0,0,0,0,0,0,0,0,0,0,1,1,0
66c7d017a7af1535c058dcb212c785fd,whisper,zulu,B,clinical,11.388979591836732,0.13333333333333333,1,1,0,0,0,0,0,0,0,0,0,0
681828fe9911e1c031e3a1023f5cba16,whisper,igbo,A,clinical,15.0,0.08,2,2,0,0,1,1,0,0,0,0,0,0
68d7b378f686a4ea235df042be92df7c,whisper,yoruba,A,clinical,10.105986394557824,0.875,0,0,0,0,1,0,0,0,1,0,0,0
690e5686be737d2bbc1ef25ff48022e5,whisper,urhobo,B,clinical,18.18,0.09090909090909091,0,0,0,0,1,1,0,0,0,0,0,0
6934807f8bcbf16699578867c7a078e3,whisper,ijaw,A,clinical,3.132993197278912,0.3,0,0,0,0,0,0,0,0,0,0,0,0
695771856cc6a19aadcc9c02daeb816b,whisper,estako,C,clinical,21.156984126984128,0.07407407407407407,2,2,0,0,2,2,0,0,0,0,0,0
69b6cd5f741af0799aed46db39c2b3ce,whisper,jukun,C,clinical,3.9049886621315193,0.25,0,0,0,0,0,0,0,0,0,0,0,0
6afed7fe39a177c3d510b925d8267a94,whisper,swahili,A,general,12.713990929705217,0.7272727272727273,2,0,0,2,0,0,0,0,0,0,0,0
6b04e26e9a6a0c78b1b053f3bc86534e,whisper,ijaw,A,clinical,4.593990929705216,0.4444444444444444,0,0,0,0,0,0,0,0,0,1,1,0
6b06a665f4acd27ba438a1e8410936ab,whisper,igbo,A,general,13.686984126984129,0.20689655172413793,0,0,0,0,0,0,0,0,0,1,1,0
6b1ac9fd68036319be02c4d34443986a,whisper,ngas,C,clinical,7.603990929705215,0.2,0,0,0,0,0,0,0,0,0,0,0,0
6b5cffdaf93ef9014d308fa283eb3d10,whisper,ibibio,B,general,11.521,0.45,0,0,0,0,0,0,0,0,0,1,1,0
6b651083464881a4c3cad2643975b853,whisper,kinyarwanda,B,clinical,14.020997732426304,0.2,0,0,0,0,0,0,0,0,0,1,1,0
6b6bd6a9b36dbd20ca8ba0b48a0e83c0,whisper,igbo,A,clinical,15.0,0.5,1,0,0,1,1,1,0,0,0,0,0,0
6beb2687f186291440c994f823236222,whisper,igbo,A,clinical,7.561995464852607,0.0,0,0,0,0,0,0,0,0,0,1,1,0
6d8bcf78963a218d83e6514022c3bfbd,whisper,nembe,B,clinical,6.014988662131518,1.0,0,0,0,0,0,0,0,0,0,0,0,0
6df3ac41f44b547ed01c14cca6e07142,whisper,kinyarwanda,B,clinical,11.108979591836734,0.4117647058823529,1,1,0,0,0,0,0,0,0,0,0,0
6dfb3c7d7c44a0fa82fd35cf7b94e239,whisper,pidgin,B,clinical,12.152,0.18518518518518517,0,0,0,0,0,0,0,0,0,1,1,0
6f4df41f65cb3bc1a951f0277c7b80f2,whisper,angas,C,clinical,10.13,0.0,0,0,0,0,0,0,0,0,0,1,1,0
718546c938f593549d7ffd1649434328,whisper,tswana,B,clinical,24.14299319727891,0.20833333333333334,0,0,0,0,0,0,0,0,0,0,0,0
71a02c51cf938a571f90748316897775,whisper,pidgin,B,clinical,4.703990929705215,0.3333333333333333,0,0,0,0,0,0,0,0,0,1,1,0
723a3ec3156f72ef6828899f45206964,whisper,swahili,A,clinical,5.850997732426304,0.2222222222222222,0,0,0,0,0,0,0,0,0,1,1,0
725b8d8321a1685407b896624a741d82,whisper,urhobo,B,clinical,8.87498866213152,0.4,0,0,0,0,0,0,0,0,0,0,0,0
740097459dffea7514558527c4f0bec7,whisper,jukun,C,clinical,11.84,0.125,0,0,0,0,0,0,0,0,0,0,0,0
741c693e00ab4b2bd2fc3bc6ab3e8012,whisper,igala,B,clinical,8.340997732426304,0.42857142857142855,0,0,0,0,0,0,0,0,0,0,0,0
75b69526057d0cd656a09edae54921a7,whisper,twi,B,clinical,8.818979591836733,0.18181818181818182,0,0,0,0,0,0,0,0,0,0,0,0
795fbbcc55dad655ff683752f4b1030c,whisper,brass,C,clinical,6.696984126984128,1.9090909090909092,0,0,0,0,1,0,0,0,1,0,0,0
796f61c973ea9e398d6e61d525aa5995,whisper,eggon,C,general,9.66498866213152,0.17647058823529413,0,0,0,0,0,0,0,0,0,1,1,0
79fc4fcd5b516d1eb53d23875b4af44a,whisper,kalabari,C,clinical,23.0,0.05,1,1,0,0,0,0,0,0,0,2,2,0
7abb65293b6eb423ce5ca2b5a9f238f2,whisper,igbo,A,general,20.133990929705213,0.10344827586206896,0,0,0,0,0,0,0,0,0,1,1,0
7ac2b7f21b9550f6de49f8047e0c0e19,whisper,luo,C,clinical,17.048979591836734,0.25,2,1,1,0,0,0,0,0,0,0,0,0
7ad13a1008d4186fe4da2865ae07757c,whisper,ebiobo,C,clinical,9.525986394557822,0.2222222222222222,0,0,0,0,0,0,0,0,0,0,0,0
7af04897c7229728b4ee63de71d1b373,whisper,kiswahili,B,clinical,6.488979591836735,0.15384615384615385,1,1,0,0,0,0,0,0,0,0,0,0
7c5f40347f781ccf22c7db328f23df70,whisper,ibibio,B,general,8.343,0.15,0,0,0,0,0,0,0,0,0,1,1,0
7ecb769ffb1875b51a824aec75d2f79c,whisper,kinyarwanda,B,general,8.618979591836736,0.125,0,0,0,0,0,0,0,0,0,1,1,0
80229e0e60981f9013a0046669edd32a,whisper,berom,C,clinical,15.46,0.3448275862068966,0,0,0,0,0,0,0,0,0,1,1,0
8132758125fa0e3156821052a383f9ef,whisper,hausa,A,clinical,9.738979591836737,0.925,2,0,0,2,5,0,0,0,5,0,0,0
813cbfeecdbdffe46ec94b654e54df4a,whisper,igbo,A,clinical,16.81299319727891,0.14814814814814814,0,0,0,0,0,0,0,0,0,1,1,0
81734eaf48d8000675f3f458b2ae298b,whisper,eggon,C,clinical,4.697981859410431,1.0,0,0,0,0,1,1,0,0,0,0,0,0
81801908431abd57e0f026230d6c8459,whisper,igala,B,general,15.300997732426303,0.6923076923076923,0,0,0,0,0,0,0,0,0,0,0,0
81cd00461db37fd41edd15076468d9c2,whisper,twi,B,clinical,6.1779818594104325,0.18181818181818182,0,0,0,0,0,0,0,0,0,1,1,0
81d460da9e2df1462d19d603f0e57a15,whisper,luo,C,clinical,8.648979591836735,0.25,0,0,0,0,0,0,0,0,0,1,1,0
824c7c4c945e6189c231341493d25e5d,whisper,sepedi,C,clinical,10.90498866213152,0.5882352941176471,1,0,0,1,0,0,0,0,0,0,0,0
82faa4bc24f3ce811e8e07503edfbebb,whisper,yoruba,A,clinical,21.54698412698413,0.375,0,0,0,0,0,0,0,0,0,2,2,0
834197895f5298110f61cfbba51ae350,whisper,bajju,C,clinical,16.160997732426306,0.0967741935483871,0,0,0,0,2,2,0,0,0,0,0,0
8367b56fc0d340cd7238c649b78d37de,whisper,tswana,B,clinical,5.083990929705215,0.1,0,0,0,0,0,0,0,0,0,0,0,0
83712a6a1289c7dd746f2b3d7689f8ce,whisper,nembe,B,general,8.375986394557824,0.26666666666666666,0,0,0,0,0,0,0,0,0,0,0,0
83828cab9a761f48fafe9f38ecfa6554,whisper,english,C,general,24.68199546485261,0.2608695652173913,0,0,0,0,0,0,0,0,0,2,2,0
83a7819ff8d4e56d1cb5c58d5ea14a28,whisper,igbo,A,clinical,10.050997732426303,0.2777777777777778,0,0,0,0,0,0,0,0,0,2,2,0
848d8e540d19383c326cbc913d0f1c0b,whisper,ijaw,A,clinical,6.738979591836735,0.0,0,0,0,0,0,0,0,0,0,1,1,0
867e4b92a79ab543ec87ea8de579525a,whisper,ebira,B,clinical,25.43897959183673,0.3783783783783784,0,0,0,0,2,2,0,0,0,0,0,0
868cbb2849424d087eb7b0b2dd76e3c6,whisper,bassa,C,clinical,18.500997732426303,0.037037037037037035,4,4,0,0,2,1,1,0,0,0,0,0
868ed2786d8b2dedffe5b5358c2c529d,whisper,agatu,C,clinical,8.0,0.8571428571428571,0,0,0,0,1,0,0,0,1,0,0,0
875b9f741ca6fe9ce531dae23c363556,whisper,igbo,A,clinical,3.394,0.6666666666666666,0,0,0,0,0,0,0,0,0,1,1,0
8869f1eeb5bc976ec0121bbfb7e71228,whisper,igarra,C,clinical,17.153990929705216,0.1875,0,0,0,0,1,1,0,0,0,0,0,0
88ced2ecd0c03497c15314839b452bdc,whisper,anaang,C,clinical,8.362993197278909,0.23076923076923078,0,0,0,0,0,0,0,0,0,1,1,0
88fff98f24f6cf178ac806f158823ebb,whisper,swahili,A,clinical,7.930997732426302,0.2222222222222222,0,0,0,0,1,1,0,0,0,0,0,0
89329d8ccf699d749378e316d5da474d,whisper,luganda,B,general,5.772993197278912,1.0,0,0,0,0,0,0,0,0,0,1,0,1
8976dc7ac0cf57b7d29b4c988b7f1253,whisper,benin,C,general,17.646984126984123,0.9,0,0,0,0,0,0,0,0,0,0,0,0
8a9cea52e9b59a3a21705dc3c2885d04,whisper,nyandang,C,clinical,16.0,0.7333333333333333,0,0,0,0,1,0,0,0,1,0,0,0
8b05bff172782a130ebf50e8aeba14a8,whisper,hausa,A,clinical,13.126984126984128,0.043478260869565216,1,1,0,0,0,0,0,0,0,0,0,0
8cb3809701786ccfebe73b788fdbf219,whisper,setswana,B,general,14.48498866213152,0.18181818181818182,2,1,1,0,0,0,0,0,0,0,0,0
8d34da67104c808c64ab42eb49a251aa,whisper,hausa,A,clinical,20.35498866213152,0.125,0,0,0,0,1,1,0,0,0,0,0,0
8dca912479bc6176b1434eaf497653e5,whisper,zulu,B,clinical,12.791995464852608,0.2608695652173913,0,0,0,0,1,1,0,0,0,0,0,0
8e067faa1909e8c3674558e0f28874d2,whisper,isoko,C,clinical,6.0,0.4444444444444444,0,0,0,0,0,0,0,0,0,0,0,0
8edfb1fdb8384702d1edb2995b99f128,whisper,ebira,B,clinical,3.775986394557824,0.5,0,0,0,0,1,1,0,0,0,0,0,0
8f0b5eaf4c3efac9966188653abf9958,whisper,afrikaans,B,general,4.0489795918367335,0.6,0,0,0,0,0,0,0,0,0,1,1,0
8f7597e46eb38afa0d5ea20bbc785540,whisper,urhobo,B,clinical,3.920997732426304,0.0,0,0,0,0,0,0,0,0,0,1,1,0
8f938b62694f880c6488230b1a167846,whisper,hausa,A,clinical,14.372993197278912,0.13157894736842105,0,0,0,0,0,0,0,0,0,1,1,0
8f96acfb2f96d743f369f9d800711ea4,whisper,eket,C,clinical,5.70498866213152,0.0,3,3,0,0,0,0,0,0,0,0,0,0
90e3c94c91b77cbb0007c5478c9bc7d0,whisper,isoko,C,clinical,10.026984126984129,0.0,1,1,0,0,1,1,0,0,0,0,0,0
9259dde6b27dc39fcc0779e36d0bec02,whisper,kikuyu,C,clinical,13.447981859410431,1.0,0,0,0,0,0,0,0,0,0,1,0,1
927f85be5b655d2292720b02da67a9f2,whisper,pidgin,B,clinical,9.99,0.21052631578947367,1,0,0,1,0,0,0,0,0,0,0,0
93c43bd94eaaab1cb53328ea72a27dcf,whisper,yoruba,A,clinical,13.222993197278912,0.041666666666666664,2,2,0,0,1,1,0,0,0,0,0,0
93cd3ed3b7a6575d02bb23a2594b31d9,whisper,yoruba,A,general,13.272993197278913,0.2857142857142857,0,0,0,0,1,1,0,0,0,0,0,0
94a84a0f3f82fccfb5d198d9398ac92d,whisper,ijaw,A,clinical,4.612993197278912,1.1666666666666667,1,0,0,1,1,1,0,0,0,0,0,0
9505e3e628561706ade58cb28cbf9571,whisper,etche,C,general,8.697981859410431,0.1,0,0,0,0,0,0,0,0,0,1,1,0
950669fd990036359a84fc27a609d98b,whisper,hausa,A,clinical,18.23698412698413,1.0384615384615385,1,0,0,1,1,1,0,0,0,0,0,0
957f35f6f15f3598a944d8e025c18c1e,whisper,hausa,A,clinical,6.780997732426304,0.375,0,0,0,0,1,1,0,0,0,0,0,0
95db94bcf9a5dca2090b618996026b61,whisper,mada,C,clinical,20.990997732426305,0.7058823529411765,1,0,0,1,1,1,0,0,0,0,0,0
95fa8e2c87066c1af0f44e735ee21a99,whisper,hausa,A,general,11.317981859410429,0.06896551724137931,0,0,0,0,1,1,0,0,0,0,0,0
96c0239bebf9812f391113c433a60ac3,whisper,swahili,A,clinical,5.814988662131518,0.5555555555555556,0,0,0,0,1,1,0,0,0,1,0,1
97936c2d37f2f43efc1a3f0b0b3c0ca9,whisper,ijaw,A,clinical,9.66498866213152,0.25,0,0,0,0,2,2,0,0,0,0,0,0
98aa283c0ebaafc5a1021d01ba1bdb5b,whisper,igala,B,general,5.274988662131519,1.1,0,0,0,0,0,0,0,0,0,0,0,0
997f3e37861b711e251f7700dab7d53a,whisper,tshivenda,C,clinical,4.538979591836736,0.0,0,0,0,0,0,0,0,0,0,1,1,0
9a375dac7ab12b6d59cffdb932f4d50b,whisper,hausa,A,clinical,9.162993197278912,0.05263157894736842,1,0,0,1,0,0,0,0,0,0,0,0
9aaf2cdb126cc34675679f50c7ff2bfb,whisper,afrikaans,B,general,14.677981859410432,0.3333333333333333,0,0,0,0,0,0,0,0,0,1,1,0
9b77c0e08123645da710316db5a2a744,whisper,zulu,B,clinical,8.968979591836733,0.10526315789473684,0,0,0,0,0,0,0,0,0,1,1,0
9b7de9c3315540a63648b9c1212db787,whisper,jaba,C,clinical,6.871995464852607,0.5555555555555556,1,0,0,1,0,0,0,0,0,0,0,0
9b9b2265f35006044cd94c19382172a2,whisper,eggon,C,clinical,19.874,0.34285714285714286,0,0,0,0,0,0,0,0,0,0,0,0
9c9e25effae29bb7faa7f6b5abafd60f,whisper,ebiobo,C,general,15.058979591836732,0.21875,0,0,0,0,0,0,0,0,0,1,1,0
9d62c73869bfa4589aee1a01b7a44c1a,whisper,yoruba,A,general,14.159,0.3333333333333333,0,0,0,0,0,0,0,0,0,1,1,0
9d77d58566ed0e963ae1123e3ab50cee,whisper,idoma,B,clinical,9.138979591836735,0.29411764705882354,0,0,0,0,2,2,0,0,0,0,0,0
9dea8cff438f7e22cf9a4d61087d16ab,whisper,ebira,B,clinical,10.545986394557824,0.05555555555555555,0,0,0,0,0,0,0,0,0,0,0,0
a118dd3124494bfe59ab23ed58e83735,whisper,idah,C,clinical,12.0,0.6842105263157895,0,0,0,0,3,2,0,0,1,0,0,0
a2fb0dd7428a4afcfef9223224d462ad,whisper,ijaw,A,clinical,11.867981859410431,0.08333333333333333,0,0,0,0,0,0,0,0,0,1,1,0
a353deca19dba9aaadeba0044ccefe20,whisper,hausa,A,clinical,10.531995464852606,0.28,0,0,0,0,0,0,0,0,0,1,1,0
a3b4630a9a8ccf82303417432c662d3f,whisper,berom,C,clinical,13.0,0.2857142857142857,0,0,0,0,1,1,0,0,0,0,0,0
a46605b3fdc92295cbd88bb861487e58,whisper,ijaw,A,general,7.959,0.5882352941176471,0,0,0,0,0,0,0,0,0,1,0,1
a52cc1bdf941a9b4d76061ddbda05072,whisper,igbo,A,clinical,9.0,0.8823529411764706,1,0,0,1,1,1,0,0,0,0,0,0
a5798eafcf34ba74b77d75babf9453f4,whisper,ibibio,B,clinical,9.503,0.1111111111111111,0,0,0,0,0,0,0,0,0,1,1,0
a7046fce47c40b1fd7e5e841203d129f,whisper,urhobo,B,clinical,6.163990929705213,0.0,0,0,0,0,0,0,0,0,0,0,0,0
a725f065187b21c5cda1720bc7307bac,whisper,ijaw,A,clinical,7.512993197278911,0.25,0,0,0,0,1,1,0,0,0,0,0,0
a8b08dfb2d86e274967be71c137de2c2,whisper,idoma,B,general,12.248979591836736,0.5625,1,0,0,1,0,0,0,0,0,0,0,0
a8c855fb76476df248ee0277b5d8b74a,whisper,hausa,A,clinical,20.98897959183673,0.35714285714285715,2,2,0,0,1,0,0,0,1,0,0,0
a8e2b5e688be73125346995ac9c7e3b9,whisper,angas,C,general,17.781,0.6666666666666666,0,0,0,0,0,0,0,0,0,3,3,0
a9929f0f04802faa3110256ee76330c7,whisper,ekpeye,C,clinical,6.576984126984128,0.3333333333333333,0,0,0,0,1,1,0,0,0,0,0,0
a9a96ccbe9944292c08bc630aaee1d78,whisper,idoma,B,clinical,12.12498866213152,0.21052631578947367,3,2,0,1,2,2,0,0,0,0,0,0
aa3d0d5b66d4e3ae1d00cd720b8a0fb7,whisper,mwaghavul,C,clinical,16.00498866213152,0.14285714285714285,2,0,0,2,1,1,0,0,0,0,0,0
aa6e5d8125f7b4f9c74f5b74eed331d8,whisper,ika,C,clinical,5.746984126984128,0.18181818181818182,0,0,0,0,1,1,0,0,0,0,0,0
abbacd486f68114d3be9c86359b1e565,whisper,igala,B,clinical,6.033990929705213,0.14285714285714285,0,0,0,0,0,0,0,0,0,0,0,0
ae325b61688d7cdf1c957b28284fab2b,whisper,swahili,A,clinical,12.295986394557824,0.10714285714285714,0,0,0,0,0,0,0,0,0,1,1,0
aeffc6466b2f3e6a60d1a381c6688d62,whisper,igbo,A,general,6.988979591836735,0.6666666666666666,0,0,0,0,1,0,1,0,0,0,0,0
af4fbadeeb6f189c5d29e6526fa0b02c,whisper,idoma,B,clinical,3.92,0.125,2,2,0,0,0,0,0,0,0,0,0,0
b24705a3414d9d448da6c5d657098adc,whisper,ikulu,C,clinical,5.472993197278911,0.0,0,0,0,0,0,0,0,0,0,1,1,0
b29c9ccbdadf5706af0da73171953752,whisper,ijaw,A,clinical,3.0,0.4,0,0,0,0,0,0,0,0,0,0,0,0
b2f73812d854cc5de1224b16333c2edd,whisper,bassa,C,clinical,12.925986394557825,0.125,0,0,0,0,1,1,0,0,0,0,0,0
b3a46c19d0e26a91d003c51e4d40b66e,whisper,epie,C,general,3.5789795918367338,0.25,0,0,0,0,0,0,0,0,0,1,1,0
b4b5d6f2dce941b2f1d22953049bb28a,whisper,setswana,B,clinical,13.51,0.0,0,0,0,0,0,0,0,0,0,0,0,0
b4c2f327368753233244635f8bd0e980,whisper,hausa,A,general,20.922993197278917,0.4444444444444444,0,0,0,0,0,0,0,0,0,3,3,0
b53fd41101f96b2aea36486ef2cf32d1,whisper,igbo,A,general,16.473,0.1956521739130435,0,0,0,0,0,0,0,0,0,1,1,0
b5537cc2227d417320c5c9b624c7d7e3,whisper,anaang,C,general,12.588979591836734,0.05,0,0,0,0,0,0,0,0,0,2,2,0
b5ac61338506de6f0dfc1419176d52e1,whisper,eket,C,clinical,3.0,0.25,0,0,0,0,1,1,0,0,0,0,0,0
b5c1bb84af7f05994706e272a24dea4f,whisper,ibibio,B,clinical,12.0,0.3076923076923077,0,0,0,0,0,0,0,0,0,1,1,0
b60b6db14f8aa8fc2ea581d656cc9b84,whisper,tswana,B,clinical,12.248979591836736,0.3125,0,0,0,0,0,0,0,0,0,0,0,0
b6c10264bc38c5cce35f58fba4d4ac93,whisper,tswana,B,general,7.414988662131518,0.1,0,0,0,0,1,1,0,0,0,0,0,0
b6dc046fa03571546013240f45550672,whisper,afemai,C,general,14.606984126984129,0.28,0,0,0,0,1,1,0,0,0,0,0,0
b89670db369c7e025fb0d74ca94533af,whisper,hausa,A,clinical,8.254988662131518,0.6153846153846154,2,0,0,2,2,1,0,0,1,0,0,0
b985d09f630047d9a23f4b60488cf2df,whisper,ebiobo,C,clinical,8.171995464852607,0.47619047619047616,0,0,0,0,0,0,0,0,0,0,0,0
b9fbfa440d2ba2a19ff2e1f37ee2edf4,whisper,yoruba,A,clinical,27.0,0.2972972972972973,1,0,0,1,1,1,0,0,0,0,0,0
ba4536f44ae1cc6bddd1d886a68e77a2,whisper,bini,C,general,17.893,0.4166666666666667,0,0,0,0,0,0,0,0,0,0,0,0
bb3702b2a7ae80986cc8dcd132ff2928,whisper,kalabari,C,clinical,7.512993197278911,0.1111111111111111,1,1,0,0,0,0,0,0,0,0,0,0
bba103cc3c5381ab96a3534523d83143,whisper,igbo,A,clinical,6.463990929705216,0.2,0,0,0,0,2,2,0,0,0,0,0,0
bc0fcabcbdffb9b9c95fb48c01a78fa4,whisper,esan,B,general,10.978,0.17647058823529413,0,0,0,0,0,0,0,0,0,0,0,0
bc60654d276884a19cbba4a0bf10264b,whisper,fulani,C,clinical,6.014988662131518,0.25,0,0,0,0,0,0,0,0,0,1,1,0
bd6c36ca7dfb7303fc8ca6e11274a52f,whisper,isixhosa,C,clinical,15.852993197278913,0.16,2,1,1,0,0,0,0,0,0,0,0,0
bd7164ebfc3bc1eb03c9bc65c4eee3ea,whisper,igbo,A,clinical,8.0,0.09090909090909091,0,0,0,0,2,2,0,0,0,0,0,0
bde569d1c5436b9011e7291e0591791d,whisper,itsekiri,C,clinical,7.268979591836735,0.2,1,0,0,1,1,1,0,0,0,0,0,0
beddeac62f5277f00a937c79f65eaa98,whisper,igbo,A,clinical,3.3079818594104307,0.0,0,0,0,0,0,0,0,0,0,1,1,0
bf2e25f55b7c3f78fa0971450e093825,whisper,igala,B,clinical,5.743990929705213,0.2222222222222222,1,1,0,0,0,0,0,0,0,0,0,0
bf51a31d5dd31e4cf53a49972014a88a,whisper,mwaghavul,C,clinical,20.0,0.5384615384615384,0,0,0,0,1,1,0,0,0,0,0,0
bf5c981afa3eaf5cf847e9a91c4dcb83,whisper,ishan,C,clinical,11.0,0.4166666666666667,0,0,0,0,1,1,0,0,0,0,0,0
bf5dddc0e1db7a94bae1da89c7e8b641,whisper,ebira,B,general,5.734988662131518,0.4,0,0,0,0,0,0,0,0,0,1,1,0
bfd411fa6e39fb7fb11f7264221e139a,whisper,ekene,C,clinical,15.750997732426304,0.36,0,0,0,0,1,1,0,0,0,0,0,0
bfe3e8e78193cbd5085be65385a200f4,whisper,ijaw,A,clinical,9.598979591836734,0.15384615384615385,0,0,0,0,0,0,0,0,0,0,0,0
bfeb15fa6cda5bc99eca0dfa907afdfd,whisper,igarra,C,clinical,9.383990929705217,0.9090909090909091,1,0,0,1,1,0,0,0,1,0,0,0
c0129f011c7f51034d4049452fcc1841,whisper,ibibio,B,clinical,15.578979591836736,0.08695652173913043,0,0,0,0,0,0,0,0,0,1,1,0
c08715672b66e97854b8d32304a36be0,whisper,kiswahili,B,clinical,15.862993197278907,1.0,0,0,0,0,1,0,0,0,1,0,0,0
c0a962e9ab1e4b0165f645072d036ce7,whisper,ebira,B,clinical,5.558979591836735,0.5454545454545454,0,0,0,0,1,0,0,0,1,0,0,0
c0a9d8722ec57a9d7c0014132185a05a,whisper,hausa,A,clinical,6.0,0.3333333333333333,2,1,1,0,0,0,0,0,0,0,0,0
c18453be6b19c1812bdbeb7e32666683,whisper,hausa,A,clinical,23.62299319727891,0.4642857142857143,0,0,0,0,0,0,0,0,0,2,1,1
c1e3308cab67e506b32e54dd90442496,whisper,esan,B,clinical,11.58498866213152,0.05,0,0,0,0,0,0,0,0,0,0,0,0
c1f7f12ce0f372096b7ff58acc8a0da1,whisper,bagi,C,clinical,17.07498866213152,0.28,1,1,0,0,1,1,0,0,0,0,0,0
c2093acb790a4bbcaf0367cecfa15793,whisper,igbo,A,clinical,6.99498866213152,0.625,0,0,0,0,0,0,0,0,0,2,1,1
c24ca3c05f7a3ea93c9730277869ed87,whisper,setswana,B,clinical,15.407981859410429,0.09090909090909091,1,1,0,0,0,0,0,0,0,1,1,0
c2cc345671d456fb13daafe8657d0b7c,whisper,yoruba,A,clinical,5.0,0.5,0,0,0,0,2,2,0,0,0,0,0,0
c34acbbf1a1226d808f10333aaca4bf4,whisper,luhya,B,clinical,16.961995464852606,0.375,1,1,0,0,0,0,0,0,0,0,0,0
c361cf1ef4cfa79c13cac6ea5f92ff83,whisper,swahili,A,clinical,15.348979591836734,0.375,2,0,0,2,0,0,0,0,0,0,0,0
c43d8faa6efe9020bdd669a67ba1e988,whisper,efik,C,clinical,20.207981859410427,0.5384615384615384,2,1,1,0,3,3,0,0,0,0,0,0
c47e225f1fdd18aa59a04019c6f785d8,whisper,igbo,A,clinical,6.095986394557822,0.2222222222222222,1,1,0,0,0,0,0,0,0,0,0,0
c4e5db30026158b54bfc69f86dcc3258,whisper,ijaw,A,general,13.038979591836734,0.20833333333333334,0,0,0,0,0,0,0,0,0,1,1,0
c55c2f342f2c47bf07bc91edf2aa07db,whisper,luhya,B,clinical,9.97,1.0,0,0,0,0,0,0,0,0,0,1,0,1
c57908e428d843a4751c1d649dde1178,whisper,kubi,C,clinical,26.02498866213152,0.16216216216216217,0,0,0,0,0,0,0,0,0,1,1,0
c6073369acecc5ec76f8510e65ef8614,whisper,zulu,B,clinical,3.8859863945578232,0.3333333333333333,0,0,0,0,0,0,0,0,0,1,1,0
c638fd27f4d7996caa3ec3583be2bb60,whisper,yoruba,A,clinical,12.211995464852608,0.125,0,0,0,0,0,0,0,0,0,1,1,0
c68f2256b87f8a4adc634437ca9b0f0e,whisper,hausa,A,clinical,7.142993197278911,0.3125,0,0,0,0,1,1,0,0,0,0,0,0
c6e4a13479f20b955c13a901233174be,whisper,hausa,A,general,13.992993197278912,0.2608695652173913,0,0,0,0,0,0,0,0,0,2,2,0
c80332f56b08b4af535215343ffdb008,whisper,ijaw,A,clinical,4.0,0.25,0,0,0,0,0,0,0,0,0,0,0,0
c81f7d7f5506ebee6b071632c19f6a74,whisper,kiswahili,B,clinical,4.044988662131519,0.6,0,0,0,0,0,0,0,0,0,0,0,0
c8bc671bb9c88eb4ee2f3f7acf2b2d83,whisper,swahili,A,clinical,9.706984126984128,0.16666666666666666,1,1,0,0,0,0,0,0,0,0,0,0
c90270fe8da819633527fc66957c3e0e,whisper,epie,C,clinical,10.266984126984129,0.23076923076923078,0,0,0,0,2,2,0,0,0,0,0,0
c9af813320164ec2d868bb1bc7107012,whisper,twi,B,clinical,15.130997732426303,0.14285714285714285,0,0,0,0,0,0,0,0,0,0,0,0
c9b1aa14e33d19190eb01cb073e67ca5,whisper,xhosa,B,clinical,18.89698412698413,0.2222222222222222,1,1,0,0,0,0,0,0,0,0,0,0
c9e6be5a8915f5ac8ee4ff3732b8e27d,whisper,ijaw,A,clinical,13.1,0.06896551724137931,0,0,0,0,0,0,0,0,0,0,0,0
ca5a139af5252ba9ef0157f1e4b22f7e,whisper,gbagyi,C,general,12.820997732426305,0.48,0,0,0,0,1,1,0,0,0,0,0,0
cab8b585c413020c52712fa86d9487f2,whisper,kubi,C,clinical,14.596984126984127,0.23529411764705882,1,1,0,0,0,0,0,0,0,0,0,0
cbae4b87a1f5bc0e8de8a2e61063c7cc,whisper,nembe,B,clinical,6.1379818594104325,0.2857142857142857,0,0,0,0,0,0,0,0,0,0,0,0
cc47565e8d7adaaaf7309137e1c21d0c,whisper,swahili,A,clinical,9.356984126984129,0.13636363636363635,0,0,0,0,0,0,0,0,0,1,1,0
cd46e47931741d1adcb0e5ba77a8d010,whisper,ijaw,A,clinical,3.17498866213152,0.5,0,0,0,0,0,0,0,0,0,1,1,0
cdad5949ae6301810466710c9fa591b7,whisper,gbagyi,C,clinical,7.198979591836735,0.5,1,0,0,1,1,1,0,0,0,0,0,0
ce1c6816a2d6aece987ed5c0f8fb8c67,whisper,luhya,B,clinical,12.33498866213152,1.3870967741935485,0,0,0,0,0,0,0,0,0,1,0,1
ce44e5e5a82a4afd35c8538c0c3cbeee,whisper,igbo,A,clinical,12.760997732426304,0.3888888888888889,1,0,0,1,0,0,0,0,0,0,0,0
ce9a55efb983e8cf0a58ab235b03459b,whisper,english,C,clinical,23.14199546485261,0.3076923076923077,1,1,0,0,0,0,0,0,0,0,0,0
cee69f2a5332655a8e0bf4626e3c67c5,whisper,ibibio,B,clinical,10.0,0.8,2,1,0,1,0,0,0,0,0,0,0,0
cf42ee5d7ae6579d20f480a8cf8dc00f,whisper,ibibio,B,clinical,13.421995464852609,0.35294117647058826,0,0,0,0,1,1,0,0,0,0,0,0
cf605b3aaadbd365452e997fbc78122d,whisper,efik,C,clinical,7.005986394557822,0.5,1,0,1,0,1,1,0,0,0,0,0,0
cf9e560da122091075155bf203bc061b,whisper,ekene,C,clinical,27.58,0.44,2,2,0,0,1,1,0,0,0,0,0,0
cff6c42bb0e070671ce4482817dacae6,whisper,esan,B,clinical,7.4289795918367325,0.15384615384615385,0,0,0,0,0,0,0,0,0,0,0,0
cffb22f74419c3c64c0eb8234d12bdcd,whisper,afo,C,clinical,9.0,0.125,0,0,0,0,0,0,0,0,0,1,1,0
d025ca163e46bd07f76b54c80e2d7562,whisper,luhya,B,clinical,24.85698412698413,0.9375,2,2,0,0,0,0,0,0,0,0,0,0
d04a848381afea5745f98dbcbf9ee80f,whisper,isizulu,B,clinical,16.11,0.2857142857142857,0,0,0,0,0,0,0,0,0,1,1,0
d51141cb8b8c69ccbae5e69b3a85832f,whisper,swahili,A,clinical,11.951995464852608,0.23809523809523808,0,0,0,0,0,0,0,0,0,1,1,0
d53c251ca9fcee3437d49bf595de21af,whisper,brass,C,general,11.813990929705216,0.07692307692307693,1,1,0,0,0,0,0,0,0,0,0,0
d5df2d0d9bc0b327323e86a090a5afaf,whisper,ebira,B,clinical,17.368979591836734,0.3793103448275862,0,0,0,0,0,0,0,0,0,1,1,0
d64ef7571efd986614e51b3f967dc538,whisper,kiswahili,B,clinical,6.910997732426304,0.16666666666666666,0,0,0,0,0,0,0,0,0,0,0,0
d82cec807957c626355a5aa710d2c1e9,whisper,ika,C,general,15.050999999999998,0.25,0,0,0,0,1,1,0,0,0,0,0,0
da96d824075f3a27194aa3105fabdb3f,whisper,yoruba,A,clinical,4.0,0.0,0,0,0,0,0,0,0,0,0,1,1,0
dca135e2059101c69a99b599fefb2e63,whisper,yoruba,A,clinical,10.706984126984128,0.5,0,0,0,0,1,1,0,0,0,0,0,0
dce11a83cfa477b7e54bace09a6c72ab,whisper,setswana,B,clinical,9.73,1.4,0,0,0,0,0,0,0,0,0,0,0,0
dfbf35c19cdf6a9ff063b4413c7a8ade,whisper,bajju,C,general,5.868979591836735,0.14285714285714285,0,0,0,0,0,0,0,0,0,0,0,0
e1a7ef99d4301ae5fb02a2fdb6290892,whisper,bini,C,clinical,9.992993197278912,0.14285714285714285,0,0,0,0,1,1,0,0,0,0,0,0
e1c132d095f85bfed63e72a4b98754c7,whisper,setswana,B,clinical,3.930997732426304,0.5,0,0,0,0,0,0,0,0,0,0,0,0
e21c6a3572a320ef6fd314479996dbfe,whisper,isizulu,B,clinical,9.032,0.3333333333333333,1,1,0,0,0,0,0,0,0,0,0,0
e235ca5879e5ab635a97d0467e147d33,whisper,swahili,A,clinical,4.502993197278912,0.18181818181818182,0,0,0,0,0,0,0,0,0,1,1,0
e26375e505bd69d631d8e779d4a6c32a,whisper,tswana,B,clinical,5.706984126984128,0.2857142857142857,0,0,0,0,0,0,0,0,0,0,0,0
e32346ae5bad64b430d42948b2dd4225,whisper,ibibio,B,clinical,6.673990929705216,0.14285714285714285,0,0,0,0,0,0,0,0,0,1,1,0
e3a7d9091147bd74122b59cb6ba816cd,whisper,idoma,B,general,9.079,0.25,0,0,0,0,0,0,0,0,0,1,1,0
e3ae499884ba5b46b1264679259e3e7e,whisper,bekwarra,C,clinical,3.2389795918367352,0.38461538461538464,0,0,0,0,0,0,0,0,0,1,1,0
e44def0e0c4fb7e4581331126b026d8a,whisper,kinyarwanda,B,clinical,6.488979591836735,0.2222222222222222,0,0,0,0,0,0,0,0,0,0,0,0
e5ce8868512511ee2359edb7581199ac,whisper,yoruba,A,general,11.206984126984128,0.10526315789473684,0,0,0,0,0,0,0,0,0,1,1,0
e8b7e1c7a72f411ccac63c301f5e2b21,whisper,itsekiri,C,clinical,6.708979591836735,0.0,0,0,0,0,1,1,0,0,0,0,0,0
e93bbe4d1f5fec38bdc67bdf4085dacf,whisper,tswana,B,clinical,4.277,0.8571428571428571,0,0,0,0,0,0,0,0,0,0,0,0
ea0178f69e36f46afc081864d2b648e0,whisper,ibibio,B,clinical,11.0,0.375,0,0,0,0,1,1,0,0,0,0,0,0
ea252ca5cac42505a2bd8a34e4c85b1f,whisper,bagi,C,clinical,5.0,0.5555555555555556,0,0,0,0,1,1,0,0,0,0,0,0
eaa66b82d267fa11b54cf412eb32aab3,whisper,idoma,B,clinical,6.0889795918367335,0.0,0,0,0,0,1,1,0,0,0,0,0,0
ec18809717922ca38ceeb713515fbcff,whisper,sesotho,C,clinical,9.367981859410431,0.2631578947368421,1,0,0,1,0,0,0,0,0,0,0,0
ecc5561dd3b2cec2a760cee4904eb10a,whisper,agatu,C,clinical,8.347981859410433,0.4166666666666667,0,0,0,0,0,0,0,0,0,1,1,0
eda5cd7e0be3da8b39ad74b2d5c37381,whisper,igbo,A,general,16.11,0.34615384615384615,0,0,0,0,0,0,0,0,0,1,1,0
edaf4944e378023b5211a41d8ff5fbcf,whisper,sotho,C,clinical,5.100997732426304,0.0,0,0,0,0,0,0,0,0,0,1,1,0
edcbfd194d2c3327560d151ce1fe8a79,whisper,akan,C,clinical,11.998979591836736,0.2608695652173913,0,0,0,0,0,0,0,0,0,1,1,0
ee52a0bb537315a9e13798dc8dfbd627,whisper,idoma,B,clinical,8.0,0.5555555555555556,1,0,0,1,0,0,0,0,0,0,0,0
ee9c796e757ac3a2493c10bd9d7029c5,whisper,yoruba,A,clinical,7.847981859410432,1.4,0,0,0,0,1,0,0,0,1,0,0,0
efa38753b6f1cbfc85a3645af80e5622,whisper,fulani,C,clinical,6.015986394557822,0.6666666666666666,0,0,0,0,1,1,0,0,0,0,0,0
efde0eff1bca67a8c55def3095b09e12,whisper,twi,B,general,9.472,0.8888888888888888,0,0,0,0,0,0,0,0,0,2,2,0
f1c88ce543440298faaed9f743d579de,whisper,hausa,A,clinical,3.3679818594104307,1.0,1,0,0,1,0,0,0,0,0,0,0,0
f35c3b8b14cbfe94fb29531cf31e2a3b,whisper,afo,C,general,7.2129931972789105,0.2222222222222222,0,0,0,0,0,0,0,0,0,0,0,0
f36039967f4f81776a24fa5f769152db,whisper,yoruba,A,clinical,11.31,0.07407407407407407,0,0,0,0,0,0,0,0,0,1,1,0
f3a266a1442b1ddb146734a1dd3de00f,whisper,kiswahili,B,clinical,7.538979591836735,0.3,0,0,0,0,0,0,0,0,0,0,0,0
f42411fa2e88c397f558c7be352de659,whisper,setswana,B,clinical,6.626,0.23529411764705882,0,0,0,0,0,0,0,0,0,1,1,0
f50ecd838b405b25f806c9b0805e9463,whisper,yoruba,A,clinical,3.744988662131519,0.3333333333333333,0,0,0,0,0,0,0,0,0,1,1,0
f5861fe5b8ef2ed843c5a50bbeb7789d,whisper,akan,C,general,12.378979591836734,0.36,0,0,0,0,0,0,0,0,0,1,1,0
f5cb123d9ff58506553397ea7d69d50a,whisper,etche,C,clinical,18.0,0.5,1,0,0,1,1,0,0,1,0,0,0,0
f5d36926fb98abbddd16fabda29e3a0f,whisper,hausa,A,general,5.627981859410431,0.3,0,0,0,0,0,0,0,0,0,1,1,0
f685934ebfac5fa0ea4371a3f6cf8c2f,whisper,ukwuani,C,clinical,7.866,0.6,0,0,0,0,1,1,0,0,0,0,0,0
f7eb4020bbab9fb28abf844188cf318f,whisper,eleme,C,clinical,22.762993197278917,0.2727272727272727,2,2,0,0,1,1,0,0,0,0,0,0
f865a5b4098532da11a3e8ae5fbe9437,whisper,delta,C,general,9.34,0.32,0,0,0,0,0,0,0,0,0,1,1,0
f90956b98a371a04fb2d01be89fe11cf,whisper,yoruba,A,clinical,6.411995464852607,0.42857142857142855,0,0,0,0,0,0,0,0,0,1,0,1
f921ed1237445f75f1a9bf01f51d67b5,whisper,hausa,A,clinical,4.6189795918367365,0.0,0,0,0,0,0,0,0,0,0,1,1,0
f92f66f90ef1f17e7ee8f36bb8789a74,whisper,pidgin,B,clinical,6.160997732426304,0.1111111111111111,0,0,0,0,0,0,0,0,0,0,0,0
f9895f1dfdd8f6a5125d62fb0c48a239,whisper,idoma,B,clinical,27.398979591836728,0.13793103448275862,3,3,0,0,1,1,0,0,0,0,0,0
f9d382a85887f71391ed1baeffa37815,whisper,setswana,B,clinical,4.526984126984127,0.3333333333333333,0,0,0,0,0,0,0,0,0,0,0,0
fb226674b17933ee5365ba61f4e6f578,whisper,etche,C,clinical,12.076984126984124,0.5,0,0,0,0,2,0,0,0,2,0,0,0
fba01cb73f0d8d871f0853aa7c80967a,whisper,ijaw,A,clinical,3.340997732426304,0.375,0,0,0,0,0,0,0,0,0,0,0,0
fbb74c6452c0cd8839a84a8e8a6edeab,whisper,akan,C,clinical,13.588979591836734,0.16666666666666666,2,1,0,1,0,0,0,0,0,0,0,0
fca326ffdcd8311027371f04df2374b8,whisper,nembe,B,clinical,4.71,0.1,0,0,0,0,0,0,0,0,0,0,0,0
fe691b1c80b20d7f4eefc0066d839b4e,whisper,swahili,A,general,21.153990929705216,0.14285714285714285,0,0,0,0,0,0,0,0,0,1,1,0
fee673e2873fadc73dd490534e420519,whisper,twi,B,clinical,14.442993197278913,0.8571428571428571,0,0,0,0,0,0,0,0,0,1,1,0
